Date,SP500_TR,STOXX50_TR
2015-01-02,3768.679931640625,31.700000762939453
2015-01-05,3700.030029296875,30.524999618530273
2015-01-06,3667.139892578125,30.295000076293945
2015-01-07,3710.93994140625,30.524999618530273
2015-01-08,3777.39990234375,31.6299991607666
2015-01-09,3745.669921875,30.7450008392334
2015-01-12,3715.360107421875,31.125
2015-01-13,3706.14990234375,31.6299991607666
2015-01-14,3684.719970703125,31.219999313354492
2015-01-15,3650.739990234375,31.875
2015-01-16,3699.7900390625,32.31999969482422
2015-01-19,3699.7900390625,32.53499984741211
2015-01-20,3705.639892578125,32.7599983215332
2015-01-21,3723.6201171875,33.025001525878906
2015-01-22,3780.510009765625,33.5099983215332
2015-01-23,3759.760009765625,34.19499969482422
2015-01-26,3769.449951171875,34.45000076293945
2015-01-27,3718.989990234375,34.095001220703125
2015-01-28,3669.10009765625,33.94499969482422
2015-01-29,3704.35009765625,34.08000183105469
2015-01-30,3656.280029296875,33.880001068115234
2015-02-02,3703.77001953125,34.084999084472656
2015-02-03,3757.340087890625,34.46500015258789
2015-02-04,3742.840087890625,34.5099983215332
2015-02-05,3782.110107421875,34.494998931884766
2015-02-06,3770.199951171875,34.31999969482422
2015-02-09,3754.360107421875,33.869998931884766
2015-02-10,3794.6201171875,34.21500015258789
2015-02-11,3795.820068359375,34.11000061035156
2015-02-12,3833.35009765625,34.51499938964844
2015-02-13,3849.2900390625,34.779998779296875
2015-02-16,3849.2900390625,34.724998474121094
2015-02-17,3856.0400390625,34.70500183105469
2015-02-18,3855.0,35.0
2015-02-19,3851.530029296875,35.23500061035156
2015-02-20,3875.60009765625,35.292999267578125
2015-02-23,3874.4599609375,35.560001373291016
2015-02-24,3885.27001953125,35.814998626708984
2015-02-25,3882.949951171875,35.790000915527344
2015-02-26,3877.85009765625,36.14500045776367
2015-02-27,3866.419921875,36.36000061035156
2015-03-02,3890.320068359375,36.29999923706055
2015-03-03,3872.7099609375,35.875
2015-03-04,3856.510009765625,36.18000030517578
2015-03-05,3861.2900390625,36.54999923706055
2015-03-06,3807.0400390625,36.54499816894531
2015-03-09,3822.419921875,36.5
2015-03-10,3757.830078125,36.064998626708984
2015-03-11,3751.199951171875,36.875
2015-03-12,3799.429931640625,36.790000915527344
2015-03-13,3776.43994140625,36.96500015258789
2015-03-16,3827.6201171875,37.21500015258789
2015-03-17,3814.909912109375,36.90999984741211
2015-03-18,3861.389892578125,36.8650016784668
2015-03-19,3842.6201171875,36.88999938964844
2015-03-20,3877.260009765625,37.45000076293945
2015-03-23,3870.489990234375,37.209999084472656
2015-03-24,3847.050048828125,37.5
2015-03-25,3791.1298828125,37.064998626708984
2015-03-26,3782.2099609375,36.900001525878906
2015-03-27,3791.89990234375,37.005001068115234
2015-03-30,3838.64990234375,37.51499938964844
2015-03-31,3805.27001953125,37.16999816894531
2015-04-01,3790.659912109375,37.400001525878906
2015-04-02,3804.139892578125,37.439998626708984
2015-04-06,3829.31005859375,37.439998626708984
2015-04-07,3821.489990234375,37.93000030517578
2015-04-08,3833.199951171875,37.720001220703125
2015-04-09,3850.2900390625,38.060001373291016
2015-04-10,3870.31005859375,38.43000030517578
2015-04-13,3852.929931640625,38.57500076293945
2015-04-14,3859.219970703125,38.125
2015-04-15,3879.10009765625,38.310001373291016
2015-04-16,3876.169921875,37.845001220703125
2015-04-17,3832.330078125,37.06999969482422
2015-04-20,3867.820068359375,37.48500061035156
2015-04-21,3862.14990234375,37.525001525878906
2015-04-22,3881.929931640625,37.54999923706055
2015-04-23,3891.4599609375,37.29999923706055
2015-04-24,3900.239990234375,37.494998931884766
2015-04-27,3884.10009765625,38.099998474121094
2015-04-28,3895.2099609375,37.54999923706055
2015-04-29,3880.89990234375,36.53499984741211
2015-04-30,3841.780029296875,36.564998626708984
2015-05-01,3883.75,36.564998626708984
2015-05-04,3895.159912109375,36.79499816894531
2015-05-05,3849.409912109375,35.97999954223633
2015-05-06,3833.699951171875,36.03499984741211
2015-05-07,3849.1298828125,36.099998474121094
2015-05-08,3901.010009765625,37.04999923706055
2015-05-11,3881.929931640625,36.900001525878906
2015-05-12,3870.68994140625,36.41999816894531
2015-05-13,3870.360107421875,36.20000076293945
2015-05-14,3912.52001953125,36.720001220703125
2015-05-15,3915.989990234375,36.459999084472656
2015-05-18,3928.14990234375,36.685001373291016
2015-05-19,3926.409912109375,37.470001220703125
2015-05-20,3923.179931640625,37.64500045776367
2015-05-21,3932.89990234375,37.724998474121094
2015-05-22,3924.159912109375,37.68000030517578
2015-05-26,3883.8798828125,37.18000030517578
2015-05-27,3920.110107421875,37.709999084472656
2015-05-28,3915.820068359375,37.43000030517578
2015-05-29,3891.179931640625,36.625
2015-06-01,3899.590087890625,36.63999938964844
2015-06-02,3895.85009765625,36.53499984741211
2015-06-03,3904.830078125,36.72999954223633
2015-06-04,3871.22998046875,36.459999084472656
2015-06-05,3865.830078125,35.95000076293945
2015-06-08,3841.449951171875,35.6150016784668
2015-06-09,3843.159912109375,35.494998931884766
2015-06-10,3889.699951171875,36.21500015258789
2015-06-11,3897.590087890625,36.52000045776367
2015-06-12,3870.56005859375,35.9900016784668
2015-06-15,3852.75,35.119998931884766
2015-06-16,3874.72998046875,35.275001525878906
2015-06-17,3882.489990234375,35.0099983215332
2015-06-18,3921.429931640625,35.220001220703125
2015-06-19,3900.639892578125,35.314998626708984
2015-06-22,3924.409912109375,36.790000915527344
2015-06-23,3927.22998046875,37.07500076293945
2015-06-24,3898.469970703125,36.91999816894531
2015-06-25,3887.0400390625,36.875
2015-06-26,3886.2099609375,37.0
2015-06-29,3805.5,35.43000030517578
2015-06-30,3815.85009765625,35.05500030517578
2015-07-01,3843.260009765625,35.70500183105469
2015-07-02,3842.06005859375,35.3849983215332
2015-07-03,3842.06005859375,35.244998931884766
2015-07-06,3827.35009765625,34.43000030517578
2015-07-07,3850.659912109375,33.720001220703125
2015-07-08,3787.669921875,34.029998779296875
2015-07-09,3796.260009765625,34.95000076293945
2015-07-10,3843.10009765625,36.10499954223633
2015-07-13,3885.969970703125,36.685001373291016
2015-07-14,3903.31005859375,36.904998779296875
2015-07-15,3900.5,37.10499954223633
2015-07-16,3931.85009765625,37.60499954223633
2015-07-17,3936.219970703125,37.52000045776367
2015-07-20,3939.35009765625,37.70000076293945
2015-07-21,3922.699951171875,37.27000045776367
2015-07-22,3913.75,37.20000076293945
2015-07-23,3891.7900390625,37.154998779296875
2015-07-24,3850.14990234375,36.810001373291016
2015-07-27,3827.929931640625,35.92499923706055
2015-07-28,3875.3701171875,36.345001220703125
2015-07-29,3904.2099609375,36.540000915527344
2015-07-30,3904.639892578125,36.6150016784668
2015-07-31,3895.800048828125,36.834999084472656
2015-08-03,3885.070068359375,37.154998779296875
2015-08-04,3876.43994140625,37.04499816894531
2015-08-05,3889.989990234375,37.595001220703125
2015-08-06,3860.919921875,37.5
2015-08-07,3849.9599609375,37.20500183105469
2015-08-10,3899.360107421875,37.595001220703125
2015-08-11,3862.81005859375,36.904998779296875
2015-08-12,3867.3701171875,35.64500045776367
2015-08-13,3863.030029296875,35.97999954223633
2015-08-14,3878.159912109375,35.709999084472656
2015-08-17,3899.10009765625,35.76499938964844
2015-08-18,3889.60009765625,35.75
2015-08-19,3857.739990234375,35.064998626708984
2015-08-20,3776.360107421875,34.310001373291016
2015-08-21,3656.669921875,33.20000076293945
2015-08-24,3512.64990234375,31.469999313354492
2015-08-25,3465.18994140625,32.96500015258789
2015-08-26,3600.72998046875,32.45000076293945
2015-08-27,3688.60009765625,33.630001068115234
2015-08-28,3691.300048828125,33.630001068115234
2015-08-31,3660.75,33.45000076293945
2015-09-01,3552.64990234375,32.61000061035156
2015-09-02,3618.25,32.685001373291016
2015-09-03,3622.659912109375,33.45500183105469
2015-09-04,3567.409912109375,32.5
2015-09-07,3567.409912109375,32.71500015258789
2015-09-08,3657.320068359375,33.04499816894531
2015-09-09,3606.800048828125,33.439998626708984
2015-09-10,3626.139892578125,32.959999084472656
2015-09-11,3643.5400390625,32.650001525878906
2015-09-14,3628.8701171875,32.435001373291016
2015-09-15,3675.47998046875,32.20500183105469
2015-09-16,3707.6201171875,32.630001068115234
2015-09-17,3698.739990234375,32.650001525878906
2015-09-18,3638.989990234375,31.645000457763672
2015-09-21,3655.639892578125,31.96500015258789
2015-09-22,3610.699951171875,30.860000610351562
2015-09-23,3603.489990234375,30.920000076293945
2015-09-24,3591.3701171875,30.295000076293945
2015-09-25,3589.7099609375,31.264999389648438
2015-09-28,3498.610107421875,30.520000457763672
2015-09-29,3503.1298828125,30.399999618530273
2015-09-30,3570.169921875,31.114999771118164
2015-10-01,3577.469970703125,30.84000015258789
2015-10-02,3629.0400390625,31.03499984741211
2015-10-05,3695.610107421875,32.03499984741211
2015-10-06,3682.330078125,32.30500030517578
2015-10-07,3713.360107421875,32.375
2015-10-08,3746.1201171875,32.42499923706055
2015-10-09,3748.9599609375,32.625
2015-10-12,3753.72998046875,32.599998474121094
2015-10-13,3728.47998046875,32.36000061035156
2015-10-14,3711.110107421875,32.05500030517578
2015-10-15,3766.429931640625,32.52000045776367
2015-10-16,3783.639892578125,32.790000915527344
2015-10-19,3784.719970703125,32.8650016784668
2015-10-20,3779.43994140625,32.70000076293945
2015-10-21,3757.909912109375,32.875
2015-10-22,3820.489990234375,33.70000076293945
2015-10-23,3862.64990234375,34.39500045776367
2015-10-26,3855.2900390625,34.31999969482422
2015-10-27,3845.449951171875,33.959999084472656
2015-10-28,3891.340087890625,34.349998474121094
2015-10-29,3890.0400390625,34.29999923706055
2015-10-30,3871.330078125,34.31999969482422
2015-11-02,3917.300048828125,34.4900016784668
2015-11-03,3928.050048828125,34.599998474121094
2015-11-04,3915.52001953125,34.525001525878906
2015-11-05,3911.889892578125,34.654998779296875
2015-11-06,3910.97998046875,34.83000183105469
2015-11-09,3873.3701171875,34.32500076293945
2015-11-10,3880.22998046875,34.435001373291016
2015-11-11,3867.7099609375,34.63999938964844
2015-11-12,3814.2900390625,34.064998626708984
2015-11-13,3771.590087890625,33.79999923706055
2015-11-16,3828.4599609375,33.81999969482422
2015-11-17,3824.139892578125,34.724998474121094
2015-11-18,3886.260009765625,34.529998779296875
2015-11-19,3882.06005859375,34.67499923706055
2015-11-20,3897.449951171875,34.7400016784668
2015-11-23,3892.800048828125,34.67499923706055
2015-11-24,3897.669921875,34.33000183105469
2015-11-25,3897.570068359375,34.81999969482422
2015-11-26,3897.570068359375,35.185001373291016
2015-11-27,3900.739990234375,35.09000015258789
2015-11-30,3882.840087890625,35.2400016784668
2015-12-01,3924.6298828125,34.974998474121094
2015-12-02,3882.3798828125,34.88999938964844
2015-12-03,3826.739990234375,33.560001373291016
2015-12-04,3905.31005859375,33.5099983215332
2015-12-07,3878.31005859375,33.81999969482422
2015-12-08,3853.47998046875,33.185001373291016
2015-12-09,3823.89990234375,32.994998931884766
2015-12-10,3832.929931640625,32.904998779296875
2015-12-11,3759.090087890625,32.2599983215332
2015-12-14,3777.219970703125,31.584999084472656
2015-12-15,3817.360107421875,32.54499816894531
2015-12-16,3873.1201171875,32.57500076293945
2015-12-17,3815.4599609375,33.165000915527344
2015-12-18,3747.56005859375,32.709999084472656
2015-12-21,3777.14990234375,32.25
2015-12-22,3810.85009765625,32.33000183105469
2015-12-23,3858.469970703125,33.005001068115234
2015-12-24,3852.31005859375,33.005001068115234
2015-12-25,3852.31005859375,33.005001068115234
2015-12-28,3843.93994140625,32.69499969482422
2015-12-29,3885.550048828125,33.279998779296875
2015-12-30,3857.89990234375,33.095001220703125
2015-12-31,3821.60009765625,33.095001220703125
2016-01-04,3763.989990234375,31.75
2016-01-05,3771.570068359375,31.885000228881836
2016-01-06,3723.43994140625,31.5
2016-01-07,3635.2900390625,30.969999313354492
2016-01-08,3595.909912109375,30.440000534057617
2016-01-11,3598.969970703125,30.434999465942383
2016-01-12,3627.06005859375,30.735000610351562
2016-01-13,3536.919921875,30.905000686645508
2016-01-14,3596.030029296875,30.3799991607666
2016-01-15,3518.510009765625,29.6200008392334
2016-01-18,3518.510009765625,29.479999542236328
2016-01-19,3520.39990234375,29.969999313354492
2016-01-20,3479.75,28.979999542236328
2016-01-21,3497.93994140625,29.579999923706055
2016-01-22,3568.89990234375,30.34000015258789
2016-01-25,3513.110107421875,30.190000534057617
2016-01-26,3562.81005859375,30.46500015258789
2016-01-27,3524.330078125,30.625
2016-01-28,3544.1298828125,29.940000534057617
2016-01-29,3631.9599609375,30.594999313354492
2016-02-01,3630.4599609375,30.434999465942383
2016-02-02,3562.52001953125,29.674999237060547
2016-02-03,3581.530029296875,29.094999313354492
2016-02-04,3587.7099609375,29.264999389648438
2016-02-05,3521.60009765625,28.989999771118164
2016-02-08,3472.080078125,28.010000228881836
2016-02-09,3470.5,27.479999542236328
2016-02-10,3471.0400390625,28.049999237060547
2016-02-11,3428.989990234375,27.010000228881836
2016-02-12,3496.280029296875,27.719999313354492
2016-02-15,3496.280029296875,28.524999618530273
2016-02-16,3555.199951171875,28.395000457763672
2016-02-17,3614.159912109375,29.114999771118164
2016-02-18,3597.489990234375,29.145000457763672
2016-02-19,3597.919921875,28.860000610351562
2016-02-22,3649.919921875,29.4950008392334
2016-02-23,3604.679931640625,29.06999969482422
2016-02-24,3620.8701171875,28.3799991607666
2016-02-25,3662.840087890625,28.924999237060547
2016-02-26,3656.419921875,29.475000381469727
2016-02-29,3627.06005859375,29.68000030517578
2016-03-01,3713.699951171875,30.15999984741211
2016-03-02,3729.590087890625,30.3700008392334
2016-03-03,3743.02001953125,30.28499984741211
2016-03-04,3755.469970703125,30.55500030517578
2016-03-07,3759.050048828125,30.43000030517578
2016-03-08,3717.489990234375,30.200000762939453
2016-03-09,3736.919921875,30.315000534057617
2016-03-10,3737.739990234375,29.915000915527344
2016-03-11,3800.070068359375,30.875
2016-03-14,3795.530029296875,31.1200008392334
2016-03-15,3788.6201171875,30.704999923706055
2016-03-16,3810.090087890625,30.670000076293945
2016-03-17,3835.260009765625,30.454999923706055
2016-03-18,3852.14990234375,30.639999389648438
2016-03-21,3855.969970703125,30.565000534057617
2016-03-22,3853.179931640625,30.545000076293945
2016-03-23,3828.580078125,30.489999771118164
2016-03-24,3827.139892578125,29.954999923706055
2016-03-28,3829.260009765625,29.954999923706055
2016-03-29,3863.800048828125,30.104999542236328
2016-03-30,3881.010009765625,30.5
2016-03-31,3873.110107421875,30.15999984741211
2016-04-01,3897.659912109375,29.600000381469727
2016-04-04,3886.0,29.690000534057617
2016-04-05,3846.590087890625,28.979999542236328
2016-04-06,3888.409912109375,29.174999237060547
2016-04-07,3841.97998046875,28.875
2016-04-08,3852.719970703125,29.184999465942383
2016-04-11,3842.169921875,29.364999771118164
2016-04-12,3879.419921875,29.545000076293945
2016-04-13,3918.949951171875,30.514999389648438
2016-04-14,3920.030029296875,30.725000381469727
2016-04-15,3916.169921875,30.649999618530273
2016-04-18,3941.860107421875,30.760000228881836
2016-04-19,3954.010009765625,31.274999618530273
2016-04-20,3957.25,31.565000534057617
2016-04-21,3936.800048828125,31.665000915527344
2016-04-22,3937.0,31.559999465942383
2016-04-25,3929.8798828125,31.315000534057617
2016-04-26,3937.22998046875,31.389999389648438
2016-04-27,3944.02001953125,31.514999389648438
2016-04-28,3907.8798828125,31.475000381469727
2016-04-29,3888.1298828125,30.545000076293945
2016-05-02,3918.530029296875,30.639999389648438
2016-05-03,3884.6298828125,30.125
2016-05-04,3862.39990234375,29.729999542236328
2016-05-05,3862.39990234375,29.860000610351562
2016-05-06,3875.179931640625,29.844999313354492
2016-05-09,3878.139892578125,30.059999465942383
2016-05-10,3926.6298828125,30.334999084472656
2016-05-11,3891.1298828125,30.1299991607666
2016-05-12,3890.85009765625,29.895000457763672
2016-05-13,3858.169921875,30.104999542236328
2016-05-16,3896.360107421875,30.104999542236328
2016-05-17,3860.8798828125,30.0
2016-05-18,3862.25,30.209999084472656
2016-05-19,3847.969970703125,29.815000534057617
2016-05-20,3871.75,30.2549991607666
2016-05-23,3863.820068359375,30.030000686645508
2016-05-24,3916.77001953125,30.815000534057617
2016-05-25,3944.330078125,31.364999771118164
2016-05-26,3944.050048828125,31.479999542236328
2016-05-27,3961.669921875,31.59000015258789
2016-05-30,3961.669921875,31.655000686645508
2016-05-31,3957.949951171875,31.399999618530273
2016-06-01,3963.10009765625,31.145000457763672
2016-06-02,3974.760009765625,31.149999618530273
2016-06-03,3963.22998046875,30.799999237060547
2016-06-06,3982.739990234375,30.850000381469727
2016-06-07,3987.9599609375,31.260000228881836
2016-06-08,4001.97998046875,31.084999084472656
2016-06-09,3995.280029296875,30.760000228881836
2016-06-10,3958.679931640625,29.934999465942383
2016-06-13,3927.72998046875,29.329999923706055
2016-06-14,3920.929931640625,28.790000915527344
2016-06-15,3914.02001953125,28.854999542236328
2016-06-16,3926.929931640625,28.7549991607666
2016-06-17,3914.14990234375,29.040000915527344
2016-06-20,3936.909912109375,30.075000762939453
2016-06-21,3947.93994140625,30.290000915527344
2016-06-22,3941.449951171875,30.40999984741211
2016-06-23,3994.179931640625,31.03499984741211
2016-06-24,3850.699951171875,28.325000762939453
2016-06-27,3781.02001953125,27.4950008392334
2016-06-28,3849.050048828125,28.174999237060547
2016-06-29,3915.10009765625,28.90999984741211
2016-06-30,3968.2099609375,29.235000610351562
2016-07-01,3976.679931640625,29.415000915527344
2016-07-04,3976.679931640625,29.209999084472656
2016-07-05,3949.719970703125,28.75
2016-07-06,3972.260009765625,28.239999771118164
2016-07-07,3969.18994140625,28.43000030517578
2016-07-08,4029.75,28.9950008392334
2016-07-11,4043.489990234375,29.469999313354492
2016-07-12,4071.85009765625,29.940000534057617
2016-07-13,4072.77001953125,29.895000457763672
2016-07-14,4094.280029296875,30.290000915527344
2016-07-15,4090.489990234375,30.209999084472656
2016-07-18,4100.39990234375,30.1299991607666
2016-07-19,4094.610107421875,29.934999465942383
2016-07-20,4112.60986328125,30.280000686645508
2016-07-21,4097.81982421875,30.299999237060547
2016-07-22,4116.5,30.34000015258789
2016-07-25,4104.1298828125,30.350000381469727
2016-07-26,4105.56982421875,30.415000915527344
2016-07-27,4100.81005859375,30.6299991607666
2016-07-28,4107.75,30.315000534057617
2016-07-29,4114.509765625,30.540000915527344
2016-08-01,4109.27978515625,30.34000015258789
2016-08-02,4083.25,29.704999923706055
2016-08-03,4097.2998046875,29.709999084472656
2016-08-04,4099.2099609375,29.934999465942383
2016-08-05,4134.56005859375,30.395000457763672
2016-08-08,4131.18994140625,30.5049991607666
2016-08-09,4132.9599609375,30.924999237060547
2016-08-10,4122.64990234375,30.834999084472656
2016-08-11,4142.72021484375,31.18000030517578
2016-08-12,4139.6298828125,31.1299991607666
2016-08-15,4151.68994140625,31.1299991607666
2016-08-16,4129.68017578125,30.825000762939453
2016-08-17,4138.419921875,30.450000762939453
2016-08-18,4147.64013671875,30.6299991607666
2016-08-19,4142.22998046875,30.329999923706055
2016-08-22,4139.97021484375,30.25
2016-08-23,4148.16015625,30.559999465942383
2016-08-24,4126.64990234375,30.7450008392334
2016-08-25,4121.08984375,30.549999237060547
2016-08-26,4114.68017578125,30.780000686645508
2016-08-29,4136.75,30.645000457763672
2016-08-30,4129.33984375,30.96500015258789
2016-08-31,4120.2900390625,30.885000228881836
2016-09-01,4120.169921875,30.860000610351562
2016-09-02,4137.7001953125,31.475000381469727
2016-09-05,4137.7001953125,31.475000381469727
2016-09-06,4150.10986328125,31.399999618530273
2016-09-07,4150.509765625,31.594999313354492
2016-09-08,4141.4599609375,31.530000686645508
2016-09-09,4039.949951171875,31.235000610351562
2016-09-12,4099.47021484375,30.809999465942383
2016-09-13,4039.919921875,30.43000030517578
2016-09-14,4037.830078125,30.30500030517578
2016-09-15,4079.320068359375,29.795000076293945
2016-09-16,4063.969970703125,29.459999084472656
2016-09-19,4063.93994140625,29.790000915527344
2016-09-20,4065.199951171875,29.725000381469727
2016-09-21,4109.6298828125,29.899999618530273
2016-09-22,4136.41015625,30.579999923706055
2016-09-23,4112.68994140625,30.420000076293945
2016-09-26,4077.7099609375,29.8700008392334
2016-09-27,4104.18017578125,29.809999465942383
2016-09-28,4126.830078125,30.030000686645508
2016-09-29,4088.469970703125,30.03499984741211
2016-09-30,4121.06005859375,30.15999984741211
2016-10-03,4108.1298828125,30.15999984741211
2016-10-04,4088.169921875,30.40999984741211
2016-10-05,4107.39990234375,30.375
2016-10-06,4109.490234375,30.31999969482422
2016-10-07,4096.25,30.104999542236328
2016-10-10,4115.1201171875,30.479999542236328
2016-10-11,4063.919921875,30.31999969482422
2016-10-12,4068.919921875,30.21500015258789
2016-10-13,4056.449951171875,29.889999389648438
2016-10-14,4057.280029296875,30.375
2016-10-17,4045.070068359375,30.204999923706055
2016-10-18,4069.989990234375,30.600000381469727
2016-10-19,4079.5,30.684999465942383
2016-10-20,4074.179931640625,30.895000457763672
2016-10-21,4073.85009765625,30.875
2016-10-24,4093.219970703125,31.040000915527344
2016-10-25,4077.800048828125,30.9950008392334
2016-10-26,4070.760009765625,30.96500015258789
2016-10-27,4058.75,30.9950008392334
2016-10-28,4046.360107421875,30.96500015258789
2016-10-31,4045.889892578125,30.739999771118164
2016-11-01,4018.469970703125,30.360000610351562
2016-11-02,3992.760009765625,29.934999465942383
2016-11-03,3976.56005859375,29.864999771118164
2016-11-04,3970.02001953125,29.69499969482422
2016-11-07,4058.300048828125,30.225000381469727
2016-11-08,4075.610107421875,30.385000228881836
2016-11-09,4121.02978515625,30.725000381469727
2016-11-10,4129.4599609375,30.610000610351562
2016-11-11,4123.68994140625,30.46500015258789
2016-11-14,4123.81005859375,30.565000534057617
2016-11-15,4155.6201171875,30.674999237060547
2016-11-16,4150.2099609375,30.46500015258789
2016-11-17,4169.8701171875,30.610000610351562
2016-11-18,4160.580078125,30.3799991607666
2016-11-21,4191.68017578125,30.514999389648438
2016-11-22,4200.9501953125,30.6200008392334
2016-11-23,4204.490234375,30.4950008392334
2016-11-24,4204.490234375,30.610000610351562
2016-11-25,4221.02001953125,30.65999984741211
2016-11-28,4199.39013671875,30.325000762939453
2016-11-29,4205.990234375,30.614999771118164
2016-11-30,4195.72998046875,30.719999313354492
2016-12-01,4181.14990234375,30.540000915527344
2016-12-02,4182.81005859375,30.375
2016-12-05,4207.56982421875,30.780000686645508
2016-12-06,4222.0400390625,31.270000457763672
2016-12-07,4278.43994140625,31.674999237060547
2016-12-08,4288.10009765625,32.10499954223633
2016-12-09,4313.60986328125,32.244998931884766
2016-12-12,4308.93994140625,32.244998931884766
2016-12-13,4337.85986328125,32.61000061035156
2016-12-14,4302.93017578125,32.375
2016-12-15,4319.83984375,32.665000915527344
2016-12-16,4312.39990234375,32.7599983215332
2016-12-19,4321.02001953125,32.7599983215332
2016-12-20,4337.35986328125,32.95000076293945
2016-12-21,4326.85009765625,32.91999816894531
2016-12-22,4319.330078125,32.8849983215332
2016-12-23,4325.169921875,32.935001373291016
2016-12-27,4334.93017578125,32.98500061035156
2016-12-28,4299.4501953125,32.994998931884766
2016-12-29,4298.39013671875,32.93000030517578
2016-12-30,4278.66015625,33.08000183105469
2017-01-02,4278.66015625,33.29499816894531
2017-01-03,4315.080078125,33.345001220703125
2017-01-04,4340.75,33.34000015258789
2017-01-05,4337.4501953125,33.3849983215332
2017-01-06,4354.0498046875,33.44499969482422
2017-01-09,4338.6201171875,33.31999969482422
2017-01-10,4338.64013671875,33.28499984741211
2017-01-11,4351.31982421875,33.279998779296875
2017-01-12,4342.08984375,33.084999084472656
2017-01-13,4350.10986328125,33.474998474121094
2017-01-16,4350.10986328125,33.17499923706055
2017-01-17,4337.2001953125,33.04999923706055
2017-01-18,4345.56982421875,33.13999938964844
2017-01-19,4329.9599609375,33.08000183105469
2017-01-20,4344.669921875,33.17499923706055
2017-01-23,4333.10009765625,32.91999816894531
2017-01-24,4361.56005859375,33.01499938964844
2017-01-25,4396.56982421875,33.47999954223633
2017-01-26,4393.43017578125,33.38999938964844
2017-01-27,4389.85009765625,33.25
2017-01-30,4363.669921875,32.845001220703125
2017-01-31,4359.81005859375,32.54999923706055
2017-02-01,4362.10009765625,32.779998779296875
2017-02-02,4364.85009765625,32.79999923706055
2017-02-03,4396.9501953125,32.9900016784668
2017-02-06,4387.669921875,32.63999938964844
2017-02-07,4388.8701171875,32.59000015258789
2017-02-08,4393.31005859375,32.60499954223633
2017-02-09,4419.39990234375,33.02000045776367
2017-02-10,4435.419921875,32.974998474121094
2017-02-13,4459.830078125,33.33000183105469
2017-02-14,4478.97998046875,33.33000183105469
2017-02-15,4501.990234375,33.5
2017-02-16,4498.56005859375,33.3650016784668
2017-02-17,4506.2001953125,33.349998474121094
2017-02-20,4506.2001953125,33.3849983215332
2017-02-21,4533.4599609375,33.654998779296875
2017-02-22,4528.97021484375,33.689998626708984
2017-02-23,4531.39013671875,33.625
2017-02-24,4539.25,33.32500076293945
2017-02-27,4544.509765625,33.345001220703125
2017-02-28,4532.93017578125,33.459999084472656
2017-03-01,4595.72998046875,34.15999984741211
2017-03-02,4569.169921875,34.130001068115234
2017-03-03,4571.60009765625,34.33000183105469
2017-03-06,4556.72021484375,34.16999816894531
2017-03-07,4543.75,34.125
2017-03-08,4534.68017578125,34.17499923706055
2017-03-09,4538.35986328125,34.404998779296875
2017-03-10,4553.27978515625,34.46500015258789
2017-03-13,4556.43994140625,34.439998626708984
2017-03-14,4541.259765625,34.279998779296875
2017-03-15,4579.43994140625,34.23500061035156
2017-03-16,4572.16015625,34.54499816894531
2017-03-17,4566.169921875,34.595001220703125
2017-03-20,4557.1201171875,34.540000915527344
2017-03-21,4500.97998046875,34.47999954223633
2017-03-22,4509.64990234375,34.375
2017-03-23,4504.919921875,34.69499969482422
2017-03-24,4501.10986328125,34.6150016784668
2017-03-27,4496.52978515625,34.55500030517578
2017-03-28,4529.169921875,34.82500076293945
2017-03-29,4535.009765625,34.93000030517578
2017-03-30,4548.4599609375,35.040000915527344
2017-03-31,4538.2099609375,35.220001220703125
2017-04-03,4530.97998046875,34.97999954223633
2017-04-04,4534.25,35.07500076293945
2017-04-05,4520.85986328125,34.94499969482422
2017-04-06,4530.93017578125,35.150001525878906
2017-04-07,4527.2001953125,35.224998474121094
2017-04-10,4530.56982421875,35.03499984741211
2017-04-11,4524.7099609375,34.95500183105469
2017-04-12,4507.759765625,34.900001525878906
2017-04-13,4477.06982421875,34.709999084472656
2017-04-17,4515.64990234375,34.709999084472656
2017-04-18,4502.66015625,34.33000183105469
2017-04-19,4495.56005859375,34.459999084472656
2017-04-20,4529.64990234375,34.64500045776367
2017-04-21,4515.89990234375,34.650001525878906
2017-04-24,4564.93017578125,36.06999969482422
2017-04-25,4592.740234375,36.125
2017-04-26,4590.56005859375,36.04499816894531
2017-04-27,4593.56982421875,35.650001525878906
2017-04-28,4584.81982421875,35.63999938964844
2017-05-01,4592.77978515625,35.63999938964844
2017-05-02,4598.240234375,35.88999938964844
2017-05-03,4593.31982421875,35.970001220703125
2017-05-04,4596.240234375,36.45000076293945
2017-05-05,4615.08984375,36.75
2017-05-08,4615.72998046875,36.650001525878906
2017-05-09,4611.2099609375,36.70500183105469
2017-05-10,4618.18994140625,36.70000076293945
2017-05-11,4609.68994140625,36.51499938964844
2017-05-12,4602.9599609375,36.709999084472656
2017-05-15,4625.509765625,36.83000183105469
2017-05-16,4623.259765625,36.88999938964844
2017-05-17,4540.580078125,36.29499816894531
2017-05-18,4557.41015625,36.040000915527344
2017-05-19,4588.35009765625,36.29499816894531
2017-05-22,4612.1201171875,36.279998779296875
2017-05-23,4620.7001953125,36.48500061035156
2017-05-24,4632.3701171875,36.380001068115234
2017-05-25,4653.58984375,36.345001220703125
2017-05-26,4655.64990234375,36.30500030517578
2017-05-29,4655.64990234375,36.33000183105469
2017-05-30,4650.759765625,36.165000915527344
2017-05-31,4649.33984375,36.11000061035156
2017-06-01,4685.10986328125,36.279998779296875
2017-06-02,4702.56005859375,36.529998779296875
2017-06-05,4697.0,36.529998779296875
2017-06-06,4683.9599609375,36.165000915527344
2017-06-07,4692.2900390625,36.095001220703125
2017-06-08,4693.669921875,36.2599983215332
2017-06-09,4689.7900390625,36.4900016784668
2017-06-12,4685.5400390625,36.095001220703125
2017-06-13,4707.8798828125,36.21500015258789
2017-06-14,4703.52978515625,36.11000061035156
2017-06-15,4693.85986328125,35.66999816894531
2017-06-16,4695.22998046875,35.755001068115234
2017-06-19,4734.47998046875,36.20000076293945
2017-06-20,4702.81982421875,35.970001220703125
2017-06-21,4700.5,35.92499923706055
2017-06-22,4698.39990234375,35.915000915527344
2017-06-23,4705.72998046875,35.79999923706055
2017-06-26,4707.27001953125,35.98500061035156
2017-06-27,4669.27001953125,35.775001525878906
2017-06-28,4711.330078125,35.755001068115234
2017-06-29,4670.9599609375,35.04999923706055
2017-06-30,4678.35986328125,34.81999969482422
2017-07-03,4689.60986328125,35.25
2017-07-04,4689.60986328125,35.13999938964844
2017-07-05,4697.33984375,35.19499969482422
2017-07-06,4655.02001953125,35.01499938964844
2017-07-07,4684.8798828125,35.04999923706055
2017-07-10,4689.25,35.18000030517578
2017-07-11,4685.64013671875,35.04499816894531
2017-07-12,4720.27978515625,35.54999923706055
2017-07-13,4729.25,35.70000076293945
2017-07-14,4751.43017578125,35.689998626708984
2017-07-17,4751.330078125,35.584999084472656
2017-07-18,4754.27001953125,35.209999084472656
2017-07-19,4780.25,35.380001068115234
2017-07-20,4779.83984375,35.3650016784668
2017-07-21,4778.06982421875,34.92499923706055
2017-07-24,4773.10009765625,34.95000076293945
2017-07-25,4787.0400390625,35.17499923706055
2017-07-26,4788.41015625,35.31999969482422
2017-07-27,4784.259765625,35.35499954223633
2017-07-28,4778.02001953125,35.10499954223633
2017-07-31,4774.56005859375,34.94499969482422
2017-08-01,4786.27001953125,35.189998626708984
2017-08-02,4789.5400390625,35.0099983215332
2017-08-03,4779.990234375,35.095001220703125
2017-08-04,4789.10986328125,35.53499984741211
2017-08-07,4797.1298828125,35.505001068115234
2017-08-08,4786.1201171875,35.60499954223633
2017-08-09,4784.93994140625,35.11000061035156
2017-08-10,4717.39990234375,34.72999954223633
2017-08-11,4723.72998046875,34.47999954223633
2017-08-14,4771.43017578125,34.93000030517578
2017-08-15,4770.14990234375,35.060001373291016
2017-08-16,4778.27978515625,35.2599983215332
2017-08-17,4704.72998046875,35.04999923706055
2017-08-18,4696.22021484375,34.8849983215332
2017-08-21,4701.81982421875,34.64500045776367
2017-08-22,4748.72998046875,34.9900016784668
2017-08-23,4732.759765625,34.81999969482422
2017-08-24,4723.02978515625,34.8650016784668
2017-08-25,4731.4599609375,34.83000183105469
2017-08-28,4733.97021484375,34.619998931884766
2017-08-29,4738.6201171875,34.334999084472656
2017-08-30,4761.72021484375,34.47999954223633
2017-08-31,4789.18017578125,34.665000915527344
2017-09-01,4798.990234375,34.8849983215332
2017-09-04,4798.990234375,34.7400016784668
2017-09-05,4762.75,34.665000915527344
2017-09-06,4777.68994140625,34.78499984741211
2017-09-07,4777.93017578125,34.904998779296875
2017-09-08,4771.02001953125,34.904998779296875
2017-09-11,4822.7998046875,35.3849983215332
2017-09-12,4839.31005859375,35.54999923706055
2017-09-13,4843.0400390625,35.650001525878906
2017-09-14,4839.2900390625,35.69499969482422
2017-09-15,4848.83984375,35.0
2017-09-18,4856.080078125,35.15999984741211
2017-09-19,4861.52001953125,35.150001525878906
2017-09-20,4864.60986328125,35.13999938964844
2017-09-21,4849.9501953125,35.30500030517578
2017-09-22,4853.2001953125,35.314998626708984
2017-09-25,4842.41015625,35.279998779296875
2017-09-26,4843.14013671875,35.22999954223633
2017-09-27,4862.93017578125,35.43000030517578
2017-09-28,4869.81005859375,35.52000045776367
2017-09-29,4887.97021484375,35.82500076293945
2017-10-02,4906.919921875,35.91999816894531
2017-10-03,4917.72998046875,35.91999816894531
2017-10-04,4924.18994140625,35.82500076293945
2017-10-05,4952.85009765625,36.025001525878906
2017-10-06,4949.08984375,35.94499969482422
2017-10-09,4940.16015625,35.9900016784668
2017-10-10,4951.77001953125,35.875
2017-10-11,4960.7900390625,35.97999954223633
2017-10-12,4952.85009765625,35.970001220703125
2017-10-13,4957.27001953125,35.970001220703125
2017-10-16,4966.0498046875,35.97999954223633
2017-10-17,4969.3798828125,36.0099983215332
2017-10-18,4973.27978515625,36.09000015258789
2017-10-19,4975.31982421875,35.90999984741211
2017-10-20,5001.10986328125,35.96500015258789
2017-10-23,4981.3701171875,36.03499984741211
2017-10-24,4989.56005859375,36.03499984741211
2017-10-25,4966.2900390625,35.81999969482422
2017-10-26,4972.60009765625,36.310001373291016
2017-10-27,5012.75,36.47999954223633
2017-10-30,4997.14990234375,36.53499984741211
2017-10-31,5002.02978515625,36.53499984741211
2017-11-01,5009.990234375,36.900001525878906
2017-11-02,5011.47998046875,36.834999084472656
2017-11-03,5027.490234375,36.83000183105469
2017-11-06,5034.2998046875,36.775001525878906
2017-11-07,5033.3798828125,36.529998779296875
2017-11-08,5040.740234375,36.44499969482422
2017-11-09,5023.009765625,36.04499816894531
2017-11-10,5020.31005859375,35.849998474121094
2017-11-13,5025.35986328125,35.68000030517578
2017-11-14,5014.52978515625,35.494998931884766
2017-11-15,4987.9599609375,35.39500045776367
2017-11-16,5030.47998046875,35.60499954223633
2017-11-17,5017.4501953125,35.400001525878906
2017-11-20,5024.009765625,35.55500030517578
2017-11-21,5056.9501953125,35.755001068115234
2017-11-22,5053.60009765625,35.595001220703125
2017-11-23,5053.60009765625,35.68000030517578
2017-11-24,5064.22998046875,35.76499938964844
2017-11-27,5062.85009765625,35.58000183105469
2017-11-28,5112.91015625,35.80500030517578
2017-11-29,5111.68017578125,35.849998474121094
2017-11-30,5155.43994140625,35.68000030517578
2017-12-01,5145.2099609375,35.1349983215332
2017-12-04,5139.91015625,35.71500015258789
2017-12-05,5120.919921875,35.654998779296875
2017-12-06,5120.4599609375,35.58000183105469
2017-12-07,5136.3701171875,35.67499923706055
2017-12-08,5165.18994140625,35.89500045776367
2017-12-11,5181.75,35.775001525878906
2017-12-12,5189.9599609375,35.92499923706055
2017-12-13,5187.68017578125,35.775001525878906
2017-12-14,5167.4501953125,35.529998779296875
2017-12-15,5214.10009765625,35.5099983215332
2017-12-18,5242.27978515625,35.959999084472656
2017-12-19,5225.43017578125,35.7400016784668
2017-12-20,5221.7900390625,35.42499923706055
2017-12-21,5232.16015625,35.595001220703125
2017-12-22,5229.7900390625,35.404998779296875
2017-12-26,5224.509765625,35.404998779296875
2017-12-27,5229.009765625,35.39500045776367
2017-12-28,5239.58984375,35.09000015258789
2017-12-29,5212.759765625,35.02000045776367
2018-01-02,5256.27978515625,34.76499938964844
2018-01-03,5289.919921875,34.970001220703125
2018-01-04,5312.330078125,35.54999923706055
2018-01-05,5349.68994140625,35.93000030517578
2018-01-08,5358.68017578125,36.04999923706055
2018-01-09,5367.259765625,36.125
2018-01-10,5361.330078125,35.994998931884766
2018-01-11,5399.4599609375,35.8849983215332
2018-01-12,5435.919921875,36.03499984741211
2018-01-15,5435.919921875,36.040000915527344
2018-01-16,5416.85986328125,36.099998474121094
2018-01-17,5467.85009765625,36.0099983215332
2018-01-18,5459.5,36.10499954223633
2018-01-19,5483.56982421875,36.3650016784668
2018-01-22,5527.89013671875,36.560001373291016
2018-01-23,5540.1298828125,36.60499954223633
2018-01-24,5537.02978515625,36.369998931884766
2018-01-25,5540.3798828125,36.2400016784668
2018-01-26,5606.080078125,36.35499954223633
2018-01-29,5568.669921875,36.34000015258789
2018-01-30,5508.35986328125,36.0099983215332
2018-01-31,5511.2099609375,36.005001068115234
2018-02-01,5508.7001953125,35.709999084472656
2018-02-02,5392.2099609375,35.18000030517578
2018-02-05,5171.259765625,34.72999954223633
2018-02-06,5262.02001953125,33.939998626708984
2018-02-07,5235.83984375,34.5099983215332
2018-02-08,5040.06005859375,33.69499969482422
2018-02-09,5116.990234375,33.224998474121094
2018-02-12,5188.3701171875,33.654998779296875
2018-02-13,5202.22021484375,33.375
2018-02-14,5273.43017578125,33.654998779296875
2018-02-15,5338.35009765625,33.86000061035156
2018-02-16,5340.81982421875,34.224998474121094
2018-02-19,5340.81982421875,34.005001068115234
2018-02-20,5309.990234375,34.31999969482422
2018-02-21,5280.91015625,34.23500061035156
2018-02-22,5286.490234375,34.275001525878906
2018-02-23,5371.56005859375,34.34000015258789
2018-02-26,5435.3798828125,34.595001220703125
2018-02-27,5367.08984375,34.51499938964844
2018-02-28,5308.08984375,34.334999084472656
2018-03-01,5238.18017578125,33.94499969482422
2018-03-02,5265.240234375,33.20000076293945
2018-03-05,5323.35986328125,33.525001525878906
2018-03-06,5337.68994140625,33.525001525878906
2018-03-07,5335.47021484375,33.744998931884766
2018-03-08,5360.72998046875,34.10499954223633
2018-03-09,5454.02978515625,34.150001525878906
2018-03-12,5447.10009765625,34.255001068115234
2018-03-13,5412.75,33.88999938964844
2018-03-14,5383.27001953125,33.89500045776367
2018-03-15,5379.39013671875,34.10499954223633
2018-03-16,5388.740234375,34.36000061035156
2018-03-19,5312.22998046875,33.90999984741211
2018-03-20,5320.2001953125,34.084999084472656
2018-03-21,5310.9599609375,33.970001220703125
2018-03-22,5177.52001953125,33.435001373291016
2018-03-23,5069.02978515625,32.915000915527344
2018-03-26,5206.68994140625,32.73500061035156
2018-03-27,5116.75,33.14500045776367
2018-03-28,5102.68994140625,33.310001373291016
2018-03-29,5173.18994140625,33.61000061035156
2018-04-02,5057.68994140625,33.61000061035156
2018-04-03,5121.7001953125,33.439998626708984
2018-04-04,5181.31005859375,33.345001220703125
2018-04-05,5217.6201171875,34.28499984741211
2018-04-06,5103.35009765625,34.095001220703125
2018-04-09,5121.89990234375,34.22999954223633
2018-04-10,5207.72998046875,34.404998779296875
2018-04-11,5179.18994140625,34.22999954223633
2018-04-12,5222.5498046875,34.46500015258789
2018-04-13,5207.56982421875,34.529998779296875
2018-04-16,5249.93994140625,34.44499969482422
2018-04-17,5305.89990234375,34.86000061035156
2018-04-18,5310.31982421875,34.974998474121094
2018-04-19,5280.56982421875,34.935001373291016
2018-04-20,5235.75,35.02000045776367
2018-04-23,5236.0400390625,35.20500183105469
2018-04-24,5166.10009765625,35.165000915527344
2018-04-25,5175.58984375,34.94499969482422
2018-04-26,5229.60986328125,35.2400016784668
2018-04-27,5235.72998046875,35.369998931884766
2018-04-30,5193.0400390625,35.54499816894531
2018-05-01,5206.31005859375,35.54499816894531
2018-05-02,5168.7900390625,35.75
2018-05-03,5157.7001953125,35.54999923706055
2018-05-04,5224.7099609375,35.775001525878906
2018-05-07,5242.8701171875,35.974998474121094
2018-05-08,5241.52978515625,35.904998779296875
2018-05-09,5292.89990234375,36.01499938964844
2018-05-10,5343.7001953125,36.099998474121094
2018-05-11,5354.68994140625,36.11000061035156
2018-05-14,5359.66015625,36.084999084472656
2018-05-15,5323.22998046875,36.09000015258789
2018-05-16,5346.330078125,36.06999969482422
2018-05-17,5343.2900390625,36.349998474121094
2018-05-18,5329.66015625,36.27000045776367
2018-05-21,5369.18994140625,36.27000045776367
2018-05-22,5352.4501953125,36.439998626708984
2018-05-23,5369.990234375,35.974998474121094
2018-05-24,5359.31982421875,35.76499938964844
2018-05-25,5347.31005859375,35.709999084472656
2018-05-28,5347.31005859375,35.42499923706055
2018-05-29,5285.7001953125,34.8849983215332
2018-05-30,5353.759765625,35.14500045776367
2018-05-31,5318.10009765625,34.775001525878906
2018-06-01,5376.2900390625,35.279998779296875
2018-06-04,5400.5,35.404998779296875
2018-06-05,5404.6201171875,35.290000915527344
2018-06-06,5451.08984375,35.349998474121094
2018-06-07,5448.18017578125,35.3650016784668
2018-06-08,5465.419921875,35.224998474121094
2018-06-11,5471.2900390625,35.59000015258789
2018-06-12,5481.06982421875,35.54499816894531
2018-06-13,5459.2099609375,35.59000015258789
2018-06-14,5474.3701171875,36.08000183105469
2018-06-15,5469.3701171875,35.53499984741211
2018-06-18,5457.830078125,35.1349983215332
2018-06-19,5436.1298828125,34.845001220703125
2018-06-20,5445.43017578125,34.900001525878906
2018-06-21,5411.39990234375,34.51499938964844
2018-06-22,5421.6298828125,34.900001525878906
2018-06-25,5347.22998046875,34.185001373291016
2018-06-26,5359.009765625,34.17499923706055
2018-06-27,5312.89013671875,34.42499923706055
2018-06-28,5346.43994140625,34.10499954223633
2018-06-29,5350.830078125,34.48500061035156
2018-07-02,5367.490234375,34.209999084472656
2018-07-03,5340.93017578125,34.564998626708984
2018-07-04,5340.93017578125,34.619998931884766
2018-07-05,5388.27978515625,34.93000030517578
2018-07-06,5434.35986328125,34.96500015258789
2018-07-09,5483.89013671875,35.130001068115234
2018-07-10,5503.0498046875,35.26499938964844
2018-07-11,5464.009765625,34.75
2018-07-12,5512.35986328125,34.935001373291016
2018-07-13,5518.330078125,35.03499984741211
2018-07-16,5512.919921875,35.005001068115234
2018-07-17,5534.91015625,35.08000183105469
2018-07-18,5546.85986328125,35.349998474121094
2018-07-19,5525.509765625,35.22999954223633
2018-07-20,5520.5,35.10499954223633
2018-07-23,5530.66015625,35.040000915527344
2018-07-24,5557.3701171875,35.334999084472656
2018-07-25,5607.990234375,35.18000030517578
2018-07-26,5590.990234375,35.59000015258789
2018-07-27,5554.31005859375,35.78499984741211
2018-07-30,5522.81005859375,35.6349983215332
2018-07-31,5549.9599609375,35.810001373291016
2018-08-01,5544.18994140625,35.6150016784668
2018-08-02,5572.080078125,35.22999954223633
2018-08-03,5598.7099609375,35.349998474121094
2018-08-06,5619.0498046875,35.349998474121094
2018-08-07,5634.97998046875,35.59000015258789
2018-08-08,5633.669921875,35.459999084472656
2018-08-09,5627.0,35.47999954223633
2018-08-10,5588.66015625,34.82500076293945
2018-08-13,5566.35986328125,34.630001068115234
2018-08-14,5602.41015625,34.6150016784668
2018-08-15,5560.85009765625,34.04499816894531
2018-08-16,5606.56005859375,34.29999923706055
2018-08-17,5625.66015625,34.244998931884766
2018-08-20,5639.52978515625,34.459999084472656
2018-08-21,5651.39013671875,34.65999984741211
2018-08-22,5649.31005859375,34.724998474121094
2018-08-23,5640.10009765625,34.724998474121094
2018-08-24,5675.1201171875,34.834999084472656
2018-08-27,5719.2998046875,35.095001220703125
2018-08-28,5720.89013671875,35.040000915527344
2018-08-29,5754.0,35.1349983215332
2018-08-30,5729.4501953125,34.849998474121094
2018-08-31,5730.7998046875,34.44499969482422
2018-09-03,5730.7998046875,34.4900016784668
2018-09-04,5721.85986328125,34.099998474121094
2018-09-05,5705.85986328125,33.650001525878906
2018-09-06,5686.7001953125,33.46500015258789
2018-09-07,5674.580078125,33.459999084472656
2018-09-10,5685.33984375,33.599998474121094
2018-09-11,5706.990234375,33.64500045776367
2018-09-12,5709.080078125,33.77000045776367
2018-09-13,5740.75,33.8650016784668
2018-09-14,5743.18994140625,33.95500183105469
2018-09-17,5711.2900390625,33.45000076293945
2018-09-18,5742.18017578125,33.560001373291016
2018-09-19,5749.39013671875,33.665000915527344
2018-09-20,5794.72021484375,34.040000915527344
2018-09-21,5792.72021484375,34.29999923706055
2018-09-24,5772.35986328125,34.095001220703125
2018-09-25,5765.25,34.220001220703125
2018-09-26,5746.27001953125,34.3650016784668
2018-09-27,5763.22021484375,34.525001525878906
2018-09-28,5763.419921875,34.0099983215332
2018-10-01,5784.4501953125,34.16999816894531
2018-10-02,5782.3701171875,33.904998779296875
2018-10-03,5786.47998046875,33.904998779296875
2018-10-04,5740.56005859375,33.755001068115234
2018-10-05,5708.89990234375,33.439998626708984
2018-10-08,5706.66015625,33.06999969482422
2018-10-09,5700.22998046875,33.22999954223633
2018-10-10,5512.93994140625,32.685001373291016
2018-10-11,5399.5400390625,32.095001220703125
2018-10-12,5476.830078125,31.969999313354492
2018-10-15,5444.60986328125,32.125
2018-10-16,5561.7998046875,32.57500076293945
2018-10-17,5560.6201171875,32.470001220703125
2018-10-18,5481.1298828125,32.130001068115234
2018-10-19,5479.2998046875,32.1349983215332
2018-10-22,5455.8798828125,31.954999923706055
2018-10-23,5426.080078125,31.454999923706055
2018-10-24,5258.60986328125,31.325000762939453
2018-10-25,5356.5400390625,31.645000457763672
2018-10-26,5263.740234375,31.389999389648438
2018-10-29,5229.27978515625,31.594999313354492
2018-10-30,5311.669921875,31.5
2018-10-31,5369.490234375,32.029998779296875
2018-11-01,5426.330078125,32.060001373291016
2018-11-02,5392.52978515625,32.165000915527344
2018-11-05,5422.8798828125,32.19499969482422
2018-11-06,5457.25,32.130001068115234
2018-11-07,5573.06005859375,32.525001525878906
2018-11-08,5562.0,32.404998779296875
2018-11-09,5511.7900390625,32.35499954223633
2018-11-12,5403.18994140625,31.979999542236328
2018-11-13,5395.3701171875,32.290000915527344
2018-11-14,5355.93994140625,32.04499816894531
2018-11-15,5414.43017578125,31.954999923706055
2018-11-16,5426.85986328125,31.854999542236328
2018-11-19,5336.7001953125,31.635000228881836
2018-11-20,5240.22998046875,31.209999084472656
2018-11-21,5256.60986328125,31.579999923706055
2018-11-22,5256.60986328125,31.309999465942383
2018-11-23,5222.43017578125,31.40999984741211
2018-11-26,5304.169921875,31.764999389648438
2018-11-27,5321.52001953125,31.7450008392334
2018-11-28,5444.1201171875,31.739999771118164
2018-11-29,5433.490234375,31.815000534057617
2018-11-30,5478.91015625,31.780000686645508
2018-12-03,5538.85986328125,32.209999084472656
2018-12-04,5359.91015625,31.954999923706055
2018-12-05,5359.91015625,31.545000076293945
2018-12-06,5353.43017578125,30.559999465942383
2018-12-07,5229.43994140625,30.65999984741211
2018-12-10,5238.7001953125,30.229999542236328
2018-12-11,5237.10009765625,30.6299991607666
2018-12-12,5265.52978515625,31.149999618530273
2018-12-13,5265.4599609375,31.204999923706055
2018-12-14,5165.60009765625,31.0049991607666
2018-12-17,5058.580078125,30.6299991607666
2018-12-18,5059.33984375,30.475000381469727
2018-12-19,4981.919921875,30.579999923706055
2018-12-20,4903.4599609375,30.03499984741211
2018-12-21,4802.509765625,30.045000076293945
2018-12-24,4672.66015625,30.045000076293945
2018-12-26,4904.490234375,30.045000076293945
2018-12-27,4946.93994140625,29.389999389648438
2018-12-28,4941.60986328125,29.954999923706055
2018-12-31,4984.22021484375,29.954999923706055
2019-01-02,4990.56005859375,30.0049991607666
2019-01-03,4868.2998046875,29.614999771118164
2019-01-04,5035.4501953125,30.469999313354492
2019-01-07,5070.759765625,30.399999618530273
2019-01-08,5120.0400390625,30.59000015258789
2019-01-09,5142.66015625,30.760000228881836
2019-01-10,5165.89013671875,30.81999969482422
2019-01-11,5165.14990234375,30.7450008392334
2019-01-14,5138.580078125,30.614999771118164
2019-01-15,5193.77978515625,30.719999313354492
2019-01-16,5205.4501953125,30.834999084472656
2019-01-17,5245.47998046875,30.735000610351562
2019-01-18,5314.77978515625,31.399999618530273
2019-01-21,5314.77978515625,31.28499984741211
2019-01-22,5239.75,31.184999465942383
2019-01-23,5251.2900390625,31.170000076293945
2019-01-24,5258.68994140625,31.309999465942383
2019-01-25,5303.509765625,31.665000915527344
2019-01-28,5261.8798828125,31.405000686645508
2019-01-29,5254.31005859375,31.584999084472656
2019-01-30,5336.60009765625,31.68000030517578
2019-01-31,5383.6298828125,31.68000030517578
2019-02-01,5389.18994140625,31.809999465942383
2019-02-04,5425.7998046875,31.764999389648438
2019-02-05,5451.39990234375,32.244998931884766
2019-02-06,5439.7998046875,32.209999084472656
2019-02-07,5389.68994140625,31.600000381469727
2019-02-08,5395.1201171875,31.479999542236328
2019-02-11,5399.0,31.739999771118164
2019-02-12,5468.97998046875,32.005001068115234
2019-02-13,5485.97021484375,32.125
2019-02-14,5473.330078125,31.94499969482422
2019-02-15,5533.27001953125,32.52000045776367
2019-02-18,5533.27001953125,32.56999969482422
2019-02-19,5541.97998046875,32.525001525878906
2019-02-20,5552.89990234375,32.720001220703125
2019-02-21,5533.7998046875,32.77000045776367
2019-02-22,5569.4501953125,32.83000183105469
2019-02-25,5577.08984375,32.92499923706055
2019-02-26,5572.740234375,32.994998931884766
2019-02-27,5570.56982421875,32.939998626708984
2019-02-28,5556.490234375,33.09000015258789
2019-03-01,5595.10986328125,33.255001068115234
2019-03-04,5573.52978515625,33.28499984741211
2019-03-05,5567.39990234375,33.38999938964844
2019-03-06,5531.33984375,33.36000061035156
2019-03-07,5487.56005859375,33.255001068115234
2019-03-08,5476.39013671875,32.96500015258789
2019-03-11,5556.77001953125,33.154998779296875
2019-03-12,5556.77001953125,33.16999816894531
2019-03-13,5612.56005859375,33.36000061035156
2019-03-14,5609.58984375,33.564998626708984
2019-03-15,5637.77001953125,33.834999084472656
2019-03-18,5658.72998046875,33.880001068115234
2019-03-19,5658.14990234375,34.084999084472656
2019-03-20,5641.740234375,33.720001220703125
2019-03-21,5703.27978515625,33.665000915527344
2019-03-22,5595.5,33.04499816894531
2019-03-25,5591.22998046875,32.9900016784668
2019-03-26,5631.39013671875,33.20000076293945
2019-03-27,5605.31982421875,33.27000045776367
2019-03-28,5626.31982421875,33.224998474121094
2019-03-29,5664.4599609375,33.58000183105469
2019-04-01,5730.0400390625,33.900001525878906
2019-04-02,5730.35009765625,34.01499938964844
2019-04-03,5742.669921875,34.43000030517578
2019-04-04,5755.9599609375,34.48500061035156
2019-04-05,5782.7001953125,34.529998779296875
2019-04-08,5788.85986328125,34.435001373291016
2019-04-09,5755.490234375,34.27000045776367
2019-04-10,5775.990234375,34.334999084472656
2019-04-11,5776.27978515625,34.44499969482422
2019-04-12,5815.0400390625,34.56999969482422
2019-04-15,5811.509765625,34.584999084472656
2019-04-16,5814.4599609375,34.70500183105469
2019-04-17,5801.830078125,34.849998474121094
2019-04-18,5811.1298828125,35.08000183105469
2019-04-22,5817.16015625,35.08000183105469
2019-04-23,5868.8798828125,35.1349983215332
2019-04-24,5856.02978515625,35.130001068115234
2019-04-25,5853.8701171875,35.084999084472656
2019-04-26,5881.47998046875,35.150001525878906
2019-04-29,5888.0498046875,35.220001220703125
2019-04-30,5893.81005859375,35.349998474121094
2019-05-01,5849.64990234375,35.349998474121094
2019-05-02,5837.4599609375,35.19499969482422
2019-05-03,5894.2998046875,35.345001220703125
2019-05-06,5868.4501953125,34.98500061035156
2019-05-07,5771.58984375,34.3650016784668
2019-05-08,5762.47998046875,34.5
2019-05-09,5747.080078125,33.9900016784668
2019-05-10,5770.43994140625,34.095001220703125
2019-05-13,5631.41015625,33.63999938964844
2019-05-14,5677.2001953125,34.130001068115234
2019-05-15,5711.490234375,34.349998474121094
2019-05-16,5763.9501953125,34.88999938964844
2019-05-17,5730.89013671875,34.779998779296875
2019-05-20,5692.2998046875,34.244998931884766
2019-05-21,5740.81005859375,34.474998474121094
2019-05-22,5724.7099609375,34.470001220703125
2019-05-23,5657.10009765625,33.91999816894531
2019-05-24,5665.60009765625,34.15999984741211
2019-05-27,5665.60009765625,34.31999969482422
2019-05-28,5618.18017578125,34.150001525878906
2019-05-29,5579.509765625,33.70000076293945
2019-05-30,5591.97021484375,33.92499923706055
2019-05-31,5519.27001953125,33.54499816894531
2019-06-03,5504.0498046875,33.709999084472656
2019-06-04,5622.31005859375,34.084999084472656
2019-06-05,5668.89013671875,34.15999984741211
2019-06-06,5705.22021484375,34.125
2019-06-07,5765.66015625,34.53499984741211
2019-06-10,5792.56005859375,34.53499984741211
2019-06-11,5790.830078125,34.78499984741211
2019-06-12,5779.1201171875,34.6349983215332
2019-06-13,5804.52978515625,34.70500183105469
2019-06-14,5795.9599609375,34.59000015258789
2019-06-17,5801.39990234375,34.400001525878906
2019-06-18,5857.9501953125,35.119998931884766
2019-06-19,5875.4501953125,35.1150016784668
2019-06-20,5931.66015625,35.2599983215332
2019-06-21,5924.5400390625,35.21500015258789
2019-06-24,5914.2900390625,35.125
2019-06-25,5858.1298828125,35.029998779296875
2019-06-26,5850.89990234375,35.005001068115234
2019-06-27,5874.14990234375,34.994998931884766
2019-06-28,5908.25,35.310001373291016
2019-07-01,5953.6298828125,35.54999923706055
2019-07-02,5971.2900390625,35.654998779296875
2019-07-03,5982.89990234375,36.005001068115234
2019-07-04,5982.89990234375,36.060001373291016
2019-07-05,6008.31005859375,35.900001525878906
2019-07-08,5979.33984375,35.85499954223633
2019-07-09,5988.47998046875,35.69499969482422
2019-07-10,6015.56005859375,35.6150016784668
2019-07-11,6029.330078125,35.57500076293945
2019-07-12,6057.77001953125,35.564998626708984
2019-07-15,6058.830078125,35.630001068115234
2019-07-16,6038.39990234375,35.82500076293945
2019-07-17,5999.0498046875,35.61000061035156
2019-07-18,6021.14990234375,35.400001525878906
2019-07-19,5984.2001953125,35.375
2019-07-22,6001.27978515625,35.505001068115234
2019-07-23,6042.47998046875,35.95500183105469
2019-07-24,6071.0498046875,35.959999084472656
2019-07-25,6039.1298828125,35.71500015258789
2019-07-26,6083.81982421875,35.869998931884766
2019-07-29,6074.009765625,35.875
2019-07-30,6058.9599609375,35.2400016784668
2019-07-31,5993.169921875,35.2599983215332
2019-08-01,5939.830078125,35.525001525878906
2019-08-02,5897.10009765625,34.35499954223633
2019-08-05,5721.7998046875,33.724998474121094
2019-08-06,5796.72021484375,33.505001068115234
2019-08-07,5801.31982421875,33.68000030517578
2019-08-08,5911.66015625,34.34000015258789
2019-08-09,5873.47021484375,33.91999816894531
2019-08-12,5802.14013671875,33.869998931884766
2019-08-13,5890.16015625,34.220001220703125
2019-08-14,5719.2998046875,33.525001525878906
2019-08-15,5734.490234375,33.474998474121094
2019-08-16,5818.169921875,33.915000915527344
2019-08-19,5888.93017578125,34.334999084472656
2019-08-20,5842.759765625,34.14500045776367
2019-08-21,5891.18994140625,34.60499954223633
2019-08-22,5888.3701171875,34.39500045776367
2019-08-23,5735.6298828125,33.95500183105469
2019-08-26,5799.33984375,34.1349983215332
2019-08-27,5780.7900390625,34.31999969482422
2019-08-28,5818.83984375,34.26499938964844
2019-08-29,5893.64990234375,34.75
2019-08-30,5898.22998046875,34.915000915527344
2019-09-02,5898.22998046875,34.939998626708984
2019-09-03,5857.9501953125,34.849998474121094
2019-09-04,5921.9599609375,35.165000915527344
2019-09-05,6000.3798828125,35.494998931884766
2019-09-06,6006.06982421875,35.59000015258789
2019-09-09,6005.990234375,35.59000015258789
2019-09-10,6008.1201171875,35.650001525878906
2019-09-11,6051.8701171875,35.849998474121094
2019-09-12,6070.22998046875,36.084999084472656
2019-09-13,6067.5,36.17499923706055
2019-09-16,6048.669921875,35.31999969482422
2019-09-17,6064.31005859375,35.29999923706055
2019-09-18,6066.419921875,35.3849983215332
2019-09-19,6066.89990234375,35.6349983215332
2019-09-20,6037.5,35.77000045776367
2019-09-23,6036.89990234375,35.4900016784668
2019-09-24,5986.580078125,35.380001068115234
2019-09-25,6023.4599609375,35.19499969482422
2019-09-26,6009.18994140625,35.43000030517578
2019-09-27,5978.10986328125,35.564998626708984
2019-09-30,6008.58984375,35.779998779296875
2019-10-01,5935.2001953125,35.30500030517578
2019-10-02,5828.93017578125,34.209999084472656
2019-10-03,5876.85986328125,34.209999084472656
2019-10-04,5960.43017578125,34.54999923706055
2019-10-07,5933.759765625,34.814998626708984
2019-10-08,5841.56982421875,34.415000915527344
2019-10-09,5896.60009765625,34.73500061035156
2019-10-10,5934.56005859375,35.04499816894531
2019-10-11,6000.0400390625,35.84000015258789
2019-10-14,5991.72021484375,35.68000030517578
2019-10-15,6051.39013671875,36.09000015258789
2019-10-16,6039.68994140625,36.10499954223633
2019-10-17,6056.83984375,36.0099983215332
2019-10-18,6033.259765625,35.90999984741211
2019-10-21,6074.89990234375,36.13999938964844
2019-10-22,6053.419921875,36.17499923706055
2019-10-23,6070.8701171875,36.209999084472656
2019-10-24,6082.5400390625,36.34000015258789
2019-10-25,6107.419921875,36.375
2019-10-28,6141.509765625,36.41999816894531
2019-10-29,6136.47021484375,36.369998931884766
2019-10-30,6156.93017578125,36.36000061035156
2019-10-31,6138.72998046875,36.209999084472656
2019-11-01,6198.58984375,36.404998779296875
2019-11-04,6221.6298828125,36.85499954223633
2019-11-05,6214.27978515625,36.959999084472656
2019-11-06,6219.10009765625,37.09000015258789
2019-11-07,6238.990234375,37.2599983215332
2019-11-08,6256.10986328125,37.185001373291016
2019-11-11,6243.81005859375,37.15999984741211
2019-11-12,6253.91015625,37.30500030517578
2019-11-13,6258.580078125,37.15999984741211
2019-11-14,6265.419921875,37.06999969482422
2019-11-15,6314.740234375,37.279998779296875
2019-11-18,6318.02001953125,37.20500183105469
2019-11-19,6314.66015625,37.13999938964844
2019-11-20,6292.169921875,37.01499938964844
2019-11-21,6282.58984375,36.994998931884766
2019-11-22,6296.33984375,37.04499816894531
2019-11-25,6344.35986328125,37.25
2019-11-26,6358.4599609375,37.22999954223633
2019-11-27,6385.759765625,37.29999923706055
2019-11-28,6385.759765625,37.244998931884766
2019-11-29,6361.56005859375,37.209999084472656
2019-12-02,6306.8798828125,36.41999816894531
2019-12-03,6265.22021484375,36.29999923706055
2019-12-04,6305.490234375,36.810001373291016
2019-12-05,6316.68994140625,36.65999984741211
2019-12-06,6374.7001953125,37.13999938964844
2019-12-09,6355.06982421875,36.90999984741211
2019-12-10,6348.31005859375,36.915000915527344
2019-12-11,6366.83984375,37.06999969482422
2019-12-12,6422.35009765625,37.275001525878906
2019-12-13,6423.93017578125,37.52000045776367
2019-12-16,6470.02978515625,37.81999969482422
2019-12-17,6472.240234375,37.564998626708984
2019-12-18,6470.0,37.52000045776367
2019-12-19,6499.259765625,37.5099983215332
2019-12-20,6531.75,37.8650016784668
2019-12-23,6537.39990234375,37.869998931884766
2019-12-24,6536.580078125,37.869998931884766
2019-12-26,6570.7099609375,37.869998931884766
2019-12-27,6571.02978515625,38.0
2019-12-30,6533.91015625,37.81999969482422
2019-12-31,6553.56982421875,37.81999969482422
2020-01-02,6609.2900390625,38.05500030517578
2020-01-03,6563.31982421875,37.84000015258789
2020-01-06,6586.5400390625,37.64500045776367
2020-01-07,6568.740234375,37.720001220703125
2020-01-08,6601.14990234375,37.88999938964844
2020-01-09,6646.83984375,38.099998474121094
2020-01-10,6627.8701171875,38.04499816894531
2020-01-13,6674.1298828125,37.904998779296875
2020-01-14,6664.66015625,37.8849983215332
2020-01-15,6677.25,37.82500076293945
2020-01-16,6733.35009765625,37.88999938964844
2020-01-17,6759.509765625,38.21500015258789
2020-01-20,6759.509765625,38.15999984741211
2020-01-21,6741.7099609375,38.04499816894531
2020-01-22,6743.89990234375,37.8650016784668
2020-01-23,6752.08984375,37.54999923706055
2020-01-24,6691.22021484375,37.95500183105469
2020-01-27,6585.9501953125,36.959999084472656
2020-01-28,6652.2998046875,37.345001220703125
2020-01-29,6646.68994140625,37.5099983215332
2020-01-30,6668.52001953125,37.064998626708984
2020-01-31,6551.0,36.584999084472656
2020-02-03,6598.6298828125,36.7400016784668
2020-02-04,6697.490234375,37.48500061035156
2020-02-05,6772.97998046875,37.92499923706055
2020-02-06,6796.64013671875,38.22999954223633
2020-02-07,6761.259765625,38.16999816894531
2020-02-10,6811.830078125,38.119998931884766
2020-02-11,6823.58984375,38.47999954223633
2020-02-12,6867.919921875,38.75
2020-02-13,6858.919921875,38.68000030517578
2020-02-14,6872.68017578125,38.625
2020-02-17,6872.68017578125,38.724998474121094
2020-02-18,6853.0400390625,38.56999969482422
2020-02-19,6886.47021484375,38.845001220703125
2020-02-20,6860.52001953125,38.439998626708984
2020-02-21,6788.60009765625,38.20500183105469
2020-02-24,6561.93994140625,36.650001525878906
2020-02-25,6363.3701171875,35.90999984741211
2020-02-26,6339.3798828125,35.91999816894531
2020-02-27,6060.669921875,34.7400016784668
2020-02-28,6011.72998046875,33.529998779296875
2020-03-02,6288.64013671875,33.58000183105469
2020-03-03,6112.06982421875,33.845001220703125
2020-03-04,6370.35009765625,34.39500045776367
2020-03-05,6155.580078125,33.790000915527344
2020-03-06,6050.7998046875,32.505001068115234
2020-03-09,5591.740234375,29.649999618530273
2020-03-10,5868.10986328125,29.299999237060547
2020-03-11,5581.759765625,29.190000534057617
2020-03-12,5051.97021484375,25.69499969482422
2020-03-13,5522.85009765625,26.100000381469727
2020-03-16,4861.22021484375,24.69499969482422
2020-03-17,5152.830078125,25.2549991607666
2020-03-18,4885.77978515625,23.809999465942383
2020-03-19,4909.1298828125,24.475000381469727
2020-03-20,4697.08984375,25.469999313354492
2020-03-23,4559.5,24.854999542236328
2020-03-24,4987.7998046875,27.239999771118164
2020-03-25,5045.35009765625,28.03499984741211
2020-03-26,5360.490234375,28.46500015258789
2020-03-27,5179.919921875,27.415000915527344
2020-03-30,5354.39013671875,27.725000381469727
2020-03-31,5269.2001953125,27.975000381469727
2020-04-01,5036.64013671875,26.905000686645508
2020-04-02,5152.47021484375,26.9950008392334
2020-04-03,5075.16015625,26.674999237060547
2020-04-06,5432.169921875,28.010000228881836
2020-04-07,5423.52001953125,28.665000915527344
2020-04-08,5609.5498046875,28.625
2020-04-09,5691.5400390625,28.975000381469727
2020-04-13,5634.14990234375,28.975000381469727
2020-04-14,5807.10009765625,29.2549991607666
2020-04-15,5679.52978515625,28.149999618530273
2020-04-16,5712.60009765625,28.225000381469727
2020-04-17,5865.89990234375,28.9950008392334
2020-04-20,5761.0,29.229999542236328
2020-04-21,5584.43994140625,28.0
2020-04-22,5712.64990234375,28.395000457763672
2020-04-23,5710.0400390625,28.600000381469727
2020-04-24,5789.64990234375,28.2549991607666
2020-04-27,5874.93994140625,28.954999923706055
2020-04-28,5844.18017578125,29.44499969482422
2020-04-29,5999.740234375,30.094999313354492
2020-04-30,5944.68017578125,29.434999465942383
2020-05-01,5778.52978515625,29.434999465942383
2020-05-04,5803.1201171875,28.385000228881836
2020-05-05,5855.580078125,29.0
2020-05-06,5815.169921875,28.674999237060547
2020-05-07,5884.14013671875,29.09000015258789
2020-05-08,5984.5498046875,29.360000610351562
2020-05-11,5985.66015625,29.139999389648438
2020-05-12,5863.68017578125,29.165000915527344
2020-05-13,5761.7001953125,28.350000381469727
2020-05-14,5829.330078125,27.924999237060547
2020-05-15,5852.83984375,27.985000610351562
2020-05-18,6037.89990234375,29.485000610351562
2020-05-19,5975.14990234375,29.354999542236328
2020-05-20,6075.759765625,29.780000686645508
2020-05-21,6028.93017578125,29.434999465942383
2020-05-22,6044.16015625,29.43000030517578
2020-05-25,6044.16015625,30.09000015258789
2020-05-26,6118.5400390625,30.375
2020-05-27,6209.3798828125,30.8799991607666
2020-05-28,6197.02001953125,31.350000381469727
2020-05-29,6227.81005859375,30.924999237060547
2020-06-01,6251.47998046875,30.924999237060547
2020-06-02,6303.0,31.969999313354492
2020-06-03,6389.669921875,33.119998931884766
2020-06-04,6369.5400390625,33.029998779296875
2020-06-05,6536.580078125,34.25
2020-06-08,6615.39990234375,34.1150016784668
2020-06-09,6564.27001953125,33.625
2020-06-10,6529.419921875,33.349998474121094
2020-06-11,6145.2998046875,31.844999313354492
2020-06-12,6227.419921875,32.025001525878906
2020-06-15,6279.39990234375,31.645000457763672
2020-06-16,6398.580078125,32.68000030517578
2020-06-17,6375.5400390625,32.970001220703125
2020-06-18,6379.56005859375,32.77000045776367
2020-06-19,6344.7001953125,33.0099983215332
2020-06-22,6385.91015625,32.775001525878906
2020-06-23,6413.43994140625,33.334999084472656
2020-06-24,6247.66015625,32.31999969482422
2020-06-25,6316.4501953125,32.560001373291016
2020-06-26,6163.5,32.415000915527344
2020-06-29,6254.77978515625,32.685001373291016
2020-06-30,6351.669921875,32.67499923706055
2020-07-01,6383.759765625,32.654998779296875
2020-07-02,6414.16015625,33.584999084472656
2020-07-03,6414.16015625,33.3650016784668
2020-07-06,6516.0498046875,33.93000030517578
2020-07-07,6445.58984375,33.6349983215332
2020-07-08,6496.14013671875,33.310001373291016
2020-07-09,6461.31005859375,33.060001373291016
2020-07-10,6528.9599609375,33.439998626708984
2020-07-13,6467.83984375,33.974998474121094
2020-07-14,6555.39990234375,33.68000030517578
2020-07-15,6615.06982421875,34.29499816894531
2020-07-16,6592.75,34.13999938964844
2020-07-17,6611.85986328125,34.154998779296875
2020-07-20,6667.4501953125,34.36000061035156
2020-07-21,6678.740234375,34.54499816894531
2020-07-22,6717.2900390625,34.20500183105469
2020-07-23,6635.0400390625,34.209999084472656
2020-07-24,6594.10009765625,33.58000183105469
2020-07-27,6642.89013671875,33.5099983215332
2020-07-28,6599.97021484375,33.525001525878906
2020-07-29,6682.009765625,33.5099983215332
2020-07-30,6658.02001953125,32.584999084472656
2020-07-31,6709.81005859375,32.150001525878906
2020-08-03,6758.2001953125,32.959999084472656
2020-08-04,6782.60009765625,33.02000045776367
2020-08-05,6826.22021484375,33.16999816894531
2020-08-06,6870.85986328125,32.88999938964844
2020-08-07,6876.64990234375,33.0099983215332
2020-08-10,6895.58984375,33.084999084472656
2020-08-11,6840.669921875,33.814998626708984
2020-08-12,6937.43994140625,34.130001068115234
2020-08-13,6924.9599609375,33.90999984741211
2020-08-14,6924.27978515625,33.540000915527344
2020-08-17,6943.22021484375,33.54499816894531
2020-08-18,6960.2998046875,33.38999938964844
2020-08-19,6930.7998046875,33.685001373291016
2020-08-20,6952.919921875,33.290000915527344
2020-08-21,6977.27001953125,33.06999969482422
2020-08-24,7048.169921875,33.810001373291016
2020-08-25,7073.60009765625,33.779998779296875
2020-08-26,7145.77001953125,34.06999969482422
2020-08-27,7158.18017578125,33.814998626708984
2020-08-28,7207.10009765625,33.66999816894531
2020-08-31,7192.10986328125,33.275001525878906
2020-09-01,7246.3701171875,33.279998779296875
2020-09-02,7358.490234375,33.900001525878906
2020-09-03,7101.3798828125,33.54999923706055
2020-09-04,7043.6201171875,33.11000061035156
2020-09-07,7043.6201171875,33.6349983215332
2020-09-08,6848.419921875,33.119998931884766
2020-09-09,6986.759765625,33.78499984741211
2020-09-10,6864.22998046875,33.625
2020-09-11,6868.22021484375,33.650001525878906
2020-09-14,6957.91015625,33.66999816894531
2020-09-15,6994.330078125,33.474998474121094
2020-09-16,6962.2900390625,33.505001068115234
2020-09-17,6903.81982421875,33.29999923706055
2020-09-18,6826.72021484375,33.04999923706055
2020-09-21,6748.080078125,31.700000762939453
2020-09-22,6819.080078125,31.75
2020-09-23,6657.81982421875,31.940000534057617
2020-09-24,6678.0400390625,31.735000610351562
2020-09-25,6784.9501953125,31.4950008392334
2020-09-28,6894.27001953125,32.380001068115234
2020-09-29,6861.9599609375,32.30500030517578
2020-09-30,6918.830078125,32.130001068115234
2020-10-01,6956.2001953125,32.084999084472656
2020-10-02,6889.60009765625,32.060001373291016
2020-10-05,7014.169921875,32.345001220703125
2020-10-06,6916.43017578125,32.494998931884766
2020-10-07,7036.89013671875,32.47999954223633
2020-10-08,7095.39990234375,32.70500183105469
2020-10-09,7157.93994140625,32.904998779296875
2020-10-12,7275.43017578125,33.13999938964844
2020-10-13,7229.5498046875,32.94499969482422
2020-10-14,7182.3798828125,32.900001525878906
2020-10-15,7171.60986328125,32.09000015258789
2020-10-16,7172.7001953125,32.64500045776367
2020-10-19,7055.580078125,32.61000061035156
2020-10-20,7089.06005859375,32.415000915527344
2020-10-21,7073.64990234375,31.989999771118164
2020-10-22,7111.169921875,31.829999923706055
2020-10-23,7135.81005859375,32.125
2020-10-26,7003.2099609375,31.18000030517578
2020-10-27,6982.14013671875,30.829999923706055
2020-10-28,6735.75,29.790000915527344
2020-10-29,6816.7900390625,29.78499984741211
2020-10-30,6734.83984375,29.7450008392334
2020-11-02,6817.89013671875,30.395000457763672
2020-11-03,6939.2998046875,31.15999984741211
2020-11-04,7092.2998046875,31.84000015258789
2020-11-05,7231.669921875,32.310001373291016
2020-11-06,7230.509765625,32.2599983215332
2020-11-09,7315.77001953125,34.29499816894531
2020-11-10,7306.75,34.654998779296875
2020-11-11,7362.64990234375,34.904998779296875
2020-11-12,7290.68994140625,34.494998931884766
2020-11-13,7390.60986328125,34.54499816894531
2020-11-16,7476.7900390625,34.915000915527344
2020-11-17,7442.0400390625,34.900001525878906
2020-11-18,7357.33984375,35.04999923706055
2020-11-19,7386.85986328125,34.720001220703125
2020-11-20,7336.759765625,34.900001525878906
2020-11-23,7378.93994140625,34.85499954223633
2020-11-24,7498.2900390625,35.32500076293945
2020-11-25,7486.68017578125,35.334999084472656
2020-11-26,7486.68017578125,35.33000183105469
2020-11-27,7505.3798828125,35.4900016784668
2020-11-30,7472.06005859375,35.09000015258789
2020-12-01,7556.509765625,35.470001220703125
2020-12-02,7570.759765625,35.39500045776367
2020-12-03,7567.43994140625,35.3849983215332
2020-12-04,7634.77001953125,35.6150016784668
2020-12-07,7620.0,35.5099983215332
2020-12-08,7641.43017578125,35.474998474121094
2020-12-09,7581.06005859375,35.54499816894531
2020-12-10,7571.8701171875,35.459999084472656
2020-12-11,7562.4599609375,35.095001220703125
2020-12-14,7530.8701171875,35.275001525878906
2020-12-15,7628.27978515625,35.3650016784668
2020-12-16,7641.81982421875,35.59000015258789
2020-12-17,7686.18017578125,35.77000045776367
2020-12-18,7659.75,35.540000915527344
2020-12-21,7630.06982421875,34.63999938964844
2020-12-22,7614.830078125,35.040000915527344
2020-12-23,7620.6298828125,35.505001068115234
2020-12-24,7648.39013671875,35.505001068115234
2020-12-28,7715.10009765625,35.900001525878906
2020-12-29,7697.93017578125,35.959999084472656
2020-12-30,7709.10009765625,35.86000061035156
2020-12-31,7759.35009765625,35.86000061035156
2021-01-04,7645.27001953125,35.7400016784668
2021-01-05,7700.33984375,35.654998779296875
2021-01-06,7744.43017578125,36.26499938964844
2021-01-07,7861.10009765625,36.400001525878906
2021-01-08,7905.27978515625,36.61000061035156
2021-01-11,7853.4501953125,36.33000183105469
2021-01-12,7856.72021484375,36.2400016784668
2021-01-13,7874.75,36.314998626708984
2021-01-14,7846.10009765625,36.57500076293945
2021-01-15,7789.7900390625,36.14500045776367
2021-01-18,7789.7900390625,36.19499969482422
2021-01-19,7853.47021484375,36.13999938964844
2021-01-20,7962.919921875,36.41999816894531
2021-01-21,7966.10986328125,36.349998474121094
2021-01-22,7942.2001953125,36.189998626708984
2021-01-25,7970.919921875,35.709999084472656
2021-01-26,7959.10009765625,36.11000061035156
2021-01-27,7754.740234375,35.55500030517578
2021-01-28,7831.22021484375,35.790000915527344
2021-01-29,7681.009765625,34.974998474121094
2021-02-01,7804.31005859375,35.474998474121094
2021-02-02,7912.8701171875,36.11000061035156
2021-02-03,7920.85009765625,36.25
2021-02-04,8007.6201171875,36.625
2021-02-05,8039.669921875,36.790000915527344
2021-02-08,8099.330078125,36.869998931884766
2021-02-09,8091.7001953125,36.849998474121094
2021-02-10,8089.10986328125,36.67499923706055
2021-02-11,8104.18994140625,36.91999816894531
2021-02-12,8142.7900390625,37.17499923706055
2021-02-15,8142.7900390625,37.58000183105469
2021-02-16,8139.16015625,37.494998931884766
2021-02-17,8137.8798828125,37.224998474121094
2021-02-18,8102.240234375,37.029998779296875
2021-02-19,8087.68017578125,37.400001525878906
2021-02-22,8025.81005859375,37.279998779296875
2021-02-23,8036.06005859375,37.13999938964844
2021-02-24,8127.3798828125,37.314998626708984
2021-02-25,7929.56005859375,37.060001373291016
2021-02-26,7892.81005859375,36.61000061035156
2021-03-01,8080.77978515625,37.314998626708984
2021-03-02,8015.5400390625,37.33000183105469
2021-03-03,7911.2099609375,37.3650016784668
2021-03-04,7806.4501953125,37.31999969482422
2021-03-05,7958.97998046875,36.959999084472656
2021-03-08,7916.41015625,37.85499954223633
2021-03-09,8029.2001953125,38.11000061035156
2021-03-10,8078.0498046875,38.474998474121094
2021-03-11,8162.580078125,38.71500015258789
2021-03-12,8172.89990234375,38.584999084472656
2021-03-15,8226.3203125,38.47999954223633
2021-03-16,8213.6298828125,38.685001373291016
2021-03-17,8237.349609375,38.70000076293945
2021-03-18,8116.169921875,38.880001068115234
2021-03-19,8112.1298828125,38.540000915527344
2021-03-22,8169.14013671875,38.54499816894531
2021-03-23,8106.830078125,38.47999954223633
2021-03-24,8063.0,38.494998931884766
2021-03-25,8105.509765625,38.56999969482422
2021-03-26,8240.3798828125,38.939998626708984
2021-03-29,8233.240234375,39.095001220703125
2021-03-30,8208.099609375,39.529998779296875
2021-03-31,8238.48046875,39.40999984741211
2021-04-01,8335.91015625,39.720001220703125
2021-04-05,8457.400390625,39.720001220703125
2021-04-06,8449.5400390625,40.005001068115234
2021-04-07,8462.1796875,39.845001220703125
2021-04-08,8499.849609375,40.04999923706055
2021-04-09,8565.5703125,40.04999923706055
2021-04-12,8564.0302734375,39.880001068115234
2021-04-13,8592.25,39.915000915527344
2021-04-14,8558.16015625,40.040000915527344
2021-04-15,8653.2900390625,40.220001220703125
2021-04-16,8684.509765625,40.650001525878906
2021-04-19,8638.419921875,40.51499938964844
2021-04-20,8579.9501953125,39.744998931884766
2021-04-21,8659.7998046875,40.1349983215332
2021-04-22,8580.73046875,40.47999954223633
2021-04-23,8674.7998046875,40.45500183105469
2021-04-26,8690.259765625,40.505001068115234
2021-04-27,8688.4501953125,40.43000030517578
2021-04-28,8681.169921875,40.51499938964844
2021-04-29,8740.349609375,40.33000183105469
2021-04-30,8678.16015625,40.125
2021-05-03,8702.01953125,40.45500183105469
2021-05-04,8643.91015625,39.665000915527344
2021-05-05,8650.0400390625,40.52000045776367
2021-05-06,8722.0400390625,40.54499816894531
2021-05-07,8787.8203125,40.95000076293945
2021-05-10,8696.2900390625,40.869998931884766
2021-05-11,8620.98046875,40.05500030517578
2021-05-12,8437.240234375,40.064998626708984
2021-05-13,8541.3896484375,40.209999084472656
2021-05-14,8669.490234375,40.8650016784668
2021-05-17,8647.5703125,40.72999954223633
2021-05-18,8574.98046875,40.744998931884766
2021-05-19,8550.9501953125,40.060001373291016
2021-05-20,8641.98046875,40.70500183105469
2021-05-21,8635.5498046875,40.96500015258789
2021-05-24,8722.0,40.96500015258789
2021-05-25,8703.58984375,41.119998931884766
2021-05-26,8720.0400390625,41.084999084472656
2021-05-27,8730.9697265625,41.19499969482422
2021-05-28,8738.76953125,41.47999954223633
2021-05-31,8738.76953125,41.189998626708984
2021-06-01,8734.740234375,41.5
2021-06-02,8748.2998046875,41.665000915527344
2021-06-03,8717.9697265625,41.58000183105469
2021-06-04,8795.080078125,41.685001373291016
2021-06-07,8788.2802734375,41.7400016784668
2021-06-08,8790.0,41.73500061035156
2021-06-09,8774.3095703125,41.73500061035156
2021-06-10,8815.5595703125,41.744998931884766
2021-06-11,8832.9404296875,42.05500030517578
2021-06-14,8851.169921875,42.130001068115234
2021-06-15,8833.6796875,41.974998474121094
2021-06-16,8786.1796875,42.060001373291016
2021-06-17,8782.580078125,42.14500045776367
2021-06-18,8667.759765625,41.36000061035156
2021-06-21,8789.51953125,41.654998779296875
2021-06-22,8834.5595703125,41.779998779296875
2021-06-23,8825.009765625,41.28499984741211
2021-06-24,8877.0595703125,41.83000183105469
2021-06-25,8906.7900390625,41.79499816894531
2021-06-28,8927.400390625,41.474998474121094
2021-06-29,8930.669921875,41.654998779296875
2021-06-30,8942.7802734375,41.21500015258789
2021-07-01,8990.080078125,41.369998931884766
2021-07-02,9058.66015625,41.404998779296875
2021-07-05,9058.66015625,41.435001373291016
2021-07-06,9040.759765625,41.08000183105469
2021-07-07,9071.1396484375,41.39500045776367
2021-07-08,8995.259765625,40.5099983215332
2021-07-09,9096.83984375,41.275001525878906
2021-07-12,9128.2197265625,41.54499816894531
2021-07-13,9096.150390625,41.54999923706055
2021-07-14,9107.849609375,41.60499954223633
2021-07-15,9078.330078125,41.15999984741211
2021-07-16,9009.8896484375,40.970001220703125
2021-07-19,8867.0703125,39.89500045776367
2021-07-20,9001.76953125,40.16999816894531
2021-07-21,9075.9697265625,40.88999938964844
2021-07-22,9094.9501953125,41.21500015258789
2021-07-23,9187.6396484375,41.73500061035156
2021-07-26,9209.6298828125,41.65999984741211
2021-07-27,9166.26953125,41.255001068115234
2021-07-28,9164.6201171875,41.654998779296875
2021-07-29,9204.25,41.775001525878906
2021-07-30,9155.2099609375,41.53499984741211
2021-08-02,9138.3603515625,41.79999923706055
2021-08-03,9213.349609375,41.85499954223633
2021-08-04,9170.759765625,42.11000061035156
2021-08-05,9226.490234375,42.279998779296875
2021-08-06,9243.0302734375,42.415000915527344
2021-08-09,9235.0498046875,42.45000076293945
2021-08-10,9244.2197265625,42.55500030517578
2021-08-11,9267.400390625,42.720001220703125
2021-08-12,9297.2001953125,42.91999816894531
2021-08-13,9312.509765625,42.94499969482422
2021-08-16,9337.1796875,42.68000030517578
2021-08-17,9271.830078125,42.595001220703125
2021-08-18,9173.9296875,42.529998779296875
2021-08-19,9186.0703125,41.86000061035156
2021-08-20,9261.3095703125,42.119998931884766
2021-08-23,9341.08984375,42.404998779296875
2021-08-24,9355.1103515625,42.41999816894531
2021-08-25,9376.0,42.45000076293945
2021-08-26,9321.740234375,42.310001373291016
2021-08-27,9404.150390625,42.564998626708984
2021-08-30,9445.240234375,42.64500045776367
2021-08-31,9433.580078125,42.584999084472656
2021-09-01,9437.150390625,42.91999816894531
2021-09-02,9465.4697265625,42.98500061035156
2021-09-03,9462.5400390625,42.650001525878906
2021-09-06,9462.5400390625,43.125
2021-09-07,9430.6796875,42.900001525878906
2021-09-08,9418.5703125,42.42499923706055
2021-09-09,9375.990234375,42.439998626708984
2021-09-10,9304.0302734375,42.3650016784668
2021-09-13,9325.2900390625,42.55500030517578
2021-09-14,9273.990234375,42.55500030517578
2021-09-15,9352.830078125,41.72999954223633
2021-09-16,9338.6103515625,41.97999954223633
2021-09-17,9253.5703125,41.59000015258789
2021-09-20,9096.51953125,40.69499969482422
2021-09-21,9089.5498046875,41.369998931884766
2021-09-22,9176.080078125,41.8849983215332
2021-09-23,9287.7998046875,42.345001220703125
2021-09-24,9301.490234375,41.939998626708984
2021-09-27,9275.8701171875,42.04999923706055
2021-09-28,9087.4697265625,40.994998931884766
2021-09-29,9102.6201171875,41.16999816894531
2021-09-30,8994.830078125,40.880001068115234
2021-10-01,9098.25,40.779998779296875
2021-10-04,8980.6396484375,40.334999084472656
2021-10-05,9076.1904296875,41.07500076293945
2021-10-06,9113.4501953125,40.54499816894531
2021-10-07,9191.1904296875,41.404998779296875
2021-10-08,9173.740234375,41.125
2021-10-11,9110.759765625,41.14500045776367
2021-10-12,9088.73046875,40.95500183105469
2021-10-13,9116.3896484375,41.2400016784668
2021-10-14,9272.9697265625,41.95000076293945
2021-10-15,9342.150390625,42.279998779296875
2021-10-18,9373.6796875,41.95000076293945
2021-10-19,9443.1201171875,42.125
2021-10-20,9477.8203125,42.185001373291016
2021-10-21,9506.91015625,42.005001068115234
2021-10-22,9496.8603515625,42.314998626708984
2021-10-25,9541.990234375,42.345001220703125
2021-10-26,9559.3896484375,42.69499969482422
2021-10-27,9511.26953125,42.665000915527344
2021-10-28,9605.23046875,42.81999969482422
2021-10-29,9625.01953125,42.96500015258789
2021-11-01,9642.4404296875,43.29999923706055
2021-11-02,9677.9501953125,43.45500183105469
2021-11-03,9740.4697265625,43.584999084472656
2021-11-04,9782.48046875,43.810001373291016
2021-11-05,9819.98046875,44.1150016784668
2021-11-08,9828.8095703125,44.0
2021-11-09,9795.1201171875,43.900001525878906
2021-11-10,9716.7197265625,43.98500061035156
2021-11-11,9722.080078125,44.05500030517578
2021-11-12,9793.2197265625,44.185001373291016
2021-11-15,9793.5302734375,44.334999084472656
2021-11-16,9831.91015625,44.51499938964844
2021-11-17,9808.26953125,44.505001068115234
2021-11-18,9842.349609375,44.34000015258789
2021-11-19,9828.7998046875,44.06999969482422
2021-11-22,9798.2900390625,43.92499923706055
2021-11-23,9814.650390625,43.29499816894531
2021-11-24,9837.599609375,43.2599983215332
2021-11-25,9837.599609375,43.435001373291016
2021-11-26,9614.25,41.3650016784668
2021-11-29,9741.7802734375,41.584999084472656
2021-11-30,9558.330078125,41.17499923706055
2021-12-01,9446.2099609375,42.290000915527344
2021-12-02,9581.7900390625,41.625
2021-12-03,9501.2802734375,41.314998626708984
2021-12-06,9613.01953125,41.939998626708984
2021-12-07,9812.2001953125,43.32500076293945
2021-12-08,9842.6796875,42.8849983215332
2021-12-09,9773.1904296875,42.595001220703125
2021-12-10,9866.6201171875,42.525001525878906
2021-12-13,9776.6904296875,42.38999938964844
2021-12-14,9705.0595703125,41.90999984741211
2021-12-15,9863.919921875,41.685001373291016
2021-12-16,9778.08984375,42.09000015258789
2021-12-17,9678.0302734375,41.69499969482422
2021-12-20,9567.91015625,41.16999816894531
2021-12-21,9738.73046875,41.88999938964844
2021-12-22,9838.900390625,42.279998779296875
2021-12-23,9900.2998046875,42.80500030517578
2021-12-27,10037.669921875,43.029998779296875
2021-12-28,10027.5302734375,43.244998931884766
2021-12-29,10041.6103515625,42.970001220703125
2021-12-30,10012.509765625,43.16999816894531
2021-12-31,9986.7001953125,43.16999816894531
2022-01-03,10050.41015625,43.435001373291016
2022-01-04,10044.75,43.79499816894531
2022-01-05,9850.7001953125,44.07500076293945
2022-01-06,9841.919921875,43.42499923706055
2022-01-07,9803.849609375,43.209999084472656
2022-01-10,9789.7197265625,42.55500030517578
2022-01-11,9879.3896484375,43.025001525878906
2022-01-12,9907.3798828125,43.375
2022-01-13,9767.349609375,43.35499954223633
2022-01-14,9775.5302734375,42.900001525878906
2022-01-17,9775.5302734375,43.23500061035156
2022-01-18,9595.9296875,42.7599983215332
2022-01-19,9503.1396484375,42.834999084472656
2022-01-20,9398.9599609375,43.20000076293945
2022-01-21,9221.2802734375,42.48500061035156
2022-01-24,9246.83984375,40.72999954223633
2022-01-25,9134.330078125,40.915000915527344
2022-01-26,9120.75,41.845001220703125
2022-01-27,9072.240234375,42.07500076293945
2022-01-28,9294.2099609375,41.53499984741211
2022-01-31,9469.919921875,41.915000915527344
2022-02-01,9534.9501953125,42.38999938964844
2022-02-02,9624.8896484375,42.36000061035156
2022-02-03,9390.5703125,41.599998474121094
2022-02-04,9440.580078125,41.01499938964844
2022-02-07,9405.83984375,41.33000183105469
2022-02-08,9484.9501953125,41.439998626708984
2022-02-09,9623.83984375,42.189998626708984
2022-02-10,9450.7197265625,42.09000015258789
2022-02-11,9271.7998046875,41.73500061035156
2022-02-14,9236.8603515625,40.939998626708984
2022-02-15,9383.5703125,41.630001068115234
2022-02-16,9393.08984375,41.54999923706055
2022-02-17,9195.349609375,41.279998779296875
2022-02-18,9130.8095703125,40.90999984741211
2022-02-21,9130.8095703125,40.029998779296875
2022-02-22,9038.3203125,39.94499969482422
2022-02-23,8871.9501953125,39.904998779296875
2022-02-24,9005.3701171875,38.4900016784668
2022-02-25,9207.849609375,39.90999984741211
2022-02-28,9186.3701171875,39.439998626708984
2022-03-01,9044.4697265625,37.79999923706055
2022-03-02,9213.3896484375,38.279998779296875
2022-03-03,9166.1298828125,37.54499816894531
2022-03-04,9094.0400390625,35.64500045776367
2022-03-07,8825.7197265625,35.150001525878906
2022-03-08,8762.1103515625,35.25
2022-03-09,8988.650390625,38.0
2022-03-10,8950.900390625,36.724998474121094
2022-03-11,8835.400390625,37.064998626708984
2022-03-14,8771.75,37.57500076293945
2022-03-15,8959.740234375,37.53499984741211
2022-03-16,9160.509765625,39.01499938964844
2022-03-17,9274.169921875,38.95500183105469
2022-03-18,9382.4296875,39.16999816894531
2022-03-21,9378.83984375,38.814998626708984
2022-03-22,9484.8603515625,39.3849983215332
2022-03-23,9368.98046875,38.76499938964844
2022-03-24,9504.1904296875,38.720001220703125
2022-03-25,9552.400390625,38.775001525878906
2022-03-28,9620.66015625,39.0
2022-03-29,9738.599609375,40.13999938964844
2022-03-30,9678.2998046875,39.744998931884766
2022-03-31,9527.4599609375,39.154998779296875
2022-04-01,9559.9501953125,39.279998779296875
2022-04-04,9637.3701171875,39.630001068115234
2022-04-05,9517.9404296875,39.244998931884766
2022-04-06,9425.490234375,38.375
2022-04-07,9466.759765625,38.17499923706055
2022-04-08,9441.83984375,38.73500061035156
2022-04-11,9282.48046875,38.59000015258789
2022-04-12,9251.0703125,38.474998474121094
2022-04-13,9356.2099609375,38.45000076293945
2022-04-14,9242.580078125,38.66999816894531
2022-04-18,9240.6904296875,38.66999816894531
2022-04-19,9389.2099609375,38.53499984741211
2022-04-20,9383.5400390625,39.20000076293945
2022-04-21,9245.8603515625,39.4900016784668
2022-04-22,8989.509765625,38.57500076293945
2022-04-25,9040.8603515625,37.85499954223633
2022-04-26,8786.4697265625,37.5099983215332
2022-04-27,8805.0,37.654998779296875
2022-04-28,9023.419921875,38.08000183105469
2022-04-29,8696.650390625,38.43000030517578
2022-05-02,8746.0498046875,37.779998779296875
2022-05-03,8788.3603515625,38.11000061035156
2022-05-04,9050.900390625,37.76499938964844
2022-05-05,8729.2099609375,37.474998474121094
2022-05-06,8680.9697265625,36.8849983215332
2022-05-09,8403.5,35.94499969482422
2022-05-10,8424.2001953125,36.20000076293945
2022-05-11,8285.8203125,37.165000915527344
2022-05-12,8278.0400390625,36.82500076293945
2022-05-13,8476.5703125,37.7599983215332
2022-05-16,8443.5498046875,37.525001525878906
2022-05-17,8614.3095703125,38.20500183105469
2022-05-18,8268.3203125,37.665000915527344
2022-05-19,8220.9697265625,37.22999954223633
2022-05-20,8222.3095703125,37.34000015258789
2022-05-23,8375.8701171875,37.97999954223633
2022-05-24,8307.9697265625,37.32500076293945
2022-05-25,8386.6201171875,37.6150016784668
2022-05-26,8553.6796875,38.29999923706055
2022-05-27,8766.830078125,39.01499938964844
2022-05-30,8766.830078125,39.349998474121094
2022-05-31,8712.599609375,38.834999084472656
2022-06-01,8648.2802734375,38.470001220703125
2022-06-02,8809.1796875,38.845001220703125
2022-06-03,8665.7998046875,38.75
2022-06-06,8693.0595703125,39.32500076293945
2022-06-07,8776.08984375,39.0099983215332
2022-06-08,8681.6796875,38.80500030517578
2022-06-09,8475.91015625,38.150001525878906
2022-06-10,8229.4296875,36.904998779296875
2022-06-13,7910.43017578125,35.97999954223633
2022-06-14,7883.33984375,35.584999084472656
2022-06-15,7998.6201171875,35.92499923706055
2022-06-16,7739.39013671875,34.869998931884766
2022-06-17,7756.58984375,34.90999984741211
2022-06-20,7756.58984375,35.2599983215332
2022-06-21,7946.89013671875,35.525001525878906
2022-06-22,7936.669921875,35.2400016784668
2022-06-23,8012.68017578125,34.90999984741211
2022-06-24,8257.7197265625,35.959999084472656
2022-06-27,8233.419921875,35.994998931884766
2022-06-28,8067.56005859375,36.064998626708984
2022-06-29,8062.72021484375,35.790000915527344
2022-06-30,7993.43017578125,35.13999938964844
2022-07-01,8077.89013671875,35.09000015258789
2022-07-04,8077.89013671875,35.084999084472656
2022-07-05,8092.14990234375,34.21500015258789
2022-07-06,8121.2099609375,34.82500076293945
2022-07-07,8243.6904296875,35.525001525878906
2022-07-08,8237.5,35.64500045776367
2022-07-11,8142.68017578125,35.34000015258789
2022-07-12,8067.56005859375,35.505001068115234
2022-07-13,8031.759765625,35.150001525878906
2022-07-14,8008.7099609375,34.564998626708984
2022-07-15,8162.5,35.38999938964844
2022-07-18,8094.22998046875,35.76499938964844
2022-07-19,8318.2001953125,36.52000045776367
2022-07-20,8367.3701171875,36.51499938964844
2022-07-21,8450.6396484375,36.63999938964844
2022-07-22,8371.8701171875,36.58000183105469
2022-07-25,8382.8798828125,36.67499923706055
2022-07-26,8286.1904296875,36.404998779296875
2022-07-27,8503.01953125,36.72999954223633
2022-07-28,8607.240234375,37.17499923706055
2022-07-29,8730.4599609375,37.7599983215332
2022-08-01,8705.8701171875,37.744998931884766
2022-08-02,8647.91015625,37.55500030517578
2022-08-03,8783.2802734375,38.025001525878906
2022-08-04,8777.23046875,38.22999954223633
2022-08-05,8764.080078125,37.94499969482422
2022-08-08,8753.3896484375,38.275001525878906
2022-08-09,8716.75,37.85499954223633
2022-08-10,8902.7197265625,38.14500045776367
2022-08-11,8898.83984375,38.25
2022-08-12,9054.1396484375,38.5099983215332
2022-08-15,9090.3603515625,38.599998474121094
2022-08-16,9107.8701171875,38.755001068115234
2022-08-17,9043.58984375,38.2400016784668
2022-08-18,9065.490234375,38.470001220703125
2022-08-19,8948.8203125,38.005001068115234
2022-08-22,8758.240234375,37.25
2022-08-23,8738.759765625,37.189998626708984
2022-08-24,8764.419921875,37.3650016784668
2022-08-25,8888.1298828125,37.404998779296875
2022-08-26,8588.9501953125,36.68000030517578
2022-08-29,8532.099609375,36.400001525878906
2022-08-30,8438.6904296875,36.29999923706055
2022-08-31,8374.419921875,35.875
2022-09-01,8400.9599609375,35.310001373291016
2022-09-02,8311.419921875,36.14500045776367
2022-09-05,8311.419921875,35.59000015258789
2022-09-06,8277.8095703125,35.709999084472656
2022-09-07,8429.8701171875,35.72999954223633
2022-09-08,8486.6298828125,35.81999969482422
2022-09-09,8616.98046875,36.43000030517578
2022-09-12,8708.169921875,37.154998779296875
2022-09-13,8331.900390625,36.560001373291016
2022-09-14,8362.400390625,36.3650016784668
2022-09-15,8268.599609375,35.52000045776367
2022-09-16,8209.349609375,35.09000015258789
2022-09-19,8265.73046875,35.14500045776367
2022-09-20,8172.64013671875,34.78499984741211
2022-09-21,8033.2900390625,35.084999084472656
2022-09-22,7965.9599609375,34.41999816894531
2022-09-23,7828.8701171875,33.61000061035156
2022-09-26,7747.93017578125,33.57500076293945
2022-09-27,7731.990234375,33.33000183105469
2022-09-28,7884.5498046875,33.46500015258789
2022-09-29,7719.08984375,32.915000915527344
2022-09-30,7603.14013671875,33.25
2022-10-03,7800.0,33.494998931884766
2022-10-04,8039.25,34.95000076293945
2022-10-05,8023.81005859375,34.6150016784668
2022-10-06,7943.6298828125,34.435001373291016
2022-10-07,7721.43994140625,33.86000061035156
2022-10-10,7663.580078125,33.65999984741211
2022-10-11,7613.75,33.52000045776367
2022-10-12,7588.89990234375,33.40999984741211
2022-10-13,7786.9599609375,33.775001525878906
2022-10-14,7602.990234375,33.904998779296875
2022-10-17,7804.330078125,34.52000045776367
2022-10-18,7893.68017578125,34.75
2022-10-19,7840.990234375,34.80500030517578
2022-10-20,7779.52978515625,35.07500076293945
2022-10-21,7964.25,34.880001068115234
2022-10-24,8058.8798828125,35.439998626708984
2022-10-25,8190.02001953125,36.02000045776367
2022-10-26,8129.6201171875,36.209999084472656
2022-10-27,8080.31982421875,36.209999084472656
2022-10-28,8280.1103515625,36.244998931884766
2022-10-31,8218.7001953125,36.34000015258789
2022-11-01,8185.06982421875,36.64500045776367
2022-11-02,7980.47021484375,36.380001068115234
2022-11-03,7897.009765625,36.06999969482422
2022-11-04,8006.240234375,36.959999084472656
2022-11-07,8083.3798828125,37.209999084472656
2022-11-08,8128.7001953125,37.540000915527344
2022-11-09,7961.52001953125,37.400001525878906
2022-11-10,8403.48046875,38.595001220703125
2022-11-11,8481.1298828125,38.845001220703125
2022-11-14,8407.25,39.05500030517578
2022-11-15,8481.1396484375,39.31999969482422
2022-11-16,8413.08984375,38.994998931884766
2022-11-17,8388.83984375,38.935001373291016
2022-11-18,8429.009765625,39.38999938964844
2022-11-21,8397.23046875,39.29999923706055
2022-11-22,8511.48046875,39.45000076293945
2022-11-23,8562.26953125,39.625
2022-11-24,8562.26953125,39.79999923706055
2022-11-25,8560.08984375,39.810001373291016
2022-11-28,8427.9501953125,39.57500076293945
2022-11-29,8415.26953125,39.5
2022-11-30,8678.0,39.84000015258789
2022-12-01,8671.900390625,40.08000183105469
2022-12-02,8662.23046875,39.97999954223633
2022-12-05,8507.33984375,39.7599983215332
2022-12-06,8385.16015625,39.60499954223633
2022-12-07,8369.740234375,39.43000030517578
2022-12-08,8433.900390625,39.415000915527344
2022-12-09,8372.259765625,39.64500045776367
2022-12-12,8491.8603515625,39.44499969482422
2022-12-13,8554.099609375,40.11000061035156
2022-12-14,8503.9697265625,39.97999954223633
2022-12-15,8292.6396484375,38.54999923706055
2022-12-16,8200.900390625,38.21500015258789
2022-12-19,8127.56982421875,38.29499816894531
2022-12-20,8136.2998046875,38.220001220703125
2022-12-21,8258.4296875,38.84000015258789
2022-12-22,8139.06982421875,38.349998474121094
2022-12-23,8187.06005859375,38.36000061035156
2022-12-27,8154.56982421875,38.5
2022-12-28,8056.6201171875,38.27000045776367
2022-12-29,8198.3603515625,38.70500183105469
2022-12-30,8178.02001953125,38.27000045776367
2023-01-02,8178.02001953125,38.75
2023-01-03,8145.60009765625,39.03499984741211
2023-01-04,8207.419921875,40.0
2023-01-05,8113.14990234375,39.845001220703125
2023-01-06,8298.6103515625,40.43000030517578
2023-01-09,8293.7998046875,40.935001373291016
2023-01-10,8351.6796875,40.810001373291016
2023-01-11,8459.1796875,41.220001220703125
2023-01-12,8489.080078125,41.53499984741211
2023-01-13,8523.3203125,41.73500061035156
2023-01-16,8523.3203125,41.810001373291016
2023-01-17,8506.0302734375,42.0
2023-01-18,8373.66015625,41.96500015258789
2023-01-19,8310.75,41.189998626708984
2023-01-20,8468.150390625,41.38999938964844
2023-01-23,8568.76953125,41.71500015258789
2023-01-24,8562.8701171875,41.77000045776367
2023-01-25,8561.400390625,41.70500183105469
2023-01-26,8656.259765625,41.959999084472656
2023-01-27,8678.009765625,42.0
2023-01-30,8566.2802734375,41.80500030517578
2023-01-31,8691.8798828125,41.86000061035156
2023-02-01,8782.76953125,41.939998626708984
2023-02-02,8912.349609375,42.650001525878906
2023-02-03,8820.4697265625,42.81999969482422
2023-02-06,8766.900390625,42.35499954223633
2023-02-07,8879.91015625,42.375
2023-02-08,8781.7900390625,42.310001373291016
2023-02-09,8705.580078125,42.69499969482422
2023-02-10,8726.4697265625,42.22999954223633
2023-02-13,8827.7197265625,42.654998779296875
2023-02-14,8826.3203125,42.65999984741211
2023-02-15,8853.01953125,43.07500076293945
2023-02-16,8731.75,43.20000076293945
2023-02-17,8709.2099609375,43.01499938964844
2023-02-20,8709.2099609375,42.96500015258789
2023-02-21,8534.73046875,42.75
2023-02-22,8521.4501953125,42.68000030517578
2023-02-23,8567.5703125,42.84000015258789
2023-02-24,8477.66015625,42.005001068115234
2023-02-27,8504.759765625,42.724998474121094
2023-02-28,8479.7998046875,42.599998474121094
2023-03-01,8440.25,42.404998779296875
2023-03-02,8505.5498046875,42.625
2023-03-03,8643.6103515625,43.20000076293945
2023-03-06,8649.8798828125,43.3849983215332
2023-03-07,8517.5400390625,43.04999923706055
2023-03-08,8530.330078125,43.13999938964844
2023-03-09,8374.25,43.130001068115234
2023-03-10,8253.650390625,42.619998931884766
2023-03-13,8241.3896484375,41.23500061035156
2023-03-14,8379.16015625,42.060001373291016
2023-03-15,8320.9599609375,40.42499923706055
2023-03-16,8468.330078125,41.220001220703125
2023-03-17,8375.2099609375,40.7599983215332
2023-03-20,8449.98046875,41.30500030517578
2023-03-21,8560.3095703125,41.869998931884766
2023-03-22,8420.01953125,42.04499816894531
2023-03-23,8445.8701171875,42.1349983215332
2023-03-24,8493.5498046875,41.45500183105469
2023-03-27,8507.5400390625,41.790000915527344
2023-03-28,8494.349609375,41.81999969482422
2023-03-29,8615.2900390625,42.439998626708984
2023-03-30,8665.7001953125,43.01499938964844
2023-03-31,8791.1298828125,43.31999969482422
2023-04-03,8823.66015625,43.275001525878906
2023-04-04,8773.3095703125,43.310001373291016
2023-04-05,8752.5400390625,43.14500045776367
2023-04-06,8785.7001953125,43.290000915527344
2023-04-10,8794.650390625,43.290000915527344
2023-04-11,8794.2900390625,43.529998779296875
2023-04-12,8758.1103515625,43.54499816894531
2023-04-13,8875.650390625,43.849998474121094
2023-04-14,8857.3095703125,44.10499954223633
2023-04-17,8886.759765625,43.880001068115234
2023-04-18,8894.349609375,44.154998779296875
2023-04-19,8893.599609375,44.17499923706055
2023-04-20,8841.6201171875,44.09000015258789
2023-04-21,8849.759765625,44.26499938964844
2023-04-24,8857.2998046875,44.29999923706055
2023-04-25,8717.6298828125,44.130001068115234
2023-04-26,8684.1904296875,43.814998626708984
2023-04-27,8854.3203125,43.959999084472656
2023-04-28,8928.349609375,44.040000915527344
2023-05-01,8924.919921875,44.040000915527344
2023-05-02,8821.58984375,43.435001373291016
2023-05-03,8759.9501953125,43.599998474121094
2023-05-04,8697.6796875,43.415000915527344
2023-05-05,8858.8603515625,44.03499984741211
2023-05-08,8863.009765625,44.165000915527344
2023-05-09,8823.0498046875,43.94499969482422
2023-05-10,8862.849609375,43.790000915527344
2023-05-11,8849.6904296875,43.875
2023-05-12,8837.6796875,44.0
2023-05-15,8865.0302734375,43.9900016784668
2023-05-16,8808.9501953125,43.994998931884766
2023-05-17,8915.4296875,44.095001220703125
2023-05-18,9001.25,44.540000915527344
2023-05-19,8988.4599609375,44.83000183105469
2023-05-22,8990.8896484375,44.80500030517578
2023-05-23,8890.16015625,44.3849983215332
2023-05-24,8825.259765625,43.61000061035156
2023-05-25,8902.83984375,43.650001525878906
2023-05-26,9019.6396484375,44.349998474121094
2023-05-29,9019.6396484375,44.130001068115234
2023-05-30,9020.3896484375,43.90999984741211
2023-05-31,8967.16015625,43.17499923706055
2023-06-01,9057.169921875,43.584999084472656
2023-06-02,9189.33984375,44.25
2023-06-05,9171.08984375,43.900001525878906
2023-06-06,9192.91015625,43.94499969482422
2023-06-07,9158.1396484375,43.91999816894531
2023-06-08,9215.8603515625,43.9900016784668
2023-06-09,9226.7001953125,43.900001525878906
2023-06-12,9312.7197265625,44.154998779296875
2023-06-13,9377.650390625,44.5
2023-06-14,9387.5400390625,44.790000915527344
2023-06-15,9503.5302734375,44.255001068115234
2023-06-16,9468.8095703125,44.60499954223633
2023-06-19,9468.8095703125,44.21500015258789
2023-06-20,9424.01953125,44.03499984741211
2023-06-21,9375.2099609375,43.85499954223633
2023-06-22,9410.830078125,43.70000076293945
2023-06-23,9338.83984375,43.34000015258789
2023-06-26,9297.1201171875,43.45500183105469
2023-06-27,9403.6201171875,43.724998474121094
2023-06-28,9400.2998046875,44.1349983215332
2023-06-29,9443.4599609375,44.220001220703125
2023-06-30,9559.669921875,44.65999984741211
2023-07-03,9571.349609375,44.650001525878906
2023-07-04,9571.349609375,44.564998626708984
2023-07-05,9553.6904296875,44.130001068115234
2023-07-06,9478.73046875,42.875
2023-07-07,9453.099609375,43.03499984741211
2023-07-10,9475.900390625,43.2400016784668
2023-07-11,9539.9501953125,43.55500030517578
2023-07-12,9610.8701171875,44.279998779296875
2023-07-13,9693.2998046875,44.619998931884766
2023-07-14,9683.6904296875,44.67499923706055
2023-07-17,9721.0302734375,44.244998931884766
2023-07-18,9790.2001953125,44.3849983215332
2023-07-19,9813.4599609375,44.314998626708984
2023-07-20,9748.099609375,44.41999816894531
2023-07-21,9751.259765625,44.599998474121094
2023-07-24,9790.759765625,44.525001525878906
2023-07-25,9818.490234375,44.6150016784668
2023-07-26,9817.1103515625,44.150001525878906
2023-07-27,9754.7197265625,45.21500015258789
2023-07-28,9852.009765625,45.42499923706055
2023-07-31,9866.76953125,45.435001373291016
2023-08-01,9840.7099609375,44.755001068115234
2023-08-02,9704.6298828125,44.084999084472656
2023-08-03,9680.3603515625,43.72999954223633
2023-08-04,9629.76953125,44.064998626708984
2023-08-07,9716.91015625,44.130001068115234
2023-08-08,9676.0,43.59000015258789
2023-08-09,9608.73046875,43.869998931884766
2023-08-10,9612.3603515625,44.57500076293945
2023-08-11,9603.4501953125,43.90999984741211
2023-08-14,9659.259765625,43.9900016784668
2023-08-15,9549.169921875,43.54499816894531
2023-08-16,9478.5400390625,43.54499816894531
2023-08-17,9407.26953125,42.994998931884766
2023-08-18,9406.5,42.88999938964844
2023-08-21,9471.3896484375,43.01499938964844
2023-08-22,9445.2197265625,43.369998931884766
2023-08-23,9549.73046875,43.435001373291016
2023-08-24,9421.4697265625,43.07500076293945
2023-08-25,9485.8896484375,43.15999984741211
2023-08-28,9545.4404296875,43.755001068115234
2023-08-29,9684.2197265625,44.08000183105469
2023-08-30,9722.9599609375,43.939998626708984
2023-08-31,9709.6796875,43.744998931884766
2023-09-01,9727.6396484375,43.599998474121094
2023-09-04,9727.6396484375,43.54999923706055
2023-09-05,9687.259765625,43.46500015258789
2023-09-06,9619.98046875,43.130001068115234
2023-09-07,9590.400390625,42.959999084472656
2023-09-08,9604.76953125,43.14500045776367
2023-09-11,9669.3603515625,43.290000915527344
2023-09-12,9614.66015625,43.189998626708984
2023-09-13,9626.6796875,42.970001220703125
2023-09-14,9710.5400390625,43.57500076293945
2023-09-15,9592.8603515625,43.064998626708984
2023-09-18,9599.9296875,42.595001220703125
2023-09-19,9579.26953125,42.57500076293945
2023-09-20,9489.919921875,42.974998474121094
2023-09-21,9334.58984375,42.32500076293945
2023-09-22,9313.2998046875,42.23500061035156
2023-09-25,9350.900390625,41.83000183105469
2023-09-26,9213.7197265625,41.43000030517578
2023-09-27,9216.01953125,41.40999984741211
2023-09-28,9271.5498046875,41.744998931884766
2023-09-29,9246.740234375,41.8650016784668
2023-10-02,9247.509765625,41.5
2023-10-03,9121.1396484375,41.08000183105469
2023-10-04,9195.1396484375,41.125
2023-10-05,9184.8095703125,41.154998779296875
2023-10-06,9294.8203125,41.6150016784668
2023-10-09,9353.41015625,41.28499984741211
2023-10-10,9402.3095703125,42.220001220703125
2023-10-11,9443.1298828125,42.209999084472656
2023-10-12,9385.16015625,42.150001525878906
2023-10-13,9338.08984375,41.5
2023-10-16,9437.3095703125,41.689998626708984
2023-10-17,9436.3603515625,41.709999084472656
2023-10-18,9309.919921875,41.220001220703125
2023-10-19,9231.73046875,41.08000183105469
2023-10-20,9115.83984375,40.47999954223633
2023-10-23,9100.490234375,40.630001068115234
2023-10-24,9166.7998046875,40.81999969482422
2023-10-25,9035.400390625,40.875
2023-10-26,8928.6298828125,40.654998779296875
2023-10-27,8885.9404296875,40.30500030517578
2023-10-30,8993.4599609375,40.46500015258789
2023-10-31,9052.3095703125,40.7400016784668
2023-11-01,9147.4501953125,41.1150016784668
2023-11-02,9320.5595703125,41.915000915527344
2023-11-03,9408.5595703125,41.94499969482422
2023-11-06,9425.33984375,41.775001525878906
2023-11-07,9452.2802734375,41.73500061035156
2023-11-08,9462.25,42.025001525878906
2023-11-09,9387.58984375,42.51499938964844
2023-11-10,9535.6298828125,42.18000030517578
2023-11-13,9528.25,42.540000915527344
2023-11-14,9712.009765625,43.150001525878906
2023-11-15,9729.3095703125,43.36000061035156
2023-11-16,9743.2197265625,43.220001220703125
2023-11-17,9755.919921875,43.599998474121094
2023-11-20,9829.01953125,43.650001525878906
2023-11-21,9809.3896484375,43.540000915527344
2023-11-22,9849.740234375,43.790000915527344
2023-11-23,9849.740234375,43.869998931884766
2023-11-24,9855.83984375,43.97999954223633
2023-11-27,9836.75,43.79999923706055
2023-11-28,9846.4296875,43.73500061035156
2023-11-29,9838.8203125,43.974998474121094
2023-11-30,9879.01953125,44.064998626708984
2023-12-01,9937.8896484375,44.39500045776367
2023-12-04,9884.169921875,44.39500045776367
2023-12-05,9878.9697265625,44.39500045776367
2023-12-06,9840.650390625,44.39500045776367
2023-12-07,9920.6396484375,44.994998931884766
2023-12-08,9961.5,45.494998931884766
2023-12-11,10000.6396484375,45.63999938964844
2023-12-12,10047.0400390625,45.6349983215332
2023-12-13,10184.3798828125,45.55500030517578
2023-12-14,10213.6904296875,45.65999984741211
2023-12-15,10213.48046875,45.69499969482422
2023-12-18,10259.849609375,45.375
2023-12-19,10320.8603515625,45.52000045776367
2023-12-20,10170.509765625,45.54999923706055
2023-12-21,10275.2998046875,45.435001373291016
2023-12-22,10292.3701171875,45.400001525878906
2023-12-26,10335.98046875,45.400001525878906
2023-12-27,10351.599609375,45.474998474121094
2023-12-28,10356.58984375,45.314998626708984
2023-12-29,10327.830078125,45.48500061035156
2024-01-02,10269.6904296875,45.290000915527344
2024-01-03,10187.7900390625,44.63999938964844
2024-01-04,10154.2001953125,44.92499923706055
2024-01-05,10172.75,44.810001373291016
2024-01-08,10316.51953125,45.02000045776367
2024-01-09,10302.73046875,44.86000061035156
2024-01-10,10361.26953125,44.869998931884766
2024-01-11,10354.6904296875,44.60499954223633
2024-01-12,10363.349609375,44.994998931884766
2024-01-15,10363.349609375,44.7400016784668
2024-01-16,10324.830078125,44.6349983215332
2024-01-17,10267.0498046875,44.255001068115234
2024-01-18,10358.2900390625,44.75
2024-01-19,10486.4404296875,44.67499923706055
2024-01-22,10509.4404296875,45.04999923706055
2024-01-23,10540.3798828125,44.875
2024-01-24,10549.0400390625,45.869998931884766
2024-01-25,10605.1298828125,46.03499984741211
2024-01-26,10598.23046875,46.58000183105469
2024-01-29,10678.5,46.60499954223633
2024-01-30,10672.9501953125,46.849998474121094
2024-01-31,10501.3798828125,46.71500015258789
2024-02-01,10633.1396484375,46.619998931884766
2024-02-02,10747.25,46.80500030517578
2024-02-05,10713.1103515625,46.78499984741211
2024-02-06,10738.169921875,47.150001525878906
2024-02-07,10826.8095703125,47.040000915527344
2024-02-08,10834.3603515625,47.349998474121094
2024-02-09,10897.6103515625,47.42499923706055
2024-02-12,10887.41015625,47.7400016784668
2024-02-13,10739.8095703125,47.165000915527344
2024-02-14,10844.7197265625,47.400001525878906
2024-02-15,10910.3095703125,47.720001220703125
2024-02-16,10859.6298828125,47.93000030517578
2024-02-19,10859.6298828125,47.90999984741211
2024-02-20,10794.7998046875,47.880001068115234
2024-02-21,10808.9296875,48.02000045776367
2024-02-22,11037.8203125,48.849998474121094
2024-02-23,11041.900390625,49.029998779296875
2024-02-26,11000.5,48.94499969482422
2024-02-27,11019.4404296875,49.154998779296875
2024-02-28,11002.2001953125,49.150001525878906
2024-02-29,11062.1103515625,49.099998474121094
2024-03-01,11151.33984375,49.2599983215332
2024-03-04,11138.4296875,49.43000030517578
2024-03-05,11025.16015625,49.2599983215332
2024-03-06,11082.650390625,49.51499938964844
2024-03-07,11198.3896484375,50.099998474121094
2024-03-08,11126.0703125,49.959999084472656
2024-03-11,11113.6103515625,49.6349983215332
2024-03-12,11238.4599609375,50.18000030517578
2024-03-13,11217.2998046875,50.380001068115234
2024-03-14,11187.849609375,50.290000915527344
2024-03-15,11115.6904296875,50.16999816894531
2024-03-18,11186.0400390625,50.06999969482422
2024-03-19,11249.23046875,50.310001373291016
2024-03-20,11350.8896484375,50.279998779296875
2024-03-21,11387.8896484375,50.79999923706055
2024-03-22,11372.490234375,50.61000061035156
2024-03-25,11337.740234375,50.790000915527344
2024-03-26,11306.009765625,50.97999954223633
2024-03-27,11404.9501953125,51.150001525878906
2024-03-28,11418.0302734375,51.150001525878906
2024-04-01,11395.080078125,51.150001525878906
2024-04-02,11312.900390625,50.7599983215332
2024-04-03,11325.7802734375,51.0
2024-04-04,11187.490234375,51.060001373291016
2024-04-05,11311.7001953125,50.439998626708984
2024-04-08,11307.66015625,50.779998779296875
2024-04-09,11325.6298828125,50.220001220703125
2024-04-10,11218.73046875,50.27000045776367
2024-04-11,11302.5302734375,49.98500061035156
2024-04-12,11139.3798828125,49.89500045776367
2024-04-15,11005.6103515625,50.16999816894531
2024-04-16,10982.990234375,49.505001068115234
2024-04-17,10919.490234375,49.52000045776367
2024-04-18,10896.0703125,49.71500015258789
2024-04-19,10801.16015625,49.52000045776367
2024-04-22,10895.4697265625,49.85499954223633
2024-04-23,11026.0595703125,50.619998931884766
2024-04-24,11028.4599609375,50.470001220703125
2024-04-25,10978.2001953125,49.959999084472656
2024-04-26,11090.4599609375,50.7599983215332
2024-04-29,11126.2802734375,50.5
2024-04-30,10951.66015625,49.9900016784668
2024-05-01,10914.1103515625,49.9900016784668
2024-05-02,11013.91015625,49.650001525878906
2024-05-03,11152.759765625,49.9900016784668
2024-05-06,11268.23046875,50.400001525878906
2024-05-07,11283.9599609375,50.9900016784668
2024-05-08,11283.91015625,51.2400016784668
2024-05-09,11343.5498046875,51.54999923706055
2024-05-10,11364.0400390625,51.790000915527344
2024-05-13,11361.4599609375,51.79999923706055
2024-05-14,11418.1201171875,51.84000015258789
2024-05-15,11554.0400390625,52.04999923706055
2024-05-16,11532.3603515625,51.83000183105469
2024-05-17,11546.2802734375,51.75
2024-05-20,11557.83984375,51.93000030517578
2024-05-21,11587.0498046875,51.68000030517578
2024-05-22,11555.83984375,51.47999954223633
2024-05-23,11470.98046875,51.59000015258789
2024-05-24,11551.5595703125,51.56999969482422
2024-05-27,11551.5595703125,51.81999969482422
2024-05-28,11554.4501953125,51.58000183105469
2024-05-29,11469.4599609375,50.91999816894531
2024-05-30,11402.099609375,51.130001068115234
2024-05-31,11494.7001953125,51.09000015258789
2024-06-03,11508.8896484375,51.34000015258789
2024-06-04,11526.8095703125,50.790000915527344
2024-06-05,11663.5498046875,51.599998474121094
2024-06-06,11661.3701171875,51.9900016784668
2024-06-07,11650.490234375,51.790000915527344
2024-06-10,11681.5400390625,51.439998626708984
2024-06-11,11713.2998046875,50.91999816894531
2024-06-12,11813.169921875,51.66999816894531
2024-06-13,11841.01953125,50.630001068115234
2024-06-14,11839.26953125,49.63999938964844
2024-06-17,11931.48046875,49.51499938964844
2024-06-18,11961.9296875,49.875
2024-06-19,11961.9296875,49.584999084472656
2024-06-20,11931.7998046875,50.22999954223633
2024-06-21,11913.7802734375,49.775001525878906
2024-06-24,11878.0400390625,50.2400016784668
2024-06-25,11924.75,50.06999969482422
2024-06-26,11943.5302734375,49.8650016784668
2024-06-27,11954.5,49.73500061035156
2024-06-28,11907.150390625,49.654998779296875
2024-07-01,11939.3798828125,50.02000045776367
2024-07-02,12013.400390625,49.790000915527344
2024-07-03,12074.830078125,50.40999984741211
2024-07-04,12074.830078125,50.630001068115234
2024-07-05,12142.5400390625,50.540000915527344
2024-07-08,12155.26953125,50.47999954223633
2024-07-09,12164.5703125,49.790000915527344
2024-07-10,12290.2099609375,50.369998931884766
2024-07-11,12182.9697265625,50.540000915527344
2024-07-12,12250.1904296875,51.209999084472656
2024-07-15,12286.0498046875,50.61000061035156
2024-07-16,12364.5595703125,50.209999084472656
2024-07-17,12192.490234375,49.720001220703125
2024-07-18,12097.25,49.474998474121094
2024-07-19,12011.6103515625,49.0
2024-07-22,12141.75,49.77000045776367
2024-07-23,12122.830078125,49.959999084472656
2024-07-24,11842.3603515625,49.404998779296875
2024-07-25,11781.5703125,48.869998931884766
2024-07-26,11913.0400390625,49.3650016784668
2024-07-29,11922.8896484375,48.8849983215332
2024-07-30,11863.7998046875,49.1349983215332
2024-07-31,12052.08984375,49.48500061035156
2024-08-01,11887.5400390625,48.334999084472656
2024-08-02,11669.1796875,47.185001373291016
2024-08-05,11319.9599609375,46.46500015258789
2024-08-06,11437.3203125,46.5
2024-08-07,11349.240234375,47.470001220703125
2024-08-08,11610.83984375,47.45500183105469
2024-08-09,11666.490234375,47.53499984741211
2024-08-12,11668.58984375,47.494998931884766
2024-08-13,11865.2900390625,47.7400016784668
2024-08-14,11911.01953125,48.0
2024-08-15,12106.6796875,48.935001373291016
2024-08-16,12132.48046875,49.189998626708984
2024-08-19,12251.740234375,49.48500061035156
2024-08-20,12227.7998046875,49.345001220703125
2024-08-21,12280.1796875,49.630001068115234
2024-08-22,12170.7099609375,49.630001068115234
2024-08-23,12310.6298828125,49.85499954223633
2024-08-26,12272.080078125,49.724998474121094
2024-08-27,12292.6396484375,49.755001068115234
2024-08-28,12219.23046875,49.94499969482422
2024-08-29,12219.3798828125,50.47999954223633
2024-08-30,12344.4296875,50.380001068115234
2024-09-02,12344.4296875,50.529998779296875
2024-09-03,12084.5703125,49.96500015258789
2024-09-04,12065.6904296875,49.310001373291016
2024-09-05,12029.7197265625,48.994998931884766
2024-09-06,11823.5703125,48.15999984741211
2024-09-09,11961.740234375,48.63999938964844
2024-09-10,12015.5703125,48.27000045776367
2024-09-11,12143.849609375,48.40999984741211
2024-09-12,12235.0595703125,48.959999084472656
2024-09-13,12303.259765625,49.25
2024-09-16,12321.2099609375,48.45000076293945
2024-09-17,12324.75,48.79999923706055
2024-09-18,12289.259765625,48.54499816894531
2024-09-19,12498.58984375,49.6349983215332
2024-09-20,12474.4404296875,48.89500045776367
2024-09-23,12509.6103515625,49.060001373291016
2024-09-24,12541.08984375,49.60499954223633
2024-09-25,12517.8203125,49.43000030517578
2024-09-26,12569.1298828125,50.5
2024-09-27,12553.7802734375,50.88999938964844
2024-09-30,12608.0703125,50.220001220703125
2024-10-01,12490.8701171875,49.775001525878906
2024-10-02,12493.349609375,49.880001068115234
2024-10-03,12472.3896484375,49.46500015258789
2024-10-04,12586.91015625,49.814998626708984
2024-10-07,12466.41015625,49.935001373291016
2024-10-08,12587.25,49.77000045776367
2024-10-09,12677.16015625,50.119998931884766
2024-10-10,12652.83984375,49.97999954223633
2024-10-11,12729.51953125,50.33000183105469
2024-10-14,12827.6298828125,50.709999084472656
2024-10-15,12731.099609375,49.79999923706055
2024-10-16,12790.83984375,49.39500045776367
2024-10-17,12788.7802734375,49.75
2024-10-18,12840.2998046875,50.130001068115234
2024-10-21,12817.3896484375,49.709999084472656
2024-10-22,12811.3603515625,49.665000915527344
2024-10-23,12693.8203125,49.51499938964844
2024-10-24,12721.0498046875,49.650001525878906
2024-10-25,12717.33984375,49.689998626708984
2024-10-28,12751.2197265625,49.994998931884766
2024-10-29,12771.7998046875,49.775001525878906
2024-10-30,12729.73046875,49.154998779296875
2024-10-31,12493.740234375,48.57500076293945
2024-11-01,12545.400390625,49.119998931884766
2024-11-04,12510.73046875,48.86000061035156
2024-11-05,12664.3203125,49.0099983215332
2024-11-06,12984.73046875,48.310001373291016
2024-11-07,13081.5302734375,48.82500076293945
2024-11-08,13133.4697265625,48.29499816894531
2024-11-11,13146.2001953125,48.849998474121094
2024-11-12,13108.9501953125,47.76499938964844
2024-11-13,13112.5703125,47.685001373291016
2024-11-14,13034.7900390625,48.625
2024-11-15,12864.419921875,48.20000076293945
2024-11-18,12916.7998046875,48.279998779296875
2024-11-19,12968.16015625,47.8650016784668
2024-11-20,12968.849609375,47.6349983215332
2024-11-21,13040.080078125,47.86000061035156
2024-11-22,13085.8603515625,48.20500183105469
2024-11-25,13125.4599609375,48.310001373291016
2024-11-26,13201.4697265625,47.9900016784668
2024-11-27,13152.080078125,47.744998931884766
2024-11-28,13152.080078125,47.98500061035156
2024-11-29,13227.1298828125,48.40999984741211
2024-12-02,13261.080078125,48.85499954223633
2024-12-03,13267.330078125,49.17499923706055
2024-12-04,13347.8798828125,49.625
2024-12-05,13323.740234375,49.90999984741211
2024-12-06,13358.5,50.189998626708984
2024-12-09,13278.2900390625,50.2400016784668
2024-12-10,13239.2099609375,49.95500183105469
2024-12-11,13347.509765625,50.029998779296875
2024-12-12,13275.240234375,50.04999923706055
2024-12-13,13276.5595703125,50.060001373291016
2024-12-16,13328.7802734375,49.724998474121094
2024-12-17,13277.5498046875,49.724998474121094
2024-12-18,12886.2099609375,49.79499816894531
2024-12-19,12875.08984375,49.05500030517578
2024-12-20,13015.66015625,48.935001373291016
2024-12-23,13111.2998046875,48.7599983215332
2024-12-24,13256.0703125,48.7599983215332
2024-12-26,13251.759765625,48.7599983215332
2024-12-27,13106.3896484375,49.20500183105469
2024-12-30,12966.2197265625,49.09000015258789
2024-12-31,12911.8203125,49.09000015258789
2025-01-02,12883.580078125,49.44499969482422
2025-01-03,13046.8798828125,48.959999084472656
2025-01-06,13120.1396484375,50.15999984741211
2025-01-07,12974.58984375,50.349998474121094
2025-01-08,12995.1298828125,50.25
2025-01-09,12995.1298828125,50.43000030517578
2025-01-10,12797.3896484375,50.040000915527344
2025-01-13,12817.5595703125,49.79999923706055
2025-01-14,12832.2900390625,50.08000183105469
2025-01-15,13068.5595703125,50.650001525878906
2025-01-16,13041.1904296875,51.33000183105469
2025-01-17,13171.75,51.7599983215332
2025-01-20,13171.75,51.95000076293945
2025-01-21,13287.580078125,51.95000076293945
2025-01-22,13369.3603515625,52.369998931884766
2025-01-23,13440.6103515625,52.5099983215332
2025-01-24,13403.509765625,52.5
2025-01-27,13208.1904296875,52.189998626708984
2025-01-28,13329.9501953125,52.279998779296875
2025-01-29,13267.650390625,52.619998931884766
2025-01-30,13337.849609375,53.16999816894531
2025-01-31,13271.3798828125,53.16999816894531
2025-02-03,13171.2099609375,52.5099983215332
2025-02-04,13266.4501953125,52.970001220703125
2025-02-05,13318.4296875,53.040000915527344
2025-02-06,13366.9599609375,53.900001525878906
2025-02-07,13241.33984375,53.59000015258789
2025-02-10,13332.150390625,53.959999084472656
2025-02-11,13337.0,54.27000045776367
2025-02-12,13302.099609375,54.40999984741211
2025-02-13,13440.9296875,55.38999938964844
2025-02-14,13443.099609375,55.349998474121094
2025-02-17,13443.099609375,55.650001525878906
2025-02-18,13478.01953125,55.79999923706055
2025-02-19,13510.2900390625,55.029998779296875
2025-02-20,13453.5400390625,55.04999923706055
2025-02-21,13224.4501953125,55.189998626708984
2025-02-24,13159.2099609375,54.97999954223633
2025-02-25,13097.849609375,54.93000030517578
2025-02-26,13099.91015625,55.7400016784668
2025-02-27,12892.2001953125,55.16999816894531
2025-02-28,13098.2197265625,55.11000061035156
2025-03-03,12868.9501953125,55.95000076293945
2025-03-04,12711.8603515625,54.34000015258789
2025-03-05,12853.990234375,55.31999969482422
2025-03-06,12625.3095703125,55.56999969482422
2025-03-07,12696.900390625,55.06999969482422
2025-03-10,12356.6904296875,54.279998779296875
2025-03-11,12263.3095703125,53.52000045776367
2025-03-12,12323.5,54.02000045776367
2025-03-13,12153.330078125,53.650001525878906
2025-03-14,12414.2802734375,54.470001220703125
2025-03-17,12494.8203125,54.72999954223633
2025-03-18,12362.16015625,55.09000015258789
2025-03-19,12495.740234375,55.31999969482422
2025-03-20,12469.9697265625,54.75
2025-03-21,12480.58984375,54.459999084472656
2025-03-24,12700.91015625,54.43000030517578
2025-03-25,12721.41015625,55.06999969482422
2025-03-26,12579.48046875,54.45000076293945
2025-03-27,12537.9296875,54.150001525878906
2025-03-28,12290.8603515625,53.709999084472656
2025-03-31,12360.2099609375,52.88999938964844
2025-04-01,12407.259765625,53.54999923706055
2025-04-02,12491.099609375,53.41999816894531
2025-04-03,11887.150390625,51.4900016784668
2025-04-04,11178.48046875,49.125
2025-04-07,11152.5595703125,46.904998779296875
2025-04-08,10977.5,48.15999984741211
2025-04-09,12022.2099609375,46.54499816894531
2025-04-10,11608.2197265625,48.4900016784668
2025-04-11,11818.5302734375,48.29499816894531
2025-04-14,11912.4501953125,49.470001220703125
2025-04-15,11892.990234375,50.119998931884766
2025-04-16,11626.7900390625,50.04999923706055
2025-04-17,11642.400390625,49.775001525878906
2025-04-21,11368.98046875,49.775001525878906
2025-04-22,11654.830078125,50.099998474121094
2025-04-23,11849.25,51.5099983215332
2025-04-24,12089.3095703125,51.72999954223633
2025-04-25,12178.490234375,52.15999984741211
2025-04-28,12186.51953125,52.27000045776367
2025-04-29,12257.26953125,52.25
2025-04-30,12276.3896484375,52.15999984741211
2025-05-01,12353.8701171875,52.15999984741211
2025-05-02,12536.2001953125,53.5
2025-05-05,12456.83984375,53.65999984741211
2025-05-06,12361.16015625,53.47999954223633
2025-05-07,12414.98046875,53.20000076293945
2025-05-08,12487.0,53.79999923706055
2025-05-09,12480.3095703125,54.09000015258789
2025-05-12,12888.1298828125,54.959999084472656
2025-05-13,12981.8896484375,55.25
2025-05-14,12995.7802734375,55.119998931884766
2025-05-15,13052.7197265625,55.209999084472656
2025-05-16,13145.8798828125,55.41999816894531
2025-05-19,13159.3095703125,55.560001373291016
2025-05-20,13108.51953125,55.869998931884766
2025-05-21,12897.419921875,55.83000183105469
2025-05-22,12891.9501953125,55.560001373291016
2025-05-23,12806.240234375,54.54999923706055
2025-05-26,12806.240234375,55.2599983215332
2025-05-27,13069.3203125,55.5099983215332
2025-05-28,12996.669921875,55.08000183105469
2025-05-29,13049.009765625,55.04999923706055
2025-05-30,13049.1298828125,54.95000076293945
2025-06-02,13104.240234375,54.849998474121094
2025-06-03,13180.4501953125,55.060001373291016
2025-06-04,13181.9697265625,55.380001068115234
2025-06-05,13113.4697265625,55.41999816894531
2025-06-06,13249.8095703125,55.630001068115234
2025-06-09,13263.1298828125,55.54999923706055
2025-06-10,13336.2900390625,55.470001220703125
2025-06-11,13299.8701171875,55.290000915527344
2025-06-12,13350.849609375,54.939998626708984
2025-06-13,13202.259765625,54.279998779296875
2025-06-16,13328.4296875,54.29999923706055
2025-06-17,13217.51953125,53.790000915527344
2025-06-18,13213.8798828125,53.58000183105469
2025-06-19,13213.8798828125,52.939998626708984
2025-06-20,13185.83984375,53.33000183105469
2025-06-23,13312.75,53.18000030517578
2025-06-24,13461.099609375,53.95000076293945
2025-06-25,13461.169921875,53.459999084472656
2025-06-26,13569.2900390625,53.41999816894531
2025-06-27,13641.099609375,54.25
2025-06-30,13712.7099609375,54.029998779296875
2025-07-01,13697.6796875,53.7599983215332
2025-07-02,13763.0400390625,54.130001068115234
2025-07-03,13879.98046875,54.38999938964844
2025-07-04,13879.98046875,53.86000061035156
2025-07-07,13771.1103515625,54.40999984741211
2025-07-08,13761.330078125,54.7599983215332
2025-07-09,13844.919921875,55.470001220703125
2025-07-10,13884.8896484375,55.380001068115234
2025-07-11,13839.1103515625,54.81999969482422
2025-07-14,13858.6201171875,54.68000030517578
2025-07-15,13805.080078125,54.5
2025-07-16,13849.169921875,53.959999084472656
2025-07-17,13923.75,54.779998779296875
2025-07-18,13923.349609375,54.560001373291016
2025-07-21,13943.16015625,54.439998626708984
2025-07-22,13952.349609375,53.900001525878906
2025-07-23,14061.51953125,54.45000076293945
2025-07-24,14071.4501953125,54.54999923706055
2025-07-25,14128.1201171875,54.54999923706055
2025-07-28,14130.6103515625,54.369998931884766
2025-07-29,14088.8603515625,54.79999923706055
2025-07-30,14071.33984375,54.959999084472656
2025-07-31,14020.4599609375,54.2400016784668
2025-08-01,13796.830078125,52.689998626708984
2025-08-04,14000.6904296875,53.47999954223633
2025-08-05,13932.8798828125,53.540000915527344
2025-08-06,14034.349609375,53.70000076293945
2025-08-07,14023.349609375,54.400001525878906
2025-08-08,14134.01953125,54.4900016784668
2025-08-11,14100.0302734375,54.349998474121094
2025-08-12,14260.4296875,54.400001525878906
2025-08-13,14306.9599609375,54.91999816894531
2025-08-14,14311.8095703125,55.40999984741211
2025-08-15,14273.5703125,55.59000015258789
2025-08-18,14273.2197265625,55.369998931884766
2025-08-19,14190.7998046875,55.869998931884766
2025-08-20,14156.650390625,55.7599983215332
2025-08-21,14101.7900390625,55.68000030517578
2025-08-22,14316.5498046875,55.95000076293945
2025-08-25,14255.759765625,55.45000076293945
2025-08-26,14315.599609375,54.880001068115234
2025-08-27,14349.8603515625,54.9900016784668
2025-08-28,14395.509765625,55.02000045776367
2025-08-29,14304.6796875,54.529998779296875
2025-09-01,14304.6796875,54.7599983215332
2025-09-02,14208.5,53.9900016784668
2025-09-03,14281.23046875,54.34000015258789
2025-09-04,14401.7099609375,54.56999969482422
2025-09-05,14358.1103515625,54.29999923706055
2025-09-08,14389.1298828125,54.72999954223633
2025-09-09,14428.25,54.75
2025-09-10,14471.7099609375,54.65999984741211
2025-09-11,14594.6396484375,54.959999084472656
2025-09-12,14588.1796875,54.97999954223633
2025-09-15,14660.1298828125,54.720001220703125
2025-09-16,14641.76953125,54.04999923706055
2025-09-17,14627.7998046875,54.02000045776367
2025-09-18,14698.080078125,54.90999984741211
2025-09-19,14769.9296875,54.91999816894531
2025-09-22,14836.26953125,54.72999954223633
2025-09-23,14754.6298828125,55.09000015258789
2025-09-24,14712.7197265625,54.959999084472656
2025-09-25,14639.1796875,54.75
2025-09-26,14725.98046875,55.34000015258789
2025-09-29,14764.919921875,55.439998626708984
2025-09-30,14826.7998046875,55.59000015258789
2025-10-01,14877.9599609375,56.209999084472656
2025-10-02,14887.3203125,56.86000061035156
2025-10-03,14889.83984375,56.88999938964844
2025-10-06,14945.23046875,56.65999984741211
2025-10-07,14888.3701171875,56.529998779296875
2025-10-08,14975.1298828125,56.90999984741211
2025-10-09,14934.3798828125,56.650001525878906
2025-10-10,14531.41015625,55.66999816894531
2025-10-13,14758.0703125,56.09000015258789
2025-10-14,14735.2099609375,55.95000076293945
2025-10-15,14795.66015625,56.43000030517578
2025-10-16,14702.5703125,56.95000076293945
2025-10-17,14780.3603515625,56.470001220703125
2025-10-20,14938.2900390625,57.22999954223633
2025-10-21,14938.830078125,57.290000915527344
2025-10-22,14859.330078125,56.75
2025-10-23,14946.1298828125,57.04999923706055
2025-10-24,15064.91015625,57.04999923706055
2025-10-27,15250.1396484375,57.47999954223633
2025-10-28,15285.099609375,57.459999084472656
2025-10-29,15284.5302734375,57.459999084472656
2025-10-30,15133.23046875,57.400001525878906
2025-10-31,15173.9501953125,57.060001373291016
2025-11-03,15201.0,57.189998626708984
2025-11-04,15022.75,57.060001373291016
2025-11-05,15077.7099609375,57.130001068115234
2025-11-06,14909.2802734375,56.5
2025-11-07,14929.6298828125,56.08000183105469
2025-11-10,15161.4697265625,57.08000183105469
2025-11-11,15192.9404296875,57.720001220703125
2025-11-12,15203.1298828125,58.369998931884766
2025-11-13,14951.8701171875,57.900001525878906
2025-11-14,14947.51953125,57.400001525878906
2025-11-17,14812.01953125,56.90999984741211
2025-11-18,14690.8095703125,55.81999969482422
2025-11-19,14746.4404296875,55.88999938964844
2025-11-20,14518.9501953125,56.119998931884766
2025-11-21,14662.6796875,55.720001220703125
2025-11-24,14889.669921875,55.83000183105469
2025-11-25,15025.5400390625,56.310001373291016
2025-11-26,15129.5703125,57.130001068115234
2025-11-27,15129.5703125,57.099998474121094
2025-11-28,15211.1396484375,57.27000045776367
2025-12-01,15132.0,57.25
2025-12-02,15169.6298828125,57.4900016784668
2025-12-03,15215.33984375,57.529998779296875
2025-12-04,15232.8095703125,57.79999923706055
2025-12-05,15264.6396484375,57.83000183105469
2025-12-08,15212.83984375,57.810001373291016
2025-12-09,15199.66015625,57.779998779296875
2025-12-10,15302.75,57.68000030517578
2025-12-11,15334.740234375,58.13999938964844
2025-12-12,15172.1298828125,57.7400016784668
2025-12-15,15150.4599609375,57.939998626708984
2025-12-16,15114.919921875,57.619998931884766
2025-12-17,14940.009765625,57.2599983215332
2025-12-18,15058.7099609375,57.88999938964844
2025-12-19,15191.849609375,58.040000915527344
2025-12-22,15290.5498046875,57.869998931884766
2025-12-23,15360.1796875,57.939998626708984
2025-12-24,15409.7001953125,57.939998626708984
2025-12-26,15406.48046875,57.939998626708984
2025-12-29,15353.16015625,57.9900016784668
2025-12-30,15332.0703125,58.400001525878906
2025-12-31,15220.4501953125,58.400001525878906
2026-01-02,15252.8203125,58.970001220703125
2026-01-05,15349.7802734375,59.68000030517578
2026-01-06,15446.0302734375,59.79999923706055
2026-01-07,15392.990234375,59.70000076293945
2026-01-08,15394.1796875,59.470001220703125
2026-01-09,15494.509765625,60.439998626708984
2026-01-12,15520.259765625,60.630001068115234
2026-01-13,15490.4501953125,60.7599983215332
2026-01-14,15408.150390625,60.560001373291016
2026-01-15,15448.2998046875,60.880001068115234
2026-01-16,15439.4697265625,60.7599983215332
2026-01-19,15439.4697265625,59.720001220703125
2026-01-20,15121.51953125,59.45000076293945
2026-01-21,15297.01953125,59.310001373291016
2026-01-22,15381.2197265625,60.060001373291016
2026-01-23,15387.6298828125,59.9900016784668
2026-01-26,15464.66015625,60.099998474121094
2026-01-27,15527.8203125,60.439998626708984
2026-01-28,15526.6904296875,59.849998474121094
2026-01-29,15506.83984375,59.45000076293945
2026-01-30,15441.150390625,60.029998779296875
2026-02-02,15525.1103515625,60.58000183105469
2026-02-03,15394.75,60.4900016784668
2026-02-04,15316.75,60.2400016784668
2026-02-05,15129.23046875,59.84000015258789
2026-02-06,15427.830078125,60.54999923706055
2026-02-09,15501.650390625,61.11000061035156
2026-02-10,15451.3203125,60.97999954223633
2026-02-11,15451.0,60.880001068115234
2026-02-12,15210.2998046875,60.709999084472656
2026-02-13,15220.1298828125,60.43000030517578
2026-02-16,15220.1298828125,60.380001068115234
2026-02-17,15237.83984375,60.81999969482422
2026-02-18,15323.23046875,61.63999938964844
2026-02-19,15282.08984375,61.13999938964844
2026-02-20,15388.6396484375,61.91999816894531
2026-02-23,15229.2802734375,61.75
2026-02-24,15346.740234375,61.790000915527344
2026-02-25,15472.0595703125,62.34000015258789
2026-02-26,15389.1298828125,62.209999084472656
2026-02-27,15323.7998046875,61.970001220703125
2026-03-02,15331.1796875,60.439998626708984
2026-03-03,15186.990234375,58.369998931884766
2026-03-04,15305.009765625,59.36000061035156
2026-03-05,15219.1396484375,58.43000030517578
2026-03-06,15019.2001953125,57.849998474121094
2026-03-09,15145.3798828125,57.52000045776367
2026-03-10,15114.7001953125,59.0
2026-03-11,15102.5703125,58.599998474121094
2026-03-12,14873.2197265625,58.130001068115234
2026-03-13,14785.0703125,57.72999954223633
2026-03-16,14936.3701171875,57.79999923706055
2026-03-17,14974.1796875,58.06999969482422
2026-03-18,14770.48046875,57.7599983215332
2026-03-19,14730.740234375,56.58000183105469
2026-03-20,14508.1201171875,55.470001220703125
2026-03-23,14675.169921875,56.18000030517578
2026-03-24,14620.3798828125,56.22999954223633
2026-03-25,14700.1796875,57.029998779296875
2026-03-26,14444.3603515625,56.13999938964844
2026-03-27,14203.240234375,55.540000915527344
2026-03-30,14147.3095703125,55.88999938964844
2026-03-31,14560.75,56.13999938964844
2026-04-01,14665.6796875,57.810001373291016
2026-04-02,14683.2001953125,57.470001220703125
2026-04-06,14749.3095703125,57.470001220703125
2026-04-07,14760.6396484375,56.84000015258789
2026-04-08,15130.8603515625,59.70000076293945
2026-04-09,15225.1796875,59.529998779296875
2026-04-10,15209.3798828125,59.779998779296875
2026-04-13,15364.1103515625,59.59000015258789
2026-04-14,15545.5498046875,60.43000030517578
2026-04-15,15670.76953125,59.970001220703125
2026-04-16,15711.7998046875,59.90999984741211
2026-04-17,15901.0302734375,61.22999954223633
2026-04-20,15863.6796875,60.4900016784668
2026-04-21,15763.01953125,59.959999084472656
2026-04-22,15928.16015625,59.79999923706055
2026-04-23,15862.5498046875,59.689998626708984
2026-04-24,15989.6904296875,59.619998931884766
2026-04-27,16009.490234375,59.38999938964844
2026-04-28,15931.2197265625,59.130001068115234
2026-04-29,15924.900390625,58.9900016784668
2026-04-30,16088.5595703125,59.709999084472656
2026-05-01,16136.0302734375,59.709999084472656
2026-05-04,16071.4404296875,58.5099983215332
2026-05-05,16202.3798828125,59.75
2026-05-06,16438.759765625,61.31999969482422
2026-05-07,16376.349609375,60.7599983215332
2026-05-08,16516.80078125,60.290000915527344
2026-05-11,16549.25,60.16999816894531
2026-05-12,16523.2890625,59.349998474121094
2026-05-13,16620.58984375,59.90999984741211
2026-05-14,16748.2109375,60.619998931884766
2026-05-15,16544.279296875,59.540000915527344
2026-05-18,16533.109375,59.88999938964844
2026-05-19,16423.779296875,59.84000015258789
2026-05-20,16601.419921875,61.13999938964844
2026-05-21,16631.9296875,61.0
2026-05-22,16694.890625,61.61000061035156
2026-05-25,16694.890625,62.83000183105469
2026-05-26,16797.919921875,62.11000061035156
2026-05-27,16800.859375,62.130001068115234
2026-05-28,16897.640625,61.97999954223633
2026-05-29,16935.349609375,61.93000030517578
2026-06-01,16981.099609375,61.79999923706055
2026-06-02,17003.5703125,62.56999969482422
2026-06-03,16878.490234375,62.029998779296875
2026-06-04,16949.849609375,62.4900016784668
2026-06-05,16503.9609375,62.08000183105469
2026-06-08,16553.779296875,62.18000030517578
2026-06-09,16511.7109375,62.09000015258789
2026-06-10,16244.650390625,61.66999816894531
2026-06-11,16529.439453125,62.150001525878906
2026-06-12,16613.30078125,63.33000183105469
2026-06-15,16891.779296875,63.31999969482422
2026-06-16,16796.279296875,63.59000015258789
2026-06-17,16592.44921875,64.05000305175781
2026-06-18,16772.640625,64.29000091552734
2026-06-19,16772.640625,64.01000213623047
2026-06-22,16711.439453125,64.19000244140625
2026-06-23,16471.599609375,63.38999938964844
2026-06-24,16455.509765625,63.20000076293945
2026-06-25,16454.630859375,63.709999084472656
2026-06-26,16447.2890625,63.25
2026-06-29,16640.640625,63.349998474121094
2026-06-30,16774.0703125,64.3499984741211
2026-07-01,16738.560546875,63.900001525878906
2026-07-02,16739.259765625,64.73999786376953
2026-07-03,16739.259765625,65.25
2026-07-06,16862.1796875,65.06999969482422
2026-07-07,16787.1796875,64.30999755859375
2026-07-08,16739.939453125,63.209999084472656
2026-07-09,16876.830078125,63.97999954223633
2026-07-10,16949.55078125,63.810001373291016
2026-07-13,16815.2109375,63.849998474121094
2026-07-14,16878.41015625,63.939998626708984
2026-07-15,16944.0703125,63.810001373291016
2026-07-16,16857.630859375,63.959999084472656
2026-07-17,16687.560546875,63.459999084472656
2026-07-20,16655.91015625,63.47999954223633
2026-07-21,16803.509765625,63.97999954223633
2026-07-22,16780.810546875,64.33000183105469
2026-07-23,16578.279296875,63.2400016784668
2026-07-24,16588.009765625,63.970001220703125
2026-07-27,16590.80078125,63.970001220703125
2026-07-28,16625.900390625,64.08000183105469
2026-07-29,16373.8095703125,63.619998931884766
2026-07-30,16645.7890625,64.5999984741211
2026-07-31,16763.419921875,64.7300033569336
2026-08-03,17012.380859375,65.4800033569336
2026-08-04,17316.939453125,66.11000061035156
2026-08-05,17287.970703125,65.9800033569336
2026-08-06,17257.580078125,66.30999755859375
2026-08-07,17365.140625,66.5
2026-08-10,17356.689453125,66.58999633789062
2026-08-11,17301.41015625,66.7699966430664
2026-08-12,17347.400390625,66.5999984741211
2026-08-13,17460.759765625,66.70999908447266
2026-08-14,17433.30078125,66.63999938964844
2026-08-17,17344.369140625,66.54000091552734
2026-08-18,17225.330078125,65.9000015258789
2026-08-19,17263.099609375,65.68000030517578
2026-08-20,17115.4609375,65.44999694824219
2026-08-21,17190.76953125,65.87000274658203
2026-08-24,17142.890625,65.72000122070312
2026-08-25,17198.58984375,65.83999633789062
2026-08-26,17195.130859375,65.93000030517578
2026-08-27,17319.01953125,65.48999786376953
2026-08-28,17276.490234375,66.11000061035156
2026-08-31,17219.939453125,65.38999938964844
2026-09-01,17099.0,65.38999938964844
2026-09-02,17099.0,64.79000091552734
