mat,T,k,bid,ask,mid,w,half_spread,in_cone
1,0.10403832886482053,-0.2598751015056642,0.333777623,0.335828136,0.334802879,0.011661965046025246,0.001025256499999988,False
1,0.10403832886482053,-0.2506584467695458,0.327217357,0.32915294,0.328185148,0.011205499331468381,0.0009677915000000092,False
1,0.10403832886482053,-0.2369908073141449,0.317198801,0.318976397,0.318087599,0.010526569050143717,0.000888798000000024,False
1,0.10403832886482053,-0.2279817377355256,0.310960413,0.31263246,0.311796436,0.010114296038161521,0.0008360235000000049,False
1,0.10403832886482053,-0.2190531073485041,0.304451452,0.306027928,0.30523969,0.00969338305748459,0.0007882379999999967,False
1,0.10403832886482053,-0.21461851045690705,0.301295294,0.30282453,0.302059912,0.009492476938420041,0.0007646179999999947,False
1,0.10403832886482053,-0.20580787989413363,0.295135808,0.296572576,0.295854192,0.009106444018244333,0.0007183839999999886,False
1,0.10403832886482053,-0.20230524972952793,0.292797403,0.294890527,0.293843965,0.008983114157833705,0.0010465620000000009,False
1,0.10403832886482053,-0.20143150547136998,0.292116293,0.293508117,0.292812205,0.008920140967341839,0.000695911999999993,False
1,0.10403832886482053,-0.20055852519791498,0.29143271,0.293502355,0.292467532,0.008899153302484966,0.0010348225000000044,False
1,0.10403832886482053,-0.1970742002779101,0.289013847,0.290363077,0.289688462,0.00873083465718692,0.0006746150000000173,False
1,0.10403832886482053,-0.1953365811785731,0.287616322,0.288950689,0.288283506,0.00864635291401897,0.0006671835000000015,False
1,0.10403832886482053,-0.1936019749491852,0.286540812,0.287856761,0.287198786,0.008581408323932624,0.0006579745000000192,False
1,0.10403832886482053,-0.1927357988532883,0.285832075,0.287140853,0.286486464,0.00853889320393108,0.0006543889999999775,False
1,0.10403832886482053,-0.19014176426367468,0.284015493,0.285299522,0.284657508,0.008430215057483285,0.0006420145000000099,False
1,0.10403832886482053,-0.1884161378812483,0.282893106,0.284159924,0.283526515,0.008363358763005566,0.0006334090000000014,False
1,0.10403832886482053,-0.18669348415627404,0.281754235,0.283004254,0.282379245,0.008295812221183899,0.0006250094999999956,False
1,0.10403832886482053,-0.18497379406782732,0.28059921,0.282444832,0.281522021,0.008245521164725536,0.0009228109999999956,False
1,0.10403832886482053,-0.18411505615285378,0.279861641,0.281088788,0.280475215,0.008184315199597355,0.000613573499999992,False
1,0.10403832886482053,-0.18325705503601575,0.279121971,0.281250072,0.280186021,0.008167446438950057,0.0010640504999999967,False
1,0.10403832886482053,-0.18154325814693745,0.277939535,0.280040305,0.27898992,0.00809786238959139,0.001050384999999987,False
1,0.10403832886482053,-0.17983239453038752,0.276741748,0.277931303,0.277336526,0.008002165145656812,0.0005947775000000044,False
1,0.10403832886482053,-0.1781244517746506,0.275528888,0.277576794,0.276552841,0.007957004730050865,0.0010239529999999941,False
1,0.10403832886482053,-0.1764194211143848,0.274592198,0.276323545,0.275457871,0.00789412030512783,0.0008656734999999971,False
1,0.10403832886482053,-0.1755679947200987,0.273826569,0.274977684,0.274402126,0.007833724812740653,0.0005755574999999902,False
1,0.10403832886482053,-0.1747172938269737,0.273346328,0.274488945,0.273917637,0.007806086521549908,0.0005713084999999785,False
1,0.10403832886482053,-0.1730180576655866,0.272086217,0.273214786,0.272650502,0.007734032111556214,0.0005642844999999841,False
1,0.10403832886482053,-0.17132170401036523,0.270812093,0.271926901,0.271369497,0.007661528597226789,0.0005574040000000113,False
1,0.10403832886482053,-0.16962822428323104,0.269800423,0.270899311,0.270349867,0.007604062681379247,0.0005494439999999823,False
1,0.10403832886482053,-0.16793760639902724,0.268495584,0.270389521,0.269442552,0.007553108686467926,0.0009469685000000061,False
1,0.10403832886482053,-0.16709336807111277,0.267973574,0.269051684,0.268512629,0.007501062795027763,0.0005390550000000105,False
1,0.10403832886482053,-0.16624984188038147,0.267446495,0.268783303,0.268114899,0.007478857596250277,0.0006684039999999836,False
1,0.10403832886482053,-0.16456492229077932,0.26637734,0.267695729,0.267036534,0.007418818265295401,0.0006591944999999877,False
1,0.10403832886482053,-0.1628828357036071,0.265026849,0.266070373,0.265548611,0.0073363735403345984,0.0005217620000000089,False
1,0.10403832886482053,-0.16120357378105601,0.263922336,0.264951746,0.264437041,0.007275082880457137,0.0005147050000000042,True
1,0.10403832886482053,-0.15952712822527818,0.262798845,0.263814489,0.263306667,0.007213019047775021,0.0005078219999999911,True
1,0.10403832886482053,-0.15868995761099608,0.262230097,0.263238983,0.26273454,0.007181707424954457,0.0005044429999999933,True
1,0.10403832886482053,-0.1578534872651481,0.261656737,0.262658947,0.262157842,0.007150214566399806,0.0005011050000000017,True
1,0.10403832886482053,-0.1561826426995728,0.260496352,0.261731569,0.26111396,0.007093385292287678,0.0006176085000000053,True
1,0.10403832886482053,-0.1545145863665452,0.259318014,0.260294299,0.259806157,0.007022508047586663,0.0004881425000000106,True
1,0.10403832886482053,-0.15284930664744928,0.258122033,0.259804125,0.258963079,0.006977005539247409,0.000841046000000012,True
1,0.10403832886482053,-0.15118679547513025,0.256908701,0.258569528,0.257739114,0.0069112090575356114,0.0008304134999999879,True
1,0.10403832886482053,-0.15035657638253327,0.256532615,0.257945987,0.257239301,0.006884430329677906,0.0007066859999999842,True
1,0.10403832886482053,-0.14952704482066756,0.255913799,0.257085236,0.256499518,0.006844890017139234,0.0005857184999999987,True
1,0.10403832886482053,-0.14787004321504796,0.254663645,0.256280609,0.255472127,0.006790166370071538,0.0008084819999999993,True
1,0.10403832886482053,-0.14621578272234714,0.253626292,0.254539676,0.254082984,0.00671652336796123,0.00045669200000000854,True
1,0.10403832886482053,-0.14456425544404491,0.252340586,0.253915767,0.253128177,0.0066661387739544485,0.0007875905000000183,True
1,0.10403832886482053,-0.14291545005789486,0.251262285,0.252816083,0.252039184,0.0066089048214611765,0.0007768990000000253,True
1,0.10403832886482053,-0.14209206570519542,0.250825852,0.252148684,0.251487268,0.006579992121955292,0.000661415999999998,True
1,0.10403832886482053,-0.14126935990829728,0.250162515,0.251477478,0.250819997,0.006545121067688828,0.0006574815000000012,True
1,0.10403832886482053,-0.13962597376930855,0.249041672,0.25033918,0.249690426,0.006486301743864965,0.0006487540000000014,True
1,0.10403832886482053,-0.13798528391788586,0.247900129,0.248967974,0.248434052,0.006421191369622883,0.0005339225000000059,True
1,0.10403832886482053,-0.13634728266705395,0.246738242,0.248002105,0.247370173,0.006366313678956731,0.000631931500000002,True
1,0.10403832886482053,-0.13471195893306057,0.245556347,0.247010912,0.246283629,0.006310509956280843,0.0007272824999999955,True
1,0.10403832886482053,-0.13389529883035475,0.245061696,0.246300504,0.2456811,0.006279670601038363,0.000619404000000004,True
1,0.10403832886482053,-0.13307930511719568,0.244354761,0.245790866,0.245072814,0.006248613210679643,0.0007180524999999965,True
1,0.10403832886482053,-0.13144931365604193,0.243337181,0.244753358,0.24404527,0.00619632455030137,0.0007080884999999953,True
1,0.10403832886482053,-0.12982197360537978,0.242094554,0.243294131,0.242694342,0.006127914129411537,0.0005997885000000036,True
1,0.10403832886482053,-0.12819727748836166,0.241031247,0.242410903,0.241721075,0.006078863642548236,0.0006898280000000034,True
1,0.10403832886482053,-0.12657521786267642,0.23994431,0.241305513,0.240624912,0.0060238554752229,0.0006806015000000026,True
1,0.10403832886482053,-0.12576517307110913,0.239392112,0.240744266,0.240068189,0.005996013475776155,0.000676077000000011,True
1,0.10403832886482053,-0.12495578392104299,0.238834161,0.240177381,0.239505771,0.005967952150822087,0.000671610000000003,True
1,0.10403832886482053,-0.12333896830606526,0.237701194,0.239026881,0.238364038,0.005911188866617309,0.000662843499999996,True
1,0.10403832886482053,-0.12172476369414673,0.236545781,0.237668065,0.237106923,0.005849002902201644,0.0005611420000000006,True
1,0.10403832886482053,-0.12011315941241156,0.235368272,0.236660164,0.236014218,0.0057952169758915765,0.0006459460000000083,True
1,0.10403832886482053,-0.11850414822056302,0.234351825,0.235626028,0.234988926,0.005744975227704986,0.0006371014999999869,True
1,0.10403832886482053,-0.11770061355317839,0.23374297,0.23500919,0.23437608,0.005715048761953223,0.0006331100000000062,True
1,0.10403832886482053,-0.1168977229113855,0.233128801,0.234387131,0.233757966,0.005684944209503178,0.000629165000000001,True
1,0.10403832886482053,-0.11529387294393502,0.232062766,0.233304297,0.232683532,0.0056328042977220535,0.0006207654999999951,True
1,0.10403832886482053,-0.11369259119271886,0.230971341,0.232022015,0.231496678,0.005575488111356722,0.0005253370000000007,True
1,0.10403832886482053,-0.11209387056462496,0.229854945,0.23106418,0.230459562,0.005525643118301365,0.0006046175000000015,True
1,0.10403832886482053,-0.11049770064822574,0.228713971,0.22990767,0.22931082,0.0054706944896135146,0.0005968495000000101,True
1,0.10403832886482053,-0.10970057008387736,0.228049364,0.229404881,0.228727122,0.005442879235778393,0.0006777585000000003,True
1,0.10403832886482053,-0.10890407443059218,0.227548789,0.228895076,0.228221932,0.005418862394080328,0.0006731435000000008,True
1,0.10403832886482053,-0.10731298493049322,0.226526447,0.227689156,0.227107802,0.005366084112260414,0.0005813545000000059,True
1,0.10403832886482053,-0.10572442186365852,0.225311783,0.226296483,0.225804133,0.005304654967151099,0.0004923500000000025,True
1,0.10403832886482053,-0.10413837832753657,0.224236384,0.225369668,0.224803026,0.005257722654733927,0.0005666419999999922,True
1,0.10403832886482053,-0.10255484745060738,0.223133984,0.224252635,0.22369331,0.005205942408081396,0.0005593254999999991,True
1,0.10403832886482053,-0.1017640208057218,0.222572788,0.223684266,0.223128527,0.005179687568242682,0.0005557389999999995,True
1,0.10403832886482053,-0.10097381907345361,0.222004993,0.223266654,0.222635824,0.005156837689060635,0.0006308304999999986,True
1,0.10403832886482053,-0.09939528640176698,0.220849793,0.222095595,0.221472694,0.005103096072241518,0.000622901000000009,True
1,0.10403832886482053,-0.09781924267162044,0.219668739,0.220745691,0.220207215,0.005044945237279847,0.0005384759999999961,True
1,0.10403832886482053,-0.09624567784619874,0.218614463,0.219828813,0.219221638,0.004999887176446646,0.0006071750000000015,True
1,0.10403832886482053,-0.09467458523735302,0.217531148,0.218729944,0.218130546,0.00495024097344826,0.000599398000000001,True
1,0.10403832886482053,-0.09388996468741515,0.216904064,0.218095658,0.217499861,0.004921656904185871,0.0005957969999999951,True
1,0.10403832886482053,-0.09310595818668127,0.216419222,0.217602877,0.217011049,0.004899559772077678,0.0005918275000000028,True
1,0.10403832886482053,-0.09153978677777115,0.215279082,0.21644799,0.215863536,0.004847880894790456,0.0005844539999999981,True
1,0.10403832886482053,-0.09075761994876709,0.214625738,0.215932625,0.215279182,0.004821669481146579,0.0006534434999999894,True
1,0.10403832886482053,-0.0899760655207468,0.214111097,0.215121644,0.21461637,0.004792024806938825,0.0005052735000000003,True
1,0.10403832886482053,-0.08919512034976547,0.21358866,0.214592708,0.214090684,0.004768578178118384,0.0005020239999999898,True
1,0.10403832886482053,-0.08841478457826758,0.212915604,0.214198289,0.213556947,0.004744831287685509,0.0006413424999999889,True
1,0.10403832886482053,-0.08763505725592231,0.212378661,0.213511955,0.212945308,0.004717691286084789,0.0005666470000000035,True
1,0.10403832886482053,-0.08685593743461971,0.211834078,0.213100627,0.212467352,0.004696537325267334,0.000633274499999989,True
1,0.10403832886482053,-0.08607742416846459,0.211281908,0.212540553,0.21191123,0.0046719836277740595,0.0006293225000000013,True
1,0.10403832886482053,-0.08529951760281235,0.210722201,0.211973047,0.211347624,0.004647165156490803,0.000625423,True
1,0.10403832886482053,-0.08452221461724292,0.210155004,0.211398156,0.21077658,0.004622086561889982,0.0006215759999999987,True
1,0.10403832886482053,-0.08374551536235371,0.209580363,0.210815923,0.210198143,0.00459675246352127,0.0006177799999999983,True
1,0.10403832886482053,-0.08296941890103789,0.208998323,0.210226389,0.209612356,0.004571167406295859,0.0006140329999999999,True
1,0.10403832886482053,-0.08219392429836915,0.208544857,0.209494263,0.20901956,0.004545348908648489,0.000474702999999993,True
1,0.10403832886482053,-0.0814190306215946,0.207947323,0.209025575,0.208486449,0.004522192364742726,0.0005391260000000009,True
1,0.10403832886482053,-0.08064473802411336,0.207342521,0.20854803,0.207945276,0.004498746119873202,0.0006027544999999968,True
1,0.10403832886482053,-0.07987104340868945,0.206863924,0.20792889,0.207396407,0.00447502869199439,0.0005324830000000003,True
1,0.10403832886482053,-0.07909794693387523,0.206243905,0.207434674,0.20683929,0.004451018960669476,0.0005953845000000041,True
1,0.10403832886482053,-0.07832544767554403,0.20561673,0.206800582,0.206208656,0.004423918840535818,0.0005919260000000065,True
1,0.10403832886482053,-0.07755354471170953,0.205113473,0.206289902,0.205701688,0.0044021929987158905,0.0005882145000000033,True
1,0.10403832886482053,-0.0767822371225188,0.204471322,0.205641012,0.205056167,0.004374606942292231,0.0005848450000000005,True
1,0.10403832886482053,-0.0760115250692204,0.203951587,0.205114057,0.204532822,0.0043523056659140755,0.0005812349999999994,True
1,0.10403832886482053,-0.07524140547742794,0.203423284,0.204578639,0.204000961,0.0043296998863147414,0.0005776774999999984,True
1,0.10403832886482053,-0.07447187851345623,0.202886465,0.203780033,0.203333249,0.004301403339792865,0.0004467840000000056,True
1,0.10403832886482053,-0.0737029432659201,0.202341184,0.203356017,0.2028486,0.004280922809338807,0.0005074164999999964,True
1,0.10403832886482053,-0.07293459882553552,0.201661138,0.202796256,0.202228697,0.004254797886939223,0.0005675590000000091,True
1,0.10403832886482053,-0.07216684428511277,0.201099829,0.202228213,0.201664021,0.004231070018790925,0.0005641919999999911,True
1,0.10403832886482053,-0.07139967981356005,0.200530186,0.2017763,0.201153243,0.004209664112186434,0.0006230569999999963,True
1,0.10403832886482053,-0.07063310235901339,0.199952253,0.201191094,0.200571673,0.0041853575167919025,0.0006194204999999953,True
1,0.10403832886482053,-0.06986711209536188,0.199366067,0.200597735,0.199981901,0.004160779992787402,0.0006158339999999957,True
1,0.10403832886482053,-0.06910170812372902,0.198894353,0.199996259,0.199445306,0.004138481390954615,0.0005509530000000068,True
1,0.10403832886482053,-0.06833688954730084,0.198291072,0.199386698,0.198838885,0.004113353232135884,0.0005478129999999942,True
1,0.10403832886482053,-0.06757265547131905,0.197679655,0.198889895,0.198284775,0.004090459577972619,0.0006051200000000007,True
1,0.10403832886482053,-0.06680900607216686,0.197180687,0.198143445,0.197662066,0.004064807922833811,0.000481379000000004,True
1,0.10403832886482053,-0.06604593832018184,0.196552413,0.19774871,0.197150562,0.004043797565585937,0.0005981484999999925,True
1,0.10403832886482053,-0.06528345239664451,0.196035266,0.19710579,0.196570528,0.004020038164014459,0.0005352619999999947,True
1,0.10403832886482053,-0.06452154741495891,0.195390278,0.196573019,0.195981648,0.003995988026637389,0.0005913704999999936,True
1,0.10403832886482053,-0.06376022249055406,0.194855122,0.196031017,0.19544307,0.003974055421280122,0.0005879475000000051,True
1,0.10403832886482053,-0.06299947780590366,0.19431068,0.195479831,0.194895255,0.00395180857358768,0.0005845754999999897,True
1,0.10403832886482053,-0.062239310349606385,0.193756997,0.194803428,0.194280212,0.003926905995942129,0.0005232155000000072,True
1,0.10403832886482053,-0.061479720308966035,0.193194113,0.194119184,0.193656649,0.003901738804494951,0.00046253549999999977,True
1,0.10403832886482053,-0.06072070680744974,0.19262207,0.193656789,0.193139429,0.0038809250350571615,0.0005173594999999948,True
1,0.10403832886482053,-0.05996226897051934,0.192040903,0.193184043,0.192612473,0.0038597767187406777,0.0005715699999999935,True
1,0.10403832886482053,-0.05920440592562505,0.191450647,0.192360422,0.191905534,0.0038314958991391753,0.0004548875000000008,True
1,0.10403832886482053,-0.05844711786238793,0.190851331,0.191982015,0.191416673,0.0038120000237908667,0.0005653419999999965,True
1,0.10403832886482053,-0.057690401791037196,0.190242986,0.191367573,0.190805279,0.003787687493142534,0.0005622935000000051,True
1,0.10403832886482053,-0.056934257905943725,0.189737641,0.19085589,0.190296765,0.003767525309792924,0.0005591244999999939,True
1,0.10403832886482053,-0.05617868534245109,0.189110714,0.190223042,0.189666878,0.003742625383829661,0.0005561639999999979,True
1,0.10403832886482053,-0.055423683237861295,0.188585623,0.189691803,0.189138713,0.003721810242385644,0.0005530899999999922,True
1,0.10403832886482053,-0.054669250731428545,0.187940231,0.189040658,0.188490444,0.0036963411105754734,0.0005502134999999936,True
1,0.10403832886482053,-0.05391538801974933,0.187395534,0.188489996,0.187942765,0.003674892093920711,0.0005472309999999952,True
1,0.10403832886482053,-0.05316209213438037,0.186840785,0.187929374,0.187385079,0.003653115302374217,0.0005442945000000005,True
1,0.10403832886482053,-0.05240936327658946,0.186276018,0.187250666,0.186763342,0.003628913706890175,0.0004873240000000112,True
1,0.10403832886482053,-0.05165720059338267,0.185701265,0.18645552,0.186078393,0.0036023446509088433,0.0003771275000000046,True
1,0.10403832886482053,-0.05090560323368939,0.185116555,0.18618806,0.185652307,0.0035858660983366228,0.0005357525000000002,True
1,0.10403832886482053,-0.050154570348356194,0.184521914,0.185587896,0.185054905,0.003562825642073305,0.0005329909999999966,True
1,0.10403832886482053,-0.04940410214078663,0.183917364,0.184977906,0.184447635,0.0035394807095669224,0.0005302709999999988,True
1,0.10403832886482053,-0.04865419566356829,0.18340855,0.184463498,0.183936024,0.00351987269601391,0.000527474,True
1,0.10403832886482053,-0.0479048511246995,0.182783707,0.183833383,0.183308545,0.003495898285066386,0.0005248379999999997,True
1,0.10403832886482053,-0.04715606768264005,0.182149013,0.183297822,0.182723417,0.0034736158187751295,0.0005744045000000003,True
1,0.10403832886482053,-0.0464078444977387,0.181608509,0.182647659,0.182128084,0.003451017847014683,0.0005195749999999943,True
1,0.10403832886482053,-0.045660180732227176,0.181057135,0.182091043,0.181574089,0.003430055248888497,0.000516954,True
1,0.10403832886482053,-0.0449130765961523,0.180494919,0.181523671,0.181009295,0.0034087497680575685,0.000514375999999997,True
1,0.10403832886482053,-0.04416652916284122,0.179819411,0.180843283,0.180331347,0.003383263481410696,0.0005119359999999906,True
1,0.10403832886482053,-0.043420538646860976,0.179236082,0.180356746,0.179796414,0.00336322109832449,0.0005603320000000106,True
1,0.10403832886482053,-0.042675104217920895,0.178743442,0.179757227,0.179250334,0.0033428224854437365,0.0005068924999999946,True
1,0.10403832886482053,-0.041930225047585354,0.178138062,0.179147021,0.178642542,0.003320191607582844,0.000504479499999988,True
1,0.10403832886482053,-0.04118590030926896,0.177521926,0.178626466,0.178074196,0.0032990990296028525,0.0005522700000000075,True
1,0.10403832886482053,-0.04044213021950173,0.176995063,0.177994441,0.177494752,0.0032776637740944163,0.0004996889999999976,True
1,0.10403832886482053,-0.03969891187206553,0.176356962,0.177451143,0.176904053,0.003255884076163784,0.0005470904999999998,True
1,0.10403832886482053,-0.03895624548793742,0.175807212,0.176797334,0.176302273,0.003233770468970165,0.000495061000000005,True
1,0.10403832886482053,-0.03821413024787668,0.175147171,0.176231344,0.175689257,0.0032113214487697076,0.0005420865000000108,True
1,0.10403832886482053,-0.03747256533446481,0.174574572,0.175653792,0.175114182,0.003190332934451127,0.0005396099999999959,True
1,0.10403832886482053,-0.03673155096951536,0.173990332,0.174967085,0.174478709,0.00316722010773638,0.0004883764999999984,True
1,0.10403832886482053,-0.03599108426364196,0.173394454,0.174464034,0.173929244,0.003147303220642985,0.0005347899999999933,True
1,0.10403832886482053,-0.03525116544304528,0.172883811,0.173851831,0.173367821,0.00312701776900661,0.00048401000000000693,True
1,0.10403832886482053,-0.03451179369754345,0.172264239,0.173324392,0.172794315,0.0031063634492832603,0.0005300764999999902,True
1,0.10403832886482053,-0.03377296821875048,0.171633028,0.172688663,0.172160845,0.003083629124206474,0.0005278174999999996,True
1,0.10403832886482053,-0.03303468820007048,0.171085784,0.172136864,0.171611324,0.0030639752407871923,0.0005255400000000049,True
1,0.10403832886482053,-0.032296953869517295,0.170430856,0.17157268,0.171001768,0.003042247682061201,0.0005709120000000067,True
1,0.10403832886482053,-0.03155976235765073,0.169859065,0.170901415,0.17038024,0.003020172987927555,0.0005211749999999987,True
1,0.10403832886482053,-0.030823113896801306,0.169274791,0.170312848,0.16979382,0.0029994189151832723,0.0005190284999999906,True
1,0.10403832886482053,-0.03008700768748262,0.168678026,0.169711877,0.169194952,0.0029782981431558694,0.0005169255000000011,True
1,0.10403832886482053,-0.029351442931972133,0.168068756,0.169004918,0.168536837,0.002955173922881699,0.0004680809999999952,True
1,0.10403832886482053,-0.0286164188343067,0.167446964,0.168472658,0.167959811,0.002934973079928817,0.0005128469999999968,True
1,0.10403832886482053,-0.027881935628551284,0.16690555,0.168020036,0.167462793,0.002917628738616016,0.0005572429999999989,True
1,0.10403832886482053,-0.02714799046494206,0.166258283,0.167368553,0.166813418,0.00289504507463589,0.0005551349999999983,True
1,0.10403832886482053,-0.026414583581791832,0.165690631,0.16679669,0.166243661,0.002875302594664473,0.0005530294999999963,True
1,0.10403832886482053,-0.02568171419012209,0.165109655,0.166211598,0.165660626,0.00285516994871525,0.0005509714999999971,True
1,0.10403832886482053,-0.02494938150268738,0.16451533,0.165613253,0.165064292,0.0028346512480221355,0.0005489615000000003,True
1,0.10403832886482053,-0.024217584733970895,0.16399883,0.165092755,0.164545792,0.0028168708033411067,0.0005469624999999978,True
1,0.10403832886482053,-0.02348632412394335,0.163377398,0.164467495,0.163922446,0.0027955690218529057,0.0005450484999999922,True
1,0.10403832886482053,-0.02275559684225272,0.162742523,0.163828884,0.163285704,0.0027738929302702007,0.000543180500000004,True
1,0.10403832886482053,-0.022025403133050042,0.162184413,0.163086676,0.162635545,0.002751847142493297,0.0004511315000000071,True
1,0.10403832886482053,-0.02129574221768139,0.161522207,0.16269121,0.162106708,0.002733980045297769,0.0005845015000000009,True
1,0.10403832886482053,-0.020566613319195702,0.160936068,0.162101268,0.161518668,0.0027141810658612314,0.0005826000000000026,True
1,0.10403832886482053,-0.019838015662340516,0.160425069,0.161407879,0.160916474,0.002693980098780979,0.0004914050000000003,True
1,0.10403832886482053,-0.019109949492850355,0.159810141,0.160878957,0.160344549,0.0026748643864420276,0.0005344080000000001,True
1,0.10403832886482053,-0.018382411999525436,0.159180882,0.160157699,0.159669291,0.0026523825457052345,0.0004884084999999955,True
1,0.10403832886482053,-0.01765540343221463,0.158537228,0.159688221,0.159112725,0.0026339237291964045,0.0005754964999999945,True
1,0.10403832886482053,-0.01692892302240887,0.157967412,0.159115087,0.15854125,0.002615037515549775,0.0005738374999999935,True
1,0.10403832886482053,-0.01620297000327313,0.157382555,0.15852702,0.157954788,0.0025957266596765382,0.0005722324999999917,True
1,0.10403832886482053,-0.015477543609641115,0.156870406,0.157923959,0.157397183,0.0025774323689364805,0.0005267765000000063,True
1,0.10403832886482053,-0.014752644092872635,0.156167456,0.157218277,0.156692867,0.0025544171505206366,0.0005254104999999898,True
1,0.10403832886482053,-0.014028268660665547,0.155624421,0.156759885,0.156192153,0.0025381178910641082,0.0005677319999999875,True
1,0.10403832886482053,-0.013304417568429275,0.154978468,0.156198279,0.155588374,0.002518533036167723,0.0006099054999999937,True
1,0.10403832886482053,-0.012581090057624474,0.154490952,0.155534027,0.15501249,0.0024999236932128346,0.0005215375000000022,True
1,0.10403832886482053,-0.01185828537135697,0.15381363,0.15494107,0.15437735,0.0024794795516165057,0.0005637199999999898,True
1,0.10403832886482053,-0.011136003765570867,0.153207215,0.1543322,0.153769707,0.0024599990609651644,0.0005624924999999975,True
1,0.10403832886482053,-0.010414242463521064,0.152584672,0.153793666,0.153189169,0.0024414592963485837,0.0006044969999999955,True
1,0.10403832886482053,-0.009693001725148262,0.152032083,0.153152492,0.152592287,0.0024224706942485874,0.0005602044999999944,True
1,0.10403832886482053,-0.008972280800090238,0.151462809,0.152581101,0.152021955,0.002404395985340688,0.0005591459999999965,True
1,0.10403832886482053,-0.008252078939605672,0.150876746,0.151993043,0.151434895,0.0023858618298043615,0.0005581484999999942,True
1,0.10403832886482053,-0.007532395396570149,0.150359508,0.151302482,0.150830995,0.0023668708427348317,0.00047148699999999266,True
1,0.10403832886482053,-0.006813230432307637,0.14956819,0.150852043,0.150210116,0.0023474250278712407,0.0006419265000000007,True
1,0.10403832886482053,-0.006094581288516358,0.149102088,0.150213129,0.149657609,0.002330188059800385,0.0005555205000000035,True
1,0.10403832886482053,-0.005376448230454692,0.148447492,0.149557035,0.149002263,0.0023098251004046682,0.0005547715000000092,True
1,0.10403832886482053,-0.004658830517417827,0.147945916,0.149054083,0.148499999,0.0022942792068098546,0.0005540834999999966,True
1,0.10403832886482053,-0.003941727410294776,0.147426312,0.148448088,0.1479372,0.002276922018077949,0.000510888000000001,True
1,0.10403832886482053,-0.0032251381715633558,0.146803487,0.147909304,0.147356395,0.002259078612740965,0.0005529084999999906,True
1,0.10403832886482053,-0.0025090630677980447,0.146077527,0.147352349,0.146714938,0.002239453434644041,0.0006374109999999905,True
1,0.10403832886482053,-0.0017934993588991602,0.14550321,0.146777071,0.14614014,0.0022219404012849796,0.0006369305000000075,True
1,0.10403832886482053,-0.0010784473153145672,0.145079981,0.146183303,0.145631642,0.0022065047163781037,0.000551660999999995,True
1,0.10403832886482053,-0.0003639062058321778,0.14446809,0.145486036,0.144977063,0.002186713884244777,0.0005089730000000098,True
1,0.10403832886482053,0.0003501246991933264,0.143782836,0.144885212,0.144334024,0.0021673587691518298,0.000551188000000008,True
1,0.10403832886482053,0.0010636461278458551,0.143189342,0.144291469,0.143740406,0.0021495675733128466,0.0005510635000000041,True
1,0.10403832886482053,0.0017766578084265846,0.142661141,0.143763173,0.143212157,0.0021337971932683304,0.0005510160000000014,True
1,0.10403832886482053,0.0024891624630698334,0.142113244,0.143130563,0.142621903,0.0021162443981113765,0.0005086594999999944,True
1,0.10403832886482053,0.0032011598162633914,0.141545444,0.142562969,0.142054206,0.0020994307873949303,0.0005087625000000096,True
1,0.10403832886482053,0.003912650589887922,0.140957515,0.142060221,0.141508868,0.002083342537463181,0.0005513529999999905,True
1,0.10403832886482053,0.004623635504284349,0.140349215,0.141537342,0.140943279,0.0020667222243105484,0.0005940635000000055,True
1,0.10403832886482053,0.005334115278258233,0.139805203,0.140994112,0.140399657,0.002050810164338979,0.0005944545000000079,True
1,0.10403832886482053,0.006044089635109911,0.139325405,0.140430291,0.139877848,0.002035594420932648,0.0005524429999999997,True
1,0.10403832886482053,0.00675356127924067,0.138824731,0.139760551,0.139292641,0.002018597416516199,0.00046791000000000194,True
1,0.10403832886482053,0.007462529930195915,0.138217761,0.13932499,0.138771376,0.002003517576795925,0.0005536145000000076,True
1,0.10403832886482053,0.008170996300682985,0.13767447,0.138783151,0.138228811,0.001987881593255782,0.0005543405000000001,True
1,0.10403832886482053,0.008878961101896163,0.137109495,0.138219822,0.137664659,0.0019716884588266326,0.0005551634999999971,True
1,0.10403832886482053,0.009586425043519637,0.136608085,0.137634702,0.137121394,0.001956157445942002,0.0005133085000000037,True
1,0.10403832886482053,0.010293387843973168,0.136084663,0.137198859,0.136641761,0.001942496605432583,0.0005570980000000059,True
1,0.10403832886482053,0.010999852190153054,0.135538917,0.136569494,0.136054206,0.0019258271808285572,0.0005152885000000024,True
1,0.10403832886482053,0.011705817796781497,0.13497051,0.136175481,0.135572996,0.0019122283593822034,0.0006024854999999996,True
1,0.10403832886482053,0.012411285367547719,0.134465371,0.135500693,0.134983032,0.0018956219364770163,0.0005176610000000026,True
1,0.10403832886482053,0.013116255604652695,0.133937266,0.135061746,0.134499506,0.001882065553534839,0.0005622400000000055,True
1,0.10403832886482053,0.013820728222538938,0.133385826,0.134340001,0.133862914,0.0018642919190864364,0.0004770874999999869,True
1,0.10403832886482053,0.014524705893686424,0.132897678,0.13402864,0.133463159,0.0018531738699063551,0.0005654810000000066,True
1,0.10403832886482053,0.015228188328887046,0.132385932,0.133520489,0.132953211,0.0018390393791193921,0.0005672784999999902,True
1,0.10403832886482053,0.015931176224430396,0.131850187,0.132988602,0.132419395,0.0018243012945702913,0.0005692075000000019,True
1,0.10403832886482053,0.0166336702751393,0.131377928,0.132432559,0.131905243,0.0018101621692681886,0.0005273155000000002,True
1,0.10403832886482053,0.01733567117437263,0.130881448,0.132028277,0.131454863,0.0017978219620479116,0.000573414499999994,True
1,0.10403832886482053,0.0180371786319057,0.13036031,0.131423238,0.130891774,0.001782452951365214,0.0005314639999999954,True
1,0.10403832886482053,0.01873819530312074,0.129903036,0.130970445,0.130436741,0.0017700814313518856,0.0005337044999999957,True
1,0.10403832886482053,0.019438720894197726,0.129420929,0.130493099,0.129957014,0.001757085180239904,0.0005360850000000056,True
1,0.10403832886482053,0.02013875609268348,0.128913511,0.129990739,0.129452125,0.0017434589868391816,0.0005386139999999928,True
1,0.10403832886482053,0.020838301584681907,0.128470533,0.12955302,0.129011777,0.0017316179619943108,0.0005412434999999965,True
1,0.10403832886482053,0.02153735805485804,0.127911382,0.129090175,0.128500779,0.0017179277246468217,0.0005893965000000057,True
1,0.10403832886482053,0.022235925208432507,0.127507747,0.128601702,0.128054724,0.0017060218004247385,0.0005469775000000038,True
1,0.10403832886482053,0.023631599182958686,0.126531146,0.127729941,0.127130543,0.0016814856740207656,0.0005993975000000012,True
1,0.10403832886482053,0.02432870638453925,0.126141677,0.127254989,0.126698333,0.0016700719016979051,0.0005566560000000026,True
1,0.10403832886482053,0.025025327966179043,0.125632713,0.12675322,0.126192967,0.001656775526036402,0.0005602534999999964,True
1,0.10403832886482053,0.02641711599875867,0.12472,0.125855735,0.125287868,0.0016330948363729553,0.0005678674999999994,True
1,0.10403832886482053,0.027806970621924717,0.12388789,0.124944188,0.124416039,0.0016104457850295573,0.0005281489999999986,True
1,0.10403832886482053,0.029194896229957735,0.123041971,0.124212174,0.123627073,0.0015900857356455668,0.0005851014999999973,True
1,0.10403832886482053,0.03058089720021483,0.122181276,0.123371134,0.122776205,0.0015682734066517086,0.000594928999999994,True
1,0.10403832886482053,0.031273178460433114,0.121907874,0.12290798,0.122407927,0.0015588791698480011,0.0005000530000000003,True
1,0.10403832886482053,0.03196498079883741,0.121405923,0.122516114,0.121961019,0.001547517098496355,0.0005550954999999982,True
1,0.10403832886482053,0.03334715135755441,0.120720692,0.121748888,0.12123479,0.0015291422806972233,0.0005140979999999976,True
1,0.10403832886482053,0.03472741319149418,0.120026172,0.120970034,0.120498103,0.001510614981142728,0.0004719310000000018,True
1,0.10403832886482053,0.03610577349288457,0.119215033,0.120286052,0.119750543,0.0014919296683763676,0.0005355095000000032,True
1,0.10403832886482053,0.03748223653196558,0.1186093,0.119594475,0.119101887,0.00147581069153724,0.0004925875000000024,True
1,0.10403832886482053,0.03816975724638248,0.118152211,0.119259732,0.118705971,0.0014660152814659911,0.0005537605000000001,True
1,0.10403832886482053,0.03885680656269383,0.117999472,0.118895594,0.118447533,0.00145963882667416,0.0004480609999999996,True
1,0.10403832886482053,0.04022949070453158,0.117156231,0.11830431,0.117730271,0.0014420145918507014,0.0005740394999999981,True
1,0.10403832886482053,0.04160029316727229,0.116653204,0.11759519,0.117124197,0.0014272058607200328,0.0004709930000000029,True
1,0.10403832886482053,0.04296921814473503,0.116033972,0.117001304,0.116517638,0.0014124618028361579,0.00048366600000000065,True
1,0.10403832886482053,0.04433627268474242,0.115415226,0.116533707,0.115974466,0.0013993235096285688,0.0005592405000000022,True
1,0.10403832886482053,0.04501909977855407,0.115122428,0.116256979,0.115689704,0.001392460189258581,0.0005672754999999988,True
1,0.10403832886482053,0.04570146093766022,0.114927271,0.115950321,0.115438796,0.0013864267995649356,0.0005115249999999988,True
1,0.10403832886482053,0.047064787038184355,0.114319491,0.115505238,0.114912364,0.0013738106725714122,0.0005928735000000004,True
1,0.10403832886482053,0.04842625796359979,0.113992366,0.114943063,0.114467715,0.0013631994265059168,0.0004753485000000002,True
1,0.10403832886482053,0.04978587780584506,0.113412188,0.114534111,0.11397315,0.0013514452950891351,0.0005609614999999984,True
1,0.10403832886482053,0.05114365064148366,0.112993095,0.114007875,0.113500485,0.001340259216143123,0.0005073899999999965,True
1,0.10403832886482053,0.05182184682909551,0.112812996,0.113844565,0.113328781,0.0013362071841318728,0.000515784499999998,True
1,0.10403832886482053,0.05249958337834586,0.112754753,0.113653395,0.113204074,0.001333268077126678,0.0004493210000000025,True
1,0.10403832886482053,0.05385368005091971,0.112251706,0.113337438,0.112794572,0.0013236396525655864,0.000542865999999996,True
1,0.10403832886482053,0.05520594467860987,0.111943092,0.112907598,0.112425345,0.0013149881087150684,0.00048225300000000193,True
1,0.10403832886482053,0.05655638410085077,0.111518908,0.112685888,0.112102398,0.001307444231121641,0.000583489999999999,True
1,0.10403832886482053,0.05790500229563949,0.111143633,0.112355788,0.11174971,0.0012992304100238972,0.0006060774999999963,True
1,0.10403832886482053,0.058578629023430376,0.110999616,0.112234844,0.11161723,0.0012961517439794947,0.0006176140000000024,True
1,0.10403832886482053,0.05925180322617307,0.111189303,0.112086723,0.111638013,0.0012966344728485082,0.000448709999999998,True
1,0.10403832886482053,0.06059679366452963,0.110957335,0.111889752,0.111423543,0.0012916572779559654,0.0004662084999999955,True
1,0.10403832886482053,0.06193997659321458,0.110808772,0.11177732,0.111293046,0.0012886335239133814,0.0004842739999999998,True
1,0.10403832886482053,0.06328135873996867,0.110554761,0.111563467,0.111059114,0.0012832219405352506,0.000504352999999999,True
1,0.10403832886482053,0.06462094399071448,0.110397937,0.111447882,0.110922909,0.0012800763352696254,0.0005249724999999983,True
1,0.10403832886482053,0.06529006428326059,0.109954414,0.11124601,0.110600212,0.0012726391712925612,0.000645798000000003,True
1,0.10403832886482053,0.06595873621703409,0.109912479,0.111230209,0.110571344,0.001271974909401398,0.0006588650000000015,True
1,0.10403832886482053,0.06729474208099877,0.109753399,0.111127725,0.110440562,0.0012689677461039481,0.0006871629999999976,True
1,0.10403832886482053,0.06862896541450104,0.109969966,0.11115968,0.110564823,0.001271824883119785,0.0005948569999999972,True
1,0.10403832886482053,0.07195675537379394,0.109363437,0.110961584,0.11016251,0.001262586126005826,0.000799073500000004,True
1,0.10403832886482053,0.0752735078672894,0.109795223,0.110977943,0.110386583,0.001267727606262953,0.0005913599999999991,True
1,0.10403832886482053,0.07857929587016481,0.109713069,0.111363372,0.11053822,0.0012712129292269344,0.0008251515000000029,True
1,0.10403832886482053,0.08187419163625943,0.110500513,0.111599347,0.11104993,0.0012830097180062865,0.0005494170000000034,True
1,0.10403832886482053,0.08515826670754865,0.11003526,0.112101966,0.111068613,0.0012834414605018135,0.0010333530000000007,True
1,0.10403832886482053,0.08843159283883212,0.110747449,0.112587621,0.111667535,0.001297320337873086,0.0009200860000000005,True
1,0.10403832886482053,0.0916942383424559,0.111048532,0.113113032,0.112080782,0.0013069400672457594,0.0010322499999999984,True
1,0.10403832886482053,0.09494627359849271,0.111741493,0.113755193,0.112748343,0.0013225548840895233,0.0010068500000000036,True
2,0.1806981520530949,-0.32932428798356206,0.355176356,0.356949474,0.356062915,0.022909056174314355,0.0008865589999999812,False
2,0.1806981520530949,-0.3243860064456908,0.351950606,0.354114001,0.353032304,0.022520737332562744,0.0010816975000000062,False
2,0.1806981520530949,-0.3194719917449663,0.349126071,0.35081593,0.349971001,0.02213185573246282,0.0008449295000000079,False
2,0.1806981520530949,-0.3145820065514868,0.346256959,0.347904374,0.347080666,0.021767800847175278,0.0008237075000000205,False
2,0.1806981520530949,-0.3097158170000484,0.343345223,0.34495193,0.344148577,0.021401571651753583,0.0008033535000000203,False
2,0.1806981520530949,-0.3048731926230313,0.34039267,0.34196029,0.34117648,0.02103351616069857,0.0007838099999999959,False
2,0.1806981520530949,-0.30005390493497186,0.337400971,0.338931019,0.338165995,0.020663961275243132,0.000765024000000003,False
2,0.1806981520530949,-0.2904844541245251,0.331306218,0.33312711,0.332216664,0.019943277715318394,0.0009104460000000092,False
2,0.1806981520530949,-0.2857338514673168,0.328564002,0.330337474,0.329450738,0.019612577858441317,0.0008867359999999991,False
2,0.1806981520530949,-0.2810057103718039,0.325770735,0.32715531,0.326463022,0.019258466574641614,0.0006922874999999995,False
2,0.1806981520530949,-0.2762998194338813,0.322928573,0.324278265,0.323603419,0.018922561007408804,0.0006748460000000067,False
2,0.1806981520530949,-0.2716159702200152,0.320039503,0.321682474,0.320860989,0.018603195359741278,0.0008214854999999965,False
2,0.1806981520530949,-0.26695395721184717,0.317105356,0.318708301,0.317906828,0.018262213795631838,0.0008014725000000111,False
2,0.1806981520530949,-0.2623135777520843,0.314127819,0.316002691,0.315065255,0.01793720352540463,0.0009374360000000137,False
2,0.1806981520530949,-0.25769463199163745,0.311415527,0.312939012,0.31217727,0.017609874785355795,0.0007617424999999955,False
2,0.1806981520530949,-0.25309692283797636,0.308647644,0.310131943,0.309389793,0.01729679646381874,0.0007421495000000111,False
2,0.1806981520530949,-0.24852025590466562,0.305826398,0.307560459,0.306693429,0.01699662347262029,0.0008670305000000045,False
2,0.1806981520530949,-0.24396443946205038,0.303237312,0.30464484,0.303941076,0.016692927393119384,0.0007037639999999956,False
2,0.1806981520530949,-0.2394292843890609,0.300308328,0.301954303,0.301131315,0.016385720873512172,0.0008229874999999831,False
2,0.1806981520530949,-0.23491460286130283,0.297601098,0.299204077,0.298402587,0.016090105031066195,0.0008014895000000022,False
2,0.1806981520530949,-0.23042021336988322,0.294834598,0.296396459,0.295615529,0.015790947866777278,0.0007809304999999989,False
2,0.1806981520530949,-0.22594593307052105,0.292266091,0.293533553,0.292899822,0.015502149709053085,0.0006337309999999985,False
2,0.1806981520530949,-0.2214915828158503,0.289629385,0.291108407,0.290368896,0.015235401296629243,0.0007395109999999983,False
2,0.1806981520530949,-0.21705698584185593,0.28692721,0.288367636,0.287647423,0.014951153019459632,0.0007202129999999973,False
2,0.1806981520530949,-0.2126419677257833,0.284397012,0.286261801,0.285329406,0.01471115514938511,0.0009323944999999889,False
2,0.1806981520530949,-0.20824635634497335,0.281793796,0.283608792,0.282701294,0.014441400220453263,0.0009074980000000066,True
2,0.1806981520530949,-0.20386998183659713,0.279120437,0.280448196,0.279784316,0.014144918254838842,0.000663879499999992,True
2,0.1806981520530949,-0.19951267655826907,0.276595988,0.278101639,0.277348814,0.013899729139690585,0.0007528254999999984,True
2,0.1806981520530949,-0.19517427504951393,0.273995049,0.275252137,0.274623593,0.013627914523606462,0.0006285440000000087,True
2,0.1806981520530949,-0.19258023919857628,0.27239899,0.27363617,0.27301758,0.013468987093949177,0.0006185900000000022,True
2,0.1806981520530949,-0.1908546139940659,0.271320524,0.272544736,0.27193263,0.013362150444463853,0.0006121060000000011,True
2,0.1806981520530949,-0.18913196023475237,0.270433334,0.272244215,0.271338774,0.013303852706248776,0.0009054404999999932,True
2,0.1806981520530949,-0.18741226890889737,0.26933022,0.271122509,0.270226364,0.013194992464268605,0.0008961445000000012,True
2,0.1806981520530949,-0.18655353218297926,0.268774526,0.270557641,0.269666084,0.013140332910259487,0.0008915575000000009,True
2,0.1806981520530949,-0.18569553104910125,0.268414285,0.270185913,0.269300099,0.013104689560369271,0.0008858140000000125,True
2,0.1806981520530949,-0.183981734126031,0.267287279,0.269041016,0.268164147,0.012994367269762306,0.0008768685000000165,True
2,0.1806981520530949,-0.18227087047852764,0.2663435,0.267501675,0.266922587,0.01287432184644804,0.0005790874999999918,True
2,0.1806981520530949,-0.18056292768902535,0.265385016,0.266909947,0.266147482,0.012799660030649605,0.0007624655000000036,True
2,0.1806981520530949,-0.17885789699510946,0.264222502,0.265920063,0.265071282,0.012696355324685785,0.0008487804999999793,True
2,0.1806981520530949,-0.1780064705840411,0.263826024,0.265326608,0.264576316,0.012648983939313426,0.0007502920000000135,True
2,0.1806981520530949,-0.17715576967707014,0.263237436,0.264916299,0.264076867,0.012601273247876821,0.0008394315000000152,True
2,0.1806981520530949,-0.17545653348225623,0.262238322,0.263898864,0.263068593,0.01250523090405409,0.0008302709999999935,True
2,0.1806981520530949,-0.17376017979372135,0.261408756,0.262686314,0.262047535,0.012408345248842604,0.0006387789999999782,True
2,0.1806981520530949,-0.1720667000362792,0.260198802,0.261644068,0.260921435,0.012301929332095871,0.0007226330000000003,True
2,0.1806981520530949,-0.17037608211898192,0.259338256,0.260766518,0.260052387,0.012220118016424454,0.0007141310000000067,True
2,0.1806981520530949,-0.16953184377456257,0.258723096,0.260321401,0.259522249,0.01217034538654529,0.000799152500000011,True
2,0.1806981520530949,-0.1686883187511052,0.258283107,0.259872107,0.259077607,0.012128677968880829,0.0007945000000000035,True
2,0.1806981520530949,-0.16700339794775945,0.257214935,0.258787367,0.258001151,0.01202809911302527,0.0007862160000000062,True
2,0.1806981520530949,-0.16532131132782202,0.256307569,0.257517915,0.256912742,0.011926829198076258,0.0006051729999999866,True
2,0.1806981520530949,-0.16364205055040834,0.255212061,0.256750631,0.255981346,0.011840508335245333,0.0007692850000000084,True
2,0.1806981520530949,-0.16196560378715563,0.254273977,0.255795329,0.255034653,0.01175309103810251,0.0007606760000000157,True
2,0.1806981520530949,-0.16112843315663908,0.253798928,0.25531181,0.254555369,0.011708957620662363,0.0007564409999999966,True
2,0.1806981520530949,-0.16029196279458394,0.253319916,0.254657928,0.253988922,0.011656905098775875,0.0006690059999999998,True
2,0.1806981520530949,-0.15862111936856899,0.252183967,0.253673457,0.252928712,0.011559790838479793,0.0007447449999999911,True
2,0.1806981520530949,-0.15695306183427116,0.251364851,0.252510737,0.251937794,0.011469390930546561,0.0005729429999999924,True
2,0.1806981520530949,-0.15528778208305222,0.250201749,0.251659169,0.250930459,0.011377857054388036,0.0007287100000000213,True
2,0.1806981520530949,-0.15362527204477056,0.249187905,0.250629772,0.249908839,0.011285399692859672,0.0007209334999999928,True
2,0.1806981520530949,-0.15279505177298897,0.248675391,0.250268219,0.249471805,0.011245962986076444,0.0007964140000000092,True
2,0.1806981520530949,-0.15196552019517887,0.248318282,0.249743594,0.249030938,0.011206250337236205,0.000712656000000006,True
2,0.1806981520530949,-0.15030851971994283,0.2472732,0.248683603,0.247978401,0.011111723390076718,0.0007052015000000023,True
2,0.1806981520530949,-0.1486542591936169,0.246369294,0.247454895,0.246912095,0.011016368125012338,0.0005428005000000097,True
2,0.1806981520530949,-0.1470027307262645,0.24529386,0.246674097,0.245983978,0.010933705004301356,0.0006901185000000032,True
2,0.1806981520530949,-0.1453539264650633,0.244356658,0.245721693,0.245039176,0.010849875579409498,0.0006825174999999933,True
2,0.1806981520530949,-0.1445305420957008,0.243805893,0.245164016,0.244484954,0.010800851259609315,0.0006790615000000083,True
2,0.1806981520530949,-0.14370783513043245,0.243251673,0.244752473,0.244002073,0.01075822797999695,0.0007503999999999983,True
2,0.1806981520530949,-0.14206444896014567,0.242282072,0.24361875,0.242950411,0.0106656907535706,0.0006683390000000039,True
2,0.1806981520530949,-0.140423760228289,0.241590459,0.242325113,0.241957786,0.010578714950818763,0.0003673270000000006,True
2,0.1806981520530949,-0.1387857577984008,0.240293017,0.241746217,0.241019617,0.010496838011156008,0.0007266000000000078,True
2,0.1806981520530949,-0.1371504351804119,0.239418292,0.240711979,0.240065135,0.010413863816466815,0.0006468434999999939,True
2,0.1806981520530949,-0.13633377506130964,0.238830244,0.240260186,0.239545215,0.010368805103588851,0.0007149709999999948,True
2,0.1806981520530949,-0.13551778133178075,0.238381721,0.239661992,0.239021856,0.01032354701369337,0.0006401354999999997,True
2,0.1806981520530949,-0.1338877886974875,0.237329322,0.238736724,0.238033023,0.010238306706806009,0.000703701000000001,True
2,0.1806981520530949,-0.1322604497575322,0.23654069,0.237515498,0.237028094,0.01015204092235134,0.00048740399999999684,True
2,0.1806981520530949,-0.13063575360806196,0.235454342,0.236694182,0.236074262,0.010070499044182595,0.000619919999999996,True
2,0.1806981520530949,-0.1290136928150951,0.234352739,0.23558021,0.234966475,0.009976208434616086,0.0006137355000000039,True
2,0.1806981520530949,-0.12820364914509721,0.233864313,0.235220487,0.2345424,0.00994023017196208,0.0006780870000000078,True
2,0.1806981520530949,-0.12739425997892082,0.23337143,0.234720456,0.234045943,0.009898193644743055,0.0006745130000000016,True
2,0.1806981520530949,-0.1257774443318005,0.232506289,0.23384038,0.233173335,0.009824523138301197,0.0006670454999999909,True
2,0.1806981520530949,-0.12416323855840004,0.231620778,0.232677043,0.23214891,0.009738386544426107,0.0005281325000000003,True
2,0.1806981520530949,-0.12255163537692562,0.230453177,0.231760033,0.231106605,0.009651135802114942,0.0006534279999999976,True
2,0.1806981520530949,-0.12094262415323975,0.229530623,0.230823487,0.230177055,0.009573654923423274,0.0006464320000000023,True
2,0.1806981520530949,-0.12013908834506745,0.228997483,0.23028385,0.229640667,0.009529087403218155,0.0006431835000000052,True
2,0.1806981520530949,-0.11933619881507121,0.228460146,0.229867662,0.229163904,0.009489561300846352,0.0007037579999999988,True
2,0.1806981520530949,-0.11773234881598305,0.227500019,0.228892798,0.228196409,0.009409603485995541,0.0006963895000000053,True
2,0.1806981520530949,-0.11613106703323034,0.226646421,0.22764914,0.22714778,0.009323322445499254,0.0005013595000000065,True
2,0.1806981520530949,-0.11453234637643156,0.225522609,0.22688685,0.22620473,0.009246067826480365,0.0006821204999999941,True
2,0.1806981520530949,-0.11293617642869246,0.224628858,0.225856182,0.22524252,0.00916757488774764,0.0006136620000000009,True
2,0.1806981520530949,-0.1121390458487116,0.22405164,0.225394898,0.224723269,0.009125355634418679,0.0006716290000000069,True
2,0.1806981520530949,-0.11134255017981894,0.223592283,0.224928465,0.224260374,0.009087800724866538,0.0006680909999999957,True
2,0.1806981520530949,-0.10975146065129728,0.222658003,0.223860366,0.223259185,0.00900683861792437,0.0006011815000000059,True
2,0.1806981520530949,-0.10816289755341624,0.221703181,0.222774427,0.222238804,0.008924697270548848,0.000535622999999999,True
2,0.1806981520530949,-0.10657685509881001,0.220609956,0.221905927,0.221257941,0.008846091849137573,0.0006479855000000034,True
2,0.1806981520530949,-0.1049933230812727,0.219615945,0.220898869,0.220257407,0.008766268238592894,0.0006414619999999954,True
2,0.1806981520530949,-0.10420249642099663,0.21922778,0.220387971,0.219807876,0.008730521990456751,0.0005800954999999886,True
2,0.1806981520530949,-0.10341229467336216,0.218833449,0.219756984,0.219295216,0.008689844922629319,0.0004617674999999877,True
2,0.1806981520530949,-0.10183376307821537,0.217683018,0.218940109,0.218311564,0.008612062899949258,0.000628545499999994,True
2,0.1806981520530949,-0.10025771821299874,0.216742185,0.217760706,0.217251446,0.008528625855838133,0.0005092604999999972,True
2,0.1806981520530949,-0.09868415335710573,0.215667517,0.216899878,0.216283697,0.008452813367710841,0.0006161804999999937,True
2,0.1806981520530949,-0.09711306181986953,0.214684894,0.216015683,0.215350289,0.008380011777991614,0.0006653944999999994,True
2,0.1806981520530949,-0.09632844015547637,0.214240941,0.215454822,0.214847881,0.00834095658250128,0.0006069405,True
2,0.1806981520530949,-0.09554443363961225,0.213681117,0.214998868,0.214339992,0.008301568035523219,0.0006588755000000029,True
2,0.1806981520530949,-0.09397826329904825,0.21265638,0.213961372,0.213308876,0.00822188817524081,0.0006524960000000024,True
2,0.1806981520530949,-0.09241454091606387,0.211826685,0.212903366,0.212365026,0.008149288660843544,0.0005383405000000119,True
2,0.1806981520530949,-0.09085325994357912,0.210865331,0.211825007,0.211345169,0.008071204687217975,0.0004798380000000102,True
2,0.1806981520530949,-0.08929441386342159,0.209881515,0.210831889,0.210356702,0.007995882761646936,0.0004751870000000019,True
2,0.1806981520530949,-0.08851590058149439,0.209275977,0.210431957,0.209853967,0.007957709443884416,0.0005779900000000004,True
2,0.1806981520530949,-0.08773799291105132,0.208770675,0.210025501,0.209398088,0.007923172929969247,0.0006274130000000072,True
2,0.1806981520530949,-0.08618399064086203,0.207743522,0.20898649,0.208365006,0.007845186583158198,0.0006214839999999916,True
2,0.1806981520530949,-0.08463240063555602,0.2069,0.207823373,0.207361686,0.00776981613628524,0.00046168650000000255,True
2,0.1806981520530949,-0.08308321324608302,0.205725434,0.207046493,0.206385964,0.007696867807207586,0.0006605294999999928,True
2,0.1806981520530949,-0.08153642212638543,0.204732894,0.206041534,0.205387214,0.007622554163193369,0.0006543199999999999,True
2,0.1806981520530949,-0.08076392393747364,0.204278048,0.205380355,0.204829201,0.007581191255305993,0.0005511534999999984,True
2,0.1806981520530949,-0.07999202095812971,0.203717007,0.205013507,0.204365257,0.007546886919354797,0.000648250000000003,True
2,0.1806981520530949,-0.07845000020571831,0.202776925,0.203962568,0.203369747,0.007473540767162894,0.000592821500000007,True
2,0.1806981520530949,-0.07691035470070735,0.202008019,0.202791093,0.202399556,0.007402404652390508,0.00039153699999999736,True
2,0.1806981520530949,-0.07537307498202556,0.200725232,0.201986221,0.201355727,0.0073262491499853965,0.0006304944999999951,True
2,0.1806981520530949,-0.07383815486537285,0.199808293,0.200961603,0.200384948,0.007255776615767332,0.0005766549999999954,True
2,0.1806981520530949,-0.07307157847215841,0.199292114,0.200440251,0.199866182,0.007218257051807489,0.0005740685000000106,True
2,0.1806981520530949,-0.07230558819323013,0.19876987,0.200007993,0.199388931,0.007183825940144812,0.0006190615000000038,True
2,0.1806981520530949,-0.07154018420634403,0.198241576,0.199474223,0.1988579,0.0071456116396379,0.0006163235000000017,True
2,0.1806981520530949,-0.07077536561468566,0.197707248,0.198934481,0.198320865,0.007107068922923176,0.0006136164999999971,True
2,0.1806981520530949,-0.07001113152349708,0.197261022,0.19848262,0.197871821,0.0070749212853950805,0.0006107989999999952,True
2,0.1806981520530949,-0.0692474810400702,0.196901615,0.197837131,0.197369373,0.007039036774132498,0.0004677579999999987,True
2,0.1806981520530949,-0.06848441434462403,0.196161503,0.197372581,0.196767042,0.006996138927852473,0.0006055390000000022,True
2,0.1806981520530949,-0.06772192840594742,0.195695652,0.196993895,0.196344774,0.006966143298373375,0.0006491215000000022,True
2,0.1806981520530949,-0.06696002340914572,0.195223018,0.196331081,0.195777049,0.006925916752451786,0.0005540314999999962,True
2,0.1806981520530949,-0.06619869846964753,0.194743623,0.195938597,0.19534111,0.0068951070563311795,0.0005974869999999938,True
2,0.1806981520530949,-0.06543795270490062,0.194257489,0.195447228,0.194852359,0.006860646572864601,0.0005948694999999976,True
2,0.1806981520530949,-0.06467778630118058,0.193764635,0.194949204,0.19435692,0.006825802646507884,0.0005922844999999982,True
2,0.1806981520530949,-0.06391819624551365,0.19326508,0.194444543,0.193854811,0.006790580130768053,0.0005897314999999959,True
2,0.1806981520530949,-0.06315918272899378,0.19275884,0.193933259,0.19334605,0.006754983914408247,0.0005872095000000049,True
2,0.1806981520530949,-0.062400744877082456,0.192245931,0.193415367,0.192830649,0.00671901850288472,0.000584717999999998,True
2,0.1806981520530949,-0.06164288181722982,0.191816045,0.192801402,0.192308723,0.006682695599035391,0.00049267850000001,True
2,0.1806981520530949,-0.06088559267886823,0.19120016,0.192448903,0.191824532,0.006649086851359861,0.0006243714999999983,True
2,0.1806981520530949,-0.06012887765537984,0.190667322,0.191910894,0.191289108,0.006612020557894641,0.0006217859999999992,True
2,0.1806981520530949,-0.05937273375539397,0.190216425,0.191366325,0.190791375,0.006577656455772577,0.0005749500000000046,True
2,0.1806981520530949,-0.05861716117703155,0.189669989,0.190903193,0.190286591,0.0065428969870073754,0.0006166019999999939,True
2,0.1806981520530949,-0.057862159057594176,0.189204777,0.190432794,0.189818786,0.006510766109703548,0.000614008499999999,True
2,0.1806981520530949,-0.05710772653633637,0.188644791,0.189867887,0.189256339,0.006472239516907352,0.0006115480000000034,True
2,0.1806981520530949,-0.056353863812431244,0.188165323,0.189296451,0.188730887,0.006436350308137325,0.0005655640000000045,True
2,0.1806981520530949,-0.055600567912279804,0.187678566,0.18889162,0.188285093,0.006405980105579349,0.0006065270000000095,True
2,0.1806981520530949,-0.05484783903972878,0.187184535,0.188392667,0.187788601,0.006372240583830527,0.0006040660000000003,True
2,0.1806981520530949,-0.05409567634178418,0.186769273,0.187714772,0.187242023,0.0063352004462744055,0.00047274949999999427,True
2,0.1806981520530949,-0.053344078967374996,0.186174699,0.187373181,0.18677394,0.0063035655279140065,0.0005992410000000004,True
2,0.1806981520530949,-0.05259304712134884,0.185658915,0.186852667,0.186255791,0.0062686392888311035,0.0005968759999999962,True
2,0.1806981520530949,-0.05184257784767214,0.185135899,0.186240124,0.185688011,0.00623047904616644,0.0005521125000000071,True
2,0.1806981520530949,-0.05109267135580211,0.184605657,0.185790133,0.185197895,0.006197632257092291,0.0005922379999999949,True
2,0.1806981520530949,-0.05034332680230372,0.184152546,0.185332321,0.184742433,0.006167185745725771,0.000589887499999997,True
2,0.1806981520530949,-0.04959454334563667,0.183607541,0.184782833,0.184195187,0.00613070285445681,0.0005876459999999972,True
2,0.1806981520530949,-0.04884632014614934,0.183139026,0.184309747,0.183724386,0.0060994028802005915,0.0005853604999999928,True
2,0.1806981520530949,-0.048098657415348016,0.182579282,0.183828876,0.183204079,0.006064904811397042,0.0006247969999999964,True
2,0.1806981520530949,-0.04735155221801018,0.182095395,0.183257309,0.182676352,0.0060300147119224275,0.0005809570000000069,True
2,0.1806981520530949,-0.0466050047701766,0.181851872,0.18251332,0.182182596,0.0059974617058749825,0.00033072400000000446,True
2,0.1806981520530949,-0.04585901423969562,0.181021681,0.182175029,0.181598355,0.005959056889220368,0.0005766739999999992,True
2,0.1806981520530949,-0.045113579796276185,0.180596751,0.181745717,0.181171234,0.005931058341264366,0.0005744830000000006,True
2,0.1806981520530949,-0.044368701656850654,0.180081561,0.18114462,0.180613091,0.0058945704353119775,0.0005315295000000025,True
2,0.1806981520530949,-0.04362437690332042,0.179558554,0.180780608,0.180169581,0.005865656793382727,0.0006110270000000001,True
2,0.1806981520530949,-0.04288060575709071,0.17902773,0.180245423,0.179636576,0.005831002776314558,0.000608846499999996,True
2,0.1806981520530949,-0.042137387395259344,0.178489087,0.179783312,0.179136199,0.005798563546839129,0.000647112500000005,True
2,0.1806981520530949,-0.04139472099675756,0.178023283,0.17923233,0.178627806,0.005765697314808457,0.0006045234999999954,True
2,0.1806981520530949,-0.04065260574234425,0.177549082,0.17875385,0.178151466,0.005734987982180475,0.0006023839999999975,True
2,0.1806981520530949,-0.039911041855319344,0.176986395,0.178187058,0.177586726,0.005698685798142644,0.0006003315000000092,True
2,0.1806981520530949,-0.03917002643787459,0.176655314,0.177612486,0.1771339,0.005669660846272733,0.00047858600000000306,True
2,0.1806981520530949,-0.038429559717710546,0.175996591,0.177109577,0.176553084,0.005632540556275712,0.0005564929999999912,True
2,0.1806981520530949,-0.03768964088284436,0.175489096,0.176677519,0.176083308,0.005602606079863349,0.000594211499999997,True
2,0.1806981520530949,-0.03695026912309424,0.174973202,0.176157676,0.175565439,0.005569699503506939,0.0005922370000000093,True
2,0.1806981520530949,-0.036211444666948825,0.174527648,0.175708151,0.175117899,0.00554133986436194,0.0005902514999999997,True
2,0.1806981520530949,-0.03547316463329735,0.173994676,0.175171362,0.174583019,0.005507540631534278,0.0005883430000000051,True
2,0.1806981520530949,-0.03473542925497041,0.173453283,0.174626214,0.174039748,0.00547331700881658,0.0005864654999999941,True
2,0.1806981520530949,-0.03399823772893749,0.17298144,0.174150602,0.173566021,0.0054435614010881535,0.0005845810000000007,True
2,0.1806981520530949,-0.03326158925394256,0.172422917,0.173666115,0.173044516,0.005410898560674084,0.0006215990000000005,True
2,0.1806981520530949,-0.03252548406355939,0.171933428,0.173017899,0.172475663,0.005375382304485888,0.0005422355000000018,True
2,0.1806981520530949,-0.031789919293185386,0.171589481,0.172516116,0.172052798,0.0053490565664131755,0.0004633175000000045,True
2,0.1806981520530949,-0.0310548951806784,0.170927558,0.172159336,0.171543447,0.0053174323856830285,0.0006158889999999945,True
2,0.1806981520530949,-0.030320410931828745,0.170411155,0.171639266,0.17102521,0.0052853527259675275,0.000614055500000002,True
2,0.1806981520530949,-0.029586465754175815,0.169962314,0.171110267,0.17053629,0.005255176812449322,0.0005739765000000036,True
2,0.1806981520530949,-0.02885305885700258,0.169427672,0.170648598,0.170038135,0.005224519771289535,0.0006104630000000055,True
2,0.1806981520530949,-0.028120190479849417,0.168960114,0.170101464,0.169530789,0.005193389286040313,0.0005706750000000066,True
2,0.1806981520530949,-0.027387857777679697,0.168407167,0.16954534,0.168976253,0.005159469651500066,0.0005690864999999962,True
2,0.1806981520530949,-0.02665606099424987,0.167996522,0.169131485,0.168564003,0.005134325328267816,0.0005674814999999944,True
2,0.1806981520530949,-0.025924799345765998,0.167424974,0.168556892,0.167990933,0.005099474159313227,0.0005659590000000048,True
2,0.1806981520530949,-0.025194072050152706,0.166919574,0.168048465,0.167484019,0.005068745182737305,0.0005644455000000104,True
2,0.1806981520530949,-0.024463879351813354,0.16647969,0.167455498,0.166967594,0.0050375351471273625,0.00048790399999999734,True
2,0.1806981520530949,-0.023734218421815074,0.165880054,0.167077941,0.166478997,0.0050080956227698025,0.0005989435000000043,True
2,0.1806981520530949,-0.023005089508721197,0.165420577,0.166540751,0.165980664,0.004978158344351261,0.0005600869999999869,True
2,0.1806981520530949,-0.022276491837279214,0.164876565,0.166068457,0.165472511,0.0049477235488088675,0.000595946,True
2,0.1806981520530949,-0.021548424633929582,0.1643972,0.165511892,0.164954546,0.004916797123224709,0.0005573460000000002,True
2,0.1806981520530949,-0.02082088712680148,0.16390776,0.165019796,0.164463778,0.0048875840194322045,0.0005560179999999915,True
2,0.1806981520530949,-0.02009387956600464,0.163334237,0.164517666,0.163925951,0.004855669678706644,0.0005917145000000068,True
2,0.1806981520530949,-0.01936739914169482,0.162898534,0.164005468,0.163452001,0.004827632412426212,0.000553466999999988,True
2,0.1806981520530949,-0.018641446108076182,0.16237868,0.163483167,0.162930923,0.004796900904006455,0.0005522435000000075,True
2,0.1806981520530949,-0.017916019699982168,0.161848613,0.163024184,0.162436399,0.004767826219061982,0.0005877854999999932,True
2,0.1806981520530949,-0.01719111915391056,0.161528277,0.162481401,0.162004839,0.0047425256117805585,0.0004765619999999998,True
2,0.1806981520530949,-0.016466744724621365,0.161050378,0.162001548,0.161525963,0.004714529841748695,0.0004755850000000006,True
2,0.1806981520530949,-0.01574289361798393,0.160415788,0.161511126,0.160963457,0.0046817507933432385,0.0005476690000000006,True
2,0.1806981520530949,-0.0150195660927989,0.159843979,0.161010095,0.160427037,0.004650598379745198,0.0005830579999999974,True
2,0.1806981520530949,-0.014296761392172062,0.159407223,0.16049841,0.159952817,0.004623144812945205,0.0005455935000000106,True
2,0.1806981520530949,-0.013574478760848925,0.158886801,0.159976022,0.159431411,0.004593053356983512,0.0005446105000000007,True
2,0.1806981520530949,-0.012852718458146322,0.158428043,0.159515359,0.158971701,0.004566604009275833,0.0005436580000000024,True
2,0.1806981520530949,-0.012131477705474479,0.157885781,0.15904364,0.158464711,0.004537522975144883,0.0005789294999999917,True
2,0.1806981520530949,-0.011410756766137795,0.157404829,0.158488573,0.157946701,0.004507905775442988,0.0005418719999999988,True
2,0.1806981520530949,-0.010690554891395239,0.156840498,0.157994706,0.157417602,0.004477754673809758,0.0005771040000000088,True
2,0.1806981520530949,-0.009970871334122352,0.156553225,0.157489623,0.157021424,0.004455244413938788,0.0004681990000000025,True
2,0.1806981520530949,-0.00925170534880626,0.155894318,0.157045188,0.156469753,0.004423993754337109,0.0005754349999999991,True
2,0.1806981520530949,-0.008533057200111358,0.155439893,0.156517387,0.15597864,0.0043962660804988864,0.0005387470000000061,True
2,0.1806981520530949,-0.007814924127871622,0.154902047,0.156049915,0.155475981,0.0043679767966765416,0.000573934000000012,True
2,0.1806981520530949,-0.007097306400677141,0.154424294,0.155570786,0.15499754,0.004341135303758361,0.0005732459999999995,True
2,0.1806981520530949,-0.006380203279416772,0.15393473,0.155079935,0.154507333,0.004313719517162693,0.0005726025000000051,True
2,0.1806981520530949,-0.0056636140265683985,0.153433286,0.15457729,0.154005288,0.004285731682947092,0.000572002000000002,True
2,0.1806981520530949,-0.004947538911153707,0.152919882,0.154134205,0.153527043,0.0042591553577405765,0.0006071614999999947,True
2,0.1806981520530949,-0.004231975188176496,0.152465804,0.153607674,0.153036739,0.004231994718147908,0.0005709349999999946,True
2,0.1806981520530949,-0.00351692313053348,0.15192817,0.153140418,0.152534294,0.004204251654240073,0.0006061239999999996,True
2,0.1806981520530949,-0.0028023820070128633,0.151805853,0.152589673,0.152197763,0.004185720736404245,0.0003919100000000092,True
2,0.1806981520530949,-0.002088351087969172,0.151029767,0.152169125,0.151599446,0.00415287576913028,0.0005696789999999896,True
2,0.1806981520530949,-0.001374829645318453,0.150526208,0.151664916,0.151095562,0.004125315113911021,0.000569354000000008,True
2,0.1806981520530949,-0.0006618179531964945,0.150010052,0.151219344,0.150614698,0.0040990991364487596,0.0006046460000000003,True
2,0.1806981520530949,5.0686715406702224e-05,0.149518506,0.150513996,0.150016251,0.004066589426616817,0.0004977450000000078,True
2,0.1806981520530949,0.0007626840825404478,0.149014523,0.150080788,0.149547655,0.004041224023250402,0.0005331324999999915,True
2,0.1806981520530949,0.0014741748700853362,0.148568667,0.149563628,0.149066147,0.004015242351279911,0.0004974805000000082,True
2,0.1806981520530949,0.0021851597983823337,0.148109736,0.149175628,0.148642682,0.003992461867291688,0.0005329460000000064,True
2,0.1806981520530949,0.002895638589128411,0.147637628,0.148632423,0.148135025,0.003965237652337005,0.0004973975000000103,True
2,0.1806981520530949,0.003605613954523103,0.147152232,0.148218144,0.147685188,0.00394119199074296,0.0005329560000000011,True
2,0.1806981520530949,0.004315085612497044,0.146866647,0.147719506,0.147293076,0.0039202916262532665,0.0004264295000000057,True
2,0.1806981520530949,0.005024054277275629,0.146212189,0.147278528,0.146745359,0.003891190216059664,0.0005331694999999997,True
2,0.1806981520530949,0.005732520661566899,0.145757331,0.146824041,0.146290686,0.0038671147933836652,0.0005333549999999992,True
2,0.1806981520530949,0.0064404844829844465,0.145359882,0.146355923,0.145857903,0.003844267871469694,0.0004980205000000015,True
2,0.1806981520530949,0.00714794843907532,0.14487746,0.145874049,0.145375754,0.0038188945953751894,0.0004982944999999961,True
2,0.1806981520530949,0.00785491224373551,0.144452273,0.145449511,0.144950892,0.0037966057024804035,0.0004986190000000057,True
2,0.1806981520530949,0.008561376603643174,0.143941761,0.145011042,0.144476401,0.0037717903085852517,0.0005346405000000026,True
2,0.1806981520530949,0.009267342223980023,0.143416953,0.144558511,0.143987732,0.0037463184683490755,0.0005707789999999935,True
2,0.1806981520530949,0.009972809808435316,0.143091948,0.144091777,0.143591863,0.003725747095629023,0.0004999145000000038,True
2,0.1806981520530949,0.011382252688338894,0.142327726,0.14325824,0.142792983,0.0036844056847883983,0.0004652570000000106,True
2,0.1806981520530949,0.012789712821933837,0.141290125,0.142366743,0.141828434,0.0036347983856292003,0.0005383090000000007,True
2,0.1806981520530949,0.014195193809451443,0.140407936,0.141488001,0.140947969,0.003589809112793176,0.0005400324999999956,True
2,0.1806981520530949,0.014897194722932971,0.139980237,0.14106222,0.140521229,0.003568104705042074,0.0005409914999999904,True
2,0.1806981520530949,0.015598703176819065,0.139537309,0.140549095,0.140043202,0.0035438699435362043,0.0005058930000000073,True
2,0.1806981520530949,0.017000245466132644,0.138677598,0.139766169,0.139221883,0.0035024239817251523,0.0005442854999999913,True
2,0.1806981520530949,0.018399825201794288,0.137974046,0.138921862,0.138447954,0.0034635925380550998,0.000473908000000009,True
2,0.1806981520530949,0.019797449831796324,0.136988509,0.138087879,0.137538194,0.003418222636788338,0.0005496849999999942,True
2,0.1806981520530949,0.021193123833121358,0.136158015,0.137263703,0.136710859,0.0033772229777441426,0.0005528439999999968,True
2,0.1806981520530949,0.021890230069726176,0.135792284,0.136827426,0.136309855,0.0033574397106714907,0.0005175709999999945,True
2,0.1806981520530949,0.02258685166540017,0.135410411,0.136448858,0.135929635,0.0033387354825251104,0.000519223499999999,True
2,0.1806981520530949,0.02397864069991827,0.134597331,0.135642903,0.135120117,0.003299086756678666,0.0005227860000000112,True
2,0.1806981520530949,0.02536849437471302,0.134093162,0.13477024,0.134431701,0.003265555723760395,0.0003385390000000127,True
2,0.1806981520530949,0.02675642001060389,0.132994292,0.134056117,0.133525204,0.0032216637576471573,0.0005309125000000081,True
2,0.1806981520530949,0.028142421978523718,0.132280152,0.133274615,0.132777384,0.0031856783709337134,0.0004972315000000005,True
2,0.1806981520530949,0.0288347032519323,0.131974231,0.132896312,0.132435272,0.0031692831881094067,0.00046104049999999563,True
2,0.1806981520530949,0.029526504632603656,0.13149698,0.13250067,0.131998825,0.003148428549055834,0.0005018449999999869,True
2,0.1806981520530949,0.03090867521895101,0.130798445,0.131889858,0.131344152,0.0031172755485519956,0.0005457064999999928,True
2,0.1806981520530949,0.03228893804631387,0.130186808,0.131132048,0.130659428,0.0030848582749002642,0.0004726200000000069,True
2,0.1806981520530949,0.03366729740695908,0.129345834,0.130381415,0.129863624,0.00304739497868829,0.0005177905000000038,True
2,0.1806981520530949,0.035043760473446185,0.128670681,0.129718419,0.12919455,0.003016074732661187,0.0005238689999999963,True
2,0.1806981520530949,0.03573128216408748,0.128346349,0.129400455,0.128873402,0.0030010988300138877,0.0005270529999999995,True
2,0.1806981520530949,0.03641833149339375,0.128003821,0.12906456,0.128534191,0.0029853210828621086,0.0005303695000000025,True
2,0.1806981520530949,0.03779101469825383,0.127345506,0.128337572,0.127841539,0.002953232856421005,0.0004960330000000068,True
2,0.1806981520530949,0.039161817188178676,0.126779996,0.127701819,0.127240907,0.002925547969723354,0.00046091149999999415,True
2,0.1806981520530949,0.04053074219041263,0.12605595,0.127076272,0.126566111,0.002894600165751791,0.0005101609999999951,True
2,0.1806981520530949,0.04189779675745912,0.125339189,0.126461508,0.125900348,0.002864227909495151,0.0005611595000000053,True
2,0.1806981520530949,0.042580623864762635,0.125168896,0.126125816,0.125647356,0.0028527283591964956,0.00047846,True
2,0.1806981520530949,0.04326298503734246,0.124718017,0.125858221,0.125288119,0.002836439268763311,0.0005701019999999959,True
2,0.1806981520530949,0.04462631116242902,0.124197389,0.12526723,0.12473231,0.0028113288022054675,0.000534920500000001,True
2,0.1806981520530949,0.04598778211466651,0.123873653,0.124689496,0.124281574,0.00279104732798938,0.0004079214999999983,True
2,0.1806981520530949,0.04734740198366053,0.123203084,0.124126132,0.123664608,0.002763405143080709,0.0004615239999999979,True
2,0.1806981520530949,0.048705174843655774,0.12263803,0.123578422,0.123108226,0.0027385952935029168,0.0004701959999999991,True
2,0.1806981520530949,0.04938337104458026,0.122373348,0.123322728,0.122848038,0.00272703153903897,0.00047468999999999983,True
2,0.1806981520530949,0.05006110760712519,0.122089099,0.123047837,0.122568468,0.0027146336413989823,0.0004793689999999934,True
2,0.1806981520530949,0.05141520335635019,0.121655989,0.122633573,0.122144781,0.0026958985277026233,0.0004887919999999948,True
2,0.1806981520530949,0.052767468958077796,0.121246601,0.122044981,0.121645791,0.002673916767809347,0.00039919000000000066,True
2,0.1806981520530949,0.05411790840671389,0.12065895,0.121678419,0.121168684,0.0026529831605209024,0.0005097344999999975,True
2,0.1806981520530949,0.05546652568178287,0.120195649,0.121133849,0.120664749,0.0026309617783047724,0.00046910000000000007,True
2,0.1806981520530949,0.0561401533664502,0.120040032,0.120988367,0.120514199,0.0026244007204474966,0.0004741674999999973,True
2,0.1806981520530949,0.0568133275823122,0.119759345,0.120718946,0.120239146,0.002612434901503138,0.00047980049999999524,True
2,0.1806981520530949,0.059501500999359996,0.119092406,0.119985768,0.119539087,0.002582103106657646,0.0004466810000000043,True
2,0.1806981520530949,0.06285158781531379,0.117996745,0.118948921,0.118472833,0.002536245319703952,0.0004760879999999995,True
2,0.1806981520530949,0.06619048901196221,0.117257038,0.118146976,0.117702007,0.0025033492740278813,0.0004449690000000034,True
2,0.1806981520530949,0.06951827903622848,0.116430864,0.117521792,0.116976328,0.0024725761728341166,0.0005454640000000024,True
2,0.1806981520530949,0.07283503252402107,0.115971433,0.116851328,0.116411381,0.0024487508168222496,0.00043994750000000277,True
2,0.1806981520530949,0.07614082058794526,0.115043478,0.116470925,0.115757201,0.0024213063737233277,0.0007137234999999992,True
2,0.1806981520530949,0.0794357164146866,0.114948758,0.115976907,0.115462833,0.002409007374641967,0.000514074500000003,True
2,0.1806981520530949,0.08271979154622526,0.114629197,0.115743816,0.115186507,0.002397490684618633,0.0005573094999999986,True
2,0.1806981520530949,0.08599311682199838,0.114468818,0.115478294,0.114973556,0.0023886341594171467,0.0005047379999999976,True
2,0.1806981520530949,0.08925576238806932,0.114105746,0.11542675,0.114766248,0.0023800280667278526,0.0006605020000000003,True
2,0.1806981520530949,0.0925077977061478,0.114009622,0.115449789,0.114729705,0.0023785126469862915,0.0007200834999999961,True
2,0.1806981520530949,0.0957492915624618,0.114035213,0.115605211,0.114820212,0.0023822668090864407,0.0007849990000000015,True
2,0.1806981520530949,0.09898031207648927,0.113966611,0.115686088,0.11482635,0.0023825215158886073,0.0008597385000000055,True
2,0.1806981520530949,0.10220092670954606,0.114137277,0.115707141,0.114922209,0.002386501115698484,0.0007849320000000021,True
2,0.1806981520530949,0.10541120227323804,0.114308614,0.116025448,0.115167031,0.0023966800066622484,0.0008584170000000002,True
2,0.1806981520530949,0.10861120493777815,0.114518957,0.116397488,0.115458223,0.002408815013134675,0.0009392654999999944,True
2,0.1806981520530949,0.11180100024016876,0.114818483,0.116871296,0.11584489,0.0024249761644988717,0.0010264065000000003,True
2,0.1806981520530949,0.12445939773636053,0.116911374,0.118946547,0.11792896,0.002513012497086975,0.0010175865000000006,True
2,0.1806981520530949,0.13072901061750977,0.117834775,0.119927943,0.118881359,0.002553766780823545,0.0010465839999999962,True
3,0.2573579751299185,-0.40904882194652725,0.374858882,0.376896826,0.375877854,0.03636060562573994,0.0010189720000000069,False
3,0.2573579751299185,-0.3984104225228265,0.369240217,0.371192677,0.370216447,0.035273540079943586,0.0009762300000000224,False
3,0.2573579751299185,-0.36715787984365095,0.352547154,0.35460445,0.353575802,0.03217382543864914,0.0010286480000000209,False
3,0.2573579751299185,-0.36204277930945855,0.350074733,0.351751139,0.350912936,0.031691032401238405,0.0008382029999999818,False
3,0.2573579751299185,-0.3569537099332191,0.347232973,0.349200743,0.348216858,0.031205936177504497,0.00098388499999999,False
3,0.2573579751299185,-0.351890406684826,0.344691762,0.346296226,0.345493994,0.03071981776686453,0.0008022319999999861,False
3,0.2573579751299185,-0.3468526127906141,0.341798297,0.34368274,0.342740519,0.0302321150038176,0.0009422215000000067,False
3,0.2573579751299185,-0.34184007110145753,0.339193525,0.341036015,0.34011477,0.02977067045784503,0.000921245000000015,False
3,0.2573579751299185,-0.33685252972346913,0.336555289,0.338357353,0.337456321,0.02930709457682189,0.0009010320000000238,False
3,0.2573579751299185,-0.33188974051307335,0.333884893,0.335647966,0.334766429,0.028841738188287395,0.0008815365000000019,False
3,0.2573579751299185,-0.3269514590029261,0.33147285,0.333194177,0.332333513,0.028424046677843495,0.0008606634999999974,False
3,0.2573579751299185,-0.3220374443296538,0.328735554,0.330420706,0.32957813,0.02795467203283388,0.0008425760000000115,False
3,0.2573579751299185,-0.3171474591633585,0.326246292,0.327892752,0.327069522,0.027530733561467666,0.0008232300000000081,False
3,0.2573579751299185,-0.3122812696388404,0.323717422,0.325326676,0.324522049,0.02710354198720081,0.0008046270000000022,False
3,0.2573579751299185,-0.30743864528848347,0.321150482,0.322723922,0.321937202,0.026673497259701792,0.0007867199999999908,False
3,0.2573579751299185,-0.30261935897675973,0.319061987,0.32008583,0.319573908,0.02628332214619748,0.0005119215000000121,False
3,0.2573579751299185,-0.29782318548937936,0.316663076,0.317911571,0.317287324,0.02590854801692336,0.0006242475000000081,False
3,0.2573579751299185,-0.2930499068650001,0.314219264,0.31519594,0.314707602,0.02548895898245196,0.0004883380000000048,False
3,0.2573579751299185,-0.2882993042334648,0.311252375,0.312686765,0.31196957,0.02504736817377006,0.000717194999999976,False
3,0.2573579751299185,-0.28357116316338277,0.309203758,0.310369118,0.309786438,0.024698036779746503,0.0005826800000000021,False
3,0.2573579751299185,-0.27886527225065205,0.306635167,0.308001632,0.3073184,0.02430607075507937,0.0006832325000000194,False
3,0.2573579751299185,-0.27418142306174237,0.304251645,0.305586245,0.304918945,0.023928002635368945,0.0006672999999999818,False
3,0.2573579751299185,-0.2695194100782988,0.301820742,0.303124749,0.302472746,0.02354561991216881,0.0006520035000000257,False
3,0.2573579751299185,-0.2648790306430314,0.299557467,0.300407194,0.299982331,0.023159489487200622,0.0004248634999999834,False
3,0.2573579751299185,-0.2602600849068542,0.297032125,0.298276537,0.297654331,0.02280142781273698,0.000622206000000014,False
3,0.2573579751299185,-0.25566237577724005,0.29466803,0.295883499,0.295275765,0.02243846984679891,0.0006077344999999845,False
3,0.2573579751299185,-0.25108570886775683,0.292452476,0.293244261,0.292848369,0.022071062984076305,0.00039589249999999465,True
3,0.2573579751299185,-0.24652989116917504,0.28998544,0.291144839,0.290565139,0.02172824486060397,0.0005796995000000027,True
3,0.2573579751299185,-0.24199473612537253,0.287661446,0.288793746,0.288227596,0.021380051640231042,0.0005661500000000153,True
3,0.2573579751299185,-0.23748005589133928,0.285283864,0.286206366,0.285745115,0.021013348348093656,0.00046125099999999586,True
3,0.2573579751299185,-0.23298566642291269,0.28267355,0.284294582,0.283484066,0.020682114461276577,0.0008105160000000111,True
3,0.2573579751299185,-0.22851138614633826,0.280728482,0.281783324,0.281255903,0.02035827250465198,0.0005274210000000001,True
3,0.2573579751299185,-0.22405703591425252,0.278192928,0.279738115,0.278965521,0.020028051065377042,0.0007725935000000017,True
3,0.2573579751299185,-0.21962243896264333,0.276116324,0.276955457,0.27653589,0.019680704413110345,0.00041956649999999596,True
3,0.2573579751299185,-0.21520742086875894,0.273806963,0.274790117,0.27429854,0.019363534022317132,0.000491576999999993,True
3,0.2573579751299185,-0.2108118095099423,0.271599891,0.272559769,0.27207983,0.01905155049072235,0.00047993900000001255,True
3,0.2573579751299185,-0.2064354350233673,0.269329083,0.270266682,0.269797883,0.018733318032570157,0.00046879949999997783,True
3,0.2573579751299185,-0.20207812854270732,0.267149744,0.268065142,0.267607443,0.01843036803124345,0.0004576989999999781,True
3,0.2573579751299185,-0.1977397270606752,0.264903759,0.265797919,0.265350839,0.01812084982493538,0.0004470799999999886,True
3,0.2573579751299185,-0.19342006603172004,0.262593337,0.263467152,0.263030245,0.017805288291751924,0.0004369075,True
3,0.2573579751299185,-0.18911898424689863,0.260363164,0.261358627,0.260860895,0.017512800118003633,0.0004977315000000149,True
3,0.2573579751299185,-0.18483632256848775,0.25820531,0.259177453,0.258691382,0.017222712534519846,0.00048607149999999044,True
3,0.2573579751299185,-0.1805719238946536,0.255976177,0.25692602,0.256451098,0.016925704585682683,0.00047492149999997513,True
3,0.2573579751299185,-0.17632563312487132,0.253810929,0.254738754,0.254274842,0.016639658816365838,0.0004639124999999966,True
3,0.2573579751299185,-0.17209729712607666,0.25157269,0.252479455,0.252026072,0.016346642785501516,0.0004533825000000158,True
3,0.2573579751299185,-0.16788676469952915,0.249390558,0.250402821,0.24989669,0.01607158236618494,0.0005061314999999927,True
3,0.2573579751299185,-0.1636938865483705,0.247257942,0.248123571,0.247690757,0.015789094782308666,0.00043281449999998944,True
3,0.2573579751299185,-0.15951851524585975,0.245168552,0.245893604,0.245531078,0.015514956851176317,0.000362525999999988,True
3,0.2573579751299185,-0.15619072430367606,0.243200736,0.244505516,0.243853126,0.015303623951777083,0.0006523900000000027,True
3,0.2573579751299185,-0.15536050403619098,0.242761365,0.244060254,0.243410809,0.015248156842805647,0.0006494444999999988,True
3,0.2573579751299185,-0.1545309736297807,0.242318837,0.24361189,0.242965364,0.015192399250684965,0.0006465264999999942,True
3,0.2573579751299185,-0.1528739719989771,0.2413075,0.242589732,0.241948616,0.015065512679232854,0.0006411159999999971,True
3,0.2573579751299185,-0.1512197114811753,0.240749026,0.241557338,0.241153182,0.014966616290059881,0.00040415600000000274,True
3,0.2573579751299185,-0.14956818418365178,0.239713137,0.240971559,0.240342348,0.014866140404665603,0.0006292110000000045,True
3,0.2573579751299185,-0.1479193787725566,0.238894531,0.240141391,0.239517961,0.014764332008726188,0.0006234300000000081,True
3,0.2573579751299185,-0.14709599440741541,0.238536517,0.239326946,0.238931732,0.01469214796460835,0.0003952145000000046,True
3,0.2573579751299185,-0.14627328744636117,0.237949219,0.239185356,0.238567287,0.01464736198160904,0.0006180684999999991,True
3,0.2573579751299185,-0.14462990244009385,0.237103709,0.238328695,0.237716202,0.014543039936180282,0.0006124930000000056,True
3,0.2573579751299185,-0.14298921256396155,0.236355095,0.237238243,0.236796669,0.014430746868145591,0.00044157400000000013,True
3,0.2573579751299185,-0.14135121129425016,0.235371627,0.236574916,0.235973272,0.014330563237300096,0.0006016444999999981,True
3,0.2573579751299185,-0.1397158875356991,0.23437662,0.235678085,0.235027353,0.01421590294006759,0.0006507325000000008,True
3,0.2573579751299185,-0.13889922742074456,0.234199507,0.234955375,0.234577441,0.0141615281329402,0.00037793399999999644,True
3,0.2573579751299185,-0.13808323369535658,0.233693509,0.234875335,0.234284422,0.01412617089577329,0.0005909129999999985,True
3,0.2573579751299185,-0.1364532422155262,0.232779829,0.23395148,0.233365654,0.014015593972758084,0.0005858254999999979,True
3,0.2573579751299185,-0.1348259021405363,0.232064744,0.232803973,0.232434358,0.013903952678164655,0.00036961450000000395,True
3,0.2573579751299185,-0.1332012059992694,0.23122817,0.232169765,0.231698967,0.013816111390491732,0.00047079749999999476,True
3,0.2573579751299185,-0.13157914635510726,0.23016914,0.231310339,0.23073974,0.013701951589306316,0.0005705995000000047,True
3,0.2573579751299185,-0.13076910155147975,0.229842565,0.230669064,0.230255814,0.013644538181688082,0.00041324950000000416,True
3,0.2573579751299185,-0.12995971238937282,0.229305385,0.230436642,0.229871014,0.013598971201278377,0.0005656284999999983,True
3,0.2573579751299185,-0.12834289675037167,0.228427318,0.229548814,0.228988066,0.013494702950426627,0.0005607479999999998,True
3,0.2573579751299185,-0.12672869212017315,0.227737597,0.228445174,0.228091385,0.013389223636708402,0.0003537884999999935,True
3,0.2573579751299185,-0.12511708781456019,0.226729211,0.227831286,0.227280248,0.013294163635340172,0.0005510374999999901,True
3,0.2573579751299185,-0.12350807773036973,0.225808162,0.226900997,0.22635458,0.01318609509842713,0.0005464174999999932,True
3,0.2573579751299185,-0.12270454192529709,0.225441577,0.226233194,0.225837385,0.013125906422476066,0.00039580849999999723,True
3,0.2573579751299185,-0.12190165127164691,0.224972029,0.226055391,0.22551371,0.013088308721629601,0.0005416810000000022,True
3,0.2573579751299185,-0.12029780128053895,0.224120551,0.225194618,0.224657584,0.012989122096059092,0.0005370335000000059,True
3,0.2573579751299185,-0.118696520631769,0.223350855,0.22402878,0.223689818,0.012877455661743097,0.0003389625000000118,True
3,0.2573579751299185,-0.11709779885975181,0.22237214,0.22342813,0.222900135,0.012786694641704382,0.0005279950000000033,True
3,0.2573579751299185,-0.11550162891991193,0.221475478,0.222522677,0.221999077,0.012683524978135647,0.0005235994999999993,True
3,0.2573579751299185,-0.11470449946541338,0.221069073,0.221827764,0.221448418,0.012620681157761503,0.0003793455000000029,True
3,0.2573579751299185,-0.1139080037995616,0.220469416,0.22169681,0.221083113,0.012579076929767289,0.0006136969999999964,True
3,0.2573579751299185,-0.1123169131611067,0.219731653,0.22076141,0.220246531,0.0124840581942165,0.0005148784999999961,True
3,0.2573579751299185,-0.11072835007104549,0.219069074,0.219626132,0.219347603,0.012382359722268045,0.0002785289999999996,True
3,0.2573579751299185,-0.10914230762709168,0.218018678,0.219031324,0.218525001,0.012289660697351682,0.000506323000000003,True
3,0.2573579751299185,-0.10755877561732008,0.217138343,0.218142672,0.217640507,0.012190375651506748,0.0005021644999999991,True
3,0.2573579751299185,-0.10676794896091768,0.216692269,0.217510873,0.217101571,0.012130077152360622,0.0004093020000000003,True
3,0.2573579751299185,-0.10597774832894795,0.216060823,0.217238445,0.216649634,0.012079627727021838,0.0005888109999999946,True
3,0.2573579751299185,-0.10439921563256482,0.215330605,0.216408441,0.215869523,0.011992791812890266,0.0005389179999999993,True
3,0.2573579751299185,-0.10282317077503604,0.21458188,0.215294715,0.214938297,0.0118895450837793,0.0003564174999999975,True
3,0.2573579751299185,-0.10124960703335974,0.213637892,0.214609933,0.214123913,0.011799618700109697,0.0004860205000000034,True
3,0.2573579751299185,-0.0996785144000411,0.212678623,0.213730631,0.213204627,0.011698518928116792,0.0005260039999999966,True
3,0.2573579751299185,-0.09889389273945672,0.21236816,0.213066779,0.21271747,0.011645119482254692,0.0003493095000000057,True
3,0.2573579751299185,-0.09810988622739517,0.211791268,0.212834896,0.212313082,0.011600885499972471,0.0005218139999999954,True
3,0.2573579751299185,-0.09654371589724055,0.210973832,0.212008989,0.21149141,0.011511266173777557,0.0005175785000000044,True
3,0.2573579751299185,-0.09497999352181559,0.210224332,0.210909061,0.210566697,0.011410823829403907,0.0003423644999999975,True
3,0.2573579751299185,-0.09341871255686655,0.209200841,0.210219789,0.209710315,0.011318196147130635,0.0005094739999999959,True
3,0.2573579751299185,-0.09185986648703003,0.208331237,0.209342196,0.208836717,0.011224095300976143,0.0005054795000000029,True
3,0.2573579751299185,-0.09108135320884805,0.208057931,0.208729279,0.208393605,0.011176515019671554,0.00033567399999999414,True
3,0.2573579751299185,-0.09030344554214438,0.207444253,0.208447379,0.207945816,0.011128535202837412,0.0005015629999999965,True
3,0.2573579751299185,-0.08874944437222325,0.206539995,0.207535437,0.207037716,0.011031550738976197,0.0004977209999999926,True
3,0.2573579751299185,-0.08719785328434429,0.205783379,0.206441981,0.20611268,0.010933193928046137,0.00032930100000000406,True
3,0.2573579751299185,-0.08564866590228216,0.204761837,0.205823738,0.205292788,0.01084638501079626,0.000530950500000002,True
3,0.2573579751299185,-0.08410187587771223,0.203886869,0.204940716,0.204413793,0.01075370267390509,0.0005269234999999983,True
3,0.2573579751299185,-0.08332937660753088,0.203563848,0.204210047,0.203886948,0.01069834209004365,0.000323099500000007,True
3,0.2573579751299185,-0.08255747363186454,0.202993763,0.204039713,0.203516738,0.010659526094395147,0.0005229750000000088,True
3,0.2573579751299185,-0.08101545288679132,0.202082611,0.20312082,0.202601716,0.010563889986972375,0.0005191045000000061,True
3,0.2573579751299185,-0.07947580739187009,0.201391539,0.202025709,0.201708624,0.010470961540192404,0.00031708499999999473,True
3,0.2573579751299185,-0.07793852768047703,0.200364052,0.201386881,0.200875466,0.010384639517649799,0.0005114145000000014,True
3,0.2573579751299185,-0.07640360757109084,0.199476287,0.200491661,0.199983974,0.010292669303730904,0.0005076869999999928,True
3,0.2573579751299185,-0.07563703118426476,0.199103221,0.199803742,0.199453481,0.010238135464369282,0.00035026050000000475,True
3,0.2573579751299185,-0.07487104090895384,0.198414382,0.199577721,0.198996052,0.01019122878951551,0.0005816695000000066,True
3,0.2573579751299185,-0.07334081833762714,0.19764422,0.198722043,0.198183132,0.010108134358450309,0.0005389114999999889,True
3,0.2573579751299185,-0.0718129337702074,0.196929582,0.197541165,0.197235373,0.010011686511324435,0.00030579149999999944,True
3,0.2573579751299185,-0.07028738114600737,0.195889174,0.196951745,0.19642046,0.009929127293850804,0.0005312855000000061,True
3,0.2573579751299185,-0.06876415121685524,0.194982092,0.196037275,0.195509684,0.009837260644655042,0.0005275915000000075,True
3,0.2573579751299185,-0.06800340545567422,0.19463395,0.195385103,0.195009527,0.009786993248951253,0.0003755765000000022,True
3,0.2573579751299185,-0.06724323905825481,0.194055391,0.195178119,0.194616755,0.009747608652913305,0.0005613640000000086,True
3,0.2573579751299185,-0.06572463549316838,0.193183527,0.19422426,0.193703893,0.009656379583769574,0.000520366500000008,True
3,0.2573579751299185,-0.06420833458848327,0.192438899,0.193103444,0.192771171,0.009563608777892542,0.0003322725000000082,True
3,0.2573579751299185,-0.06269433043641866,0.191451637,0.192478289,0.191964963,0.009483782163391886,0.0005133259999999945,True
3,0.2573579751299185,-0.06118261396510224,0.190444921,0.191610524,0.191027722,0.009391401859011012,0.0005828015000000075,True
3,0.2573579751299185,-0.060427611849172905,0.1901886,0.190914729,0.190551664,0.009344651774155157,0.000363064499999996,True
3,0.2573579751299185,-0.05967317933141784,0.189780893,0.190432263,0.190106578,0.009301048730829752,0.00032568499999999223,True
3,0.2573579751299185,-0.058166020717066544,0.188661016,0.189739603,0.18920031,0.009212580975999292,0.0005392935000000099,True
3,0.2573579751299185,-0.056661129153535356,0.187951581,0.188666022,0.188308801,0.009125966436577818,0.00035722049999999117,True
3,0.2573579751299185,-0.05515849888604306,0.186862987,0.187998829,0.187430908,0.009041074525255485,0.000567920999999999,True
3,0.2573579751299185,-0.05365812418412327,0.186037308,0.187095462,0.186566385,0.008957863161154794,0.0005290769999999889,True
3,0.2573579751299185,-0.052908779634076475,0.185721387,0.186424676,0.186073031,0.008910549661245156,0.0003516445000000118,True
3,0.2573579751299185,-0.052159996180855754,0.185118477,0.186170141,0.185644309,0.008869536218940875,0.0005258320000000039,True
3,0.2573579751299185,-0.05066411026013984,0.184177539,0.185292513,0.184735026,0.008782863294561277,0.0005574869999999954,True
3,0.2573579751299185,-0.0491704576218213,0.183491709,0.184184395,0.183838052,0.008697780627522815,0.00034634299999999896,True
3,0.2573579751299185,-0.04767903265475321,0.182436011,0.183468899,0.182952455,0.008614183403807015,0.0005164439999999909,True
3,0.2573579751299185,-0.046189829771292844,0.181495962,0.182591329,0.182043645,0.008528814647973166,0.000547683499999993,True
3,0.2573579751299185,-0.045446058628459594,0.181256353,0.181938992,0.181597672,0.008487077821909527,0.00034131949999999245,True
3,0.2573579751299185,-0.044702840270019764,0.180669145,0.181690161,0.181179653,0.008448050047406262,0.0005105079999999929,True
3,0.2573579751299185,-0.04321805862387229,0.179750061,0.180765377,0.180257719,0.008362292862087364,0.000507658000000008,True
3,0.2573579751299185,-0.04173547932882167,0.179009197,0.179682357,0.179345777,0.008277895523050222,0.0003365799999999891,True
3,0.2573579751299185,-0.040255093780515214,0.178108345,0.178978663,0.178543504,0.008204001638340406,0.0004351590000000044,True
3,0.2573579751299185,-0.038776896534448435,0.177049657,0.178115205,0.177582431,0.008115917520363935,0.0005327739999999997,True
3,0.2573579751299185,-0.03803861754367803,0.176810593,0.177408413,0.177109503,0.008072747329304896,0.00029890999999999945,True
3,0.2573579751299185,-0.03730088216868873,0.176166519,0.177226542,0.17669653,0.008035144153632816,0.0005300114999999966,True
3,0.2573579751299185,-0.035827042174321526,0.175323895,0.176312622,0.175818258,0.007955465129101199,0.0004943634999999974,True
3,0.2573579751299185,-0.03435537222285689,0.174586334,0.175176652,0.174881493,0.007870917050120196,0.0002951589999999893,True
3,0.2573579751299185,-0.03288586386811778,0.173560146,0.174539226,0.174049686,0.007796220597119288,0.0004895399999999966,True
3,0.2573579751299185,-0.03141851179988964,0.172638883,0.173613377,0.17312613,0.0077137022861594245,0.0004872470000000101,True
3,0.2573579751299185,-0.030685642397509025,0.17233044,0.172913805,0.172622123,0.007668855203862351,0.0002916825000000012,True
3,0.2573579751299185,-0.029953310729785746,0.171755916,0.172725951,0.172240933,0.00763502334952566,0.0004850174999999901,True
3,0.2573579751299185,-0.02849025230442765,0.17071706,0.171811593,0.171264326,0.007548687562135139,0.0005472665000000043,True
3,0.2573579751299185,-0.027029331292245922,0.170100934,0.170741991,0.170421462,0.007474569842158557,0.0003205285000000002,True
3,0.2573579751299185,-0.025570542483065468,0.169071655,0.170029229,0.169550442,0.007398360399479508,0.0004787870000000083,True
3,0.2573579751299185,-0.02411387761476857,0.168206166,0.169159883,0.168683024,0.0073228541954999775,0.0004768585000000103,True
3,0.2573579751299185,-0.02338634011088074,0.1678896,0.168524174,0.168206887,0.007281572496080897,0.00031728699999999943,True
3,0.2573579751299185,-0.022659331533022263,0.167311981,0.168262009,0.167786995,0.007245264138763475,0.00047501399999999583,True
3,0.2573579751299185,-0.021206899104465018,0.166452047,0.167398535,0.166925291,0.007171036201199055,0.00047324399999999767,True
3,0.2573579751299185,-0.01975657215673392,0.165688371,0.166317123,0.166002747,0.00709199107612481,0.0003143760000000051,True
3,0.2573579751299185,-0.018308346629832706,0.164706149,0.16564606,0.165176105,0.007021535122996839,0.00046995550000000774,True
3,0.2573579751299185,-0.01686221441041432,0.16381937,0.164756245,0.164287807,0.0069462161887672074,0.00046843750000000184,True
3,0.2573579751299185,-0.016139931782281056,0.163489274,0.164175251,0.163832262,0.0069077480025810985,0.00034298850000000214,True
3,0.2573579751299185,-0.015418170469828194,0.162964323,0.16389833,0.163431326,0.006873979611279421,0.00046700350000000723,True
3,0.2573579751299185,-0.01397620979971019,0.162078123,0.163009441,0.162543782,0.006799521509326345,0.00046565900000000715,True
3,0.2573579751299185,-0.012536324374029486,0.161346285,0.161965489,0.161655887,0.006725439661167985,0.00030960199999999216,True
3,0.2573579751299185,-0.011098509237765375,0.160334746,0.16126122,0.160797983,0.006654245575433137,0.00046323700000000523,True
3,0.2573579751299185,-0.009662759455786261,0.159476373,0.160400701,0.159938537,0.006583303377715098,0.000462164000000001,True
3,0.2573579751299185,-0.00894565633766647,0.159065648,0.159988972,0.15952731,0.006549493493115732,0.00046166200000000157,True
3,0.2573579751299185,-0.008229067087954064,0.158646594,0.159568965,0.159107779,0.006515090574504306,0.0004611855000000026,True
3,0.2573579751299185,-0.006797427251579945,0.157783344,0.158703953,0.158243649,0.006444514553354313,0.00046030450000000833,True
3,0.2573579751299185,-0.005367835083473996,0.157008823,0.157682789,0.157345806,0.0063715922269362065,0.00033698299999999903,True
3,0.2573579751299185,-0.003940282727998922,0.15613856,0.156995066,0.156566813,0.006308659005892627,0.00042825299999998956,True
3,0.2573579751299185,-0.0025147663760438886,0.155233538,0.156150071,0.155691804,0.006238341317917927,0.0004582664999999986,True
3,0.2573579751299185,-0.0018027690120025021,0.15479839,0.155714427,0.155256409,0.006203498831968397,0.00045801849999999034,True
3,0.2573579751299185,-0.0010912782275456852,0.154232275,0.155330988,0.154781631,0.006165615933478469,0.0005493565000000006,True
3,0.2573579751299185,0.0003301864824431488,0.153558117,0.154533984,0.154046051,0.006107152574329528,0.00048793350000000957,True
3,0.2573579751299185,0.0017496325000004073,0.152956261,0.153626807,0.153291534,0.006047473464780099,0.00033527299999999705,True
3,0.2573579751299185,0.0031670675429460145,0.151951728,0.152926784,0.152439256,0.00598041430810666,0.00048752800000000096,True
3,0.2573579751299185,0.004582496307225131,0.15115359,0.152128617,0.151641103,0.005917952845344046,0.0004875134999999947,True
3,0.2573579751299185,0.005289459113412066,0.150709855,0.151684963,0.151197409,0.005883372263972939,0.00048755400000000115,True
3,0.2573579751299185,0.005995923470278847,0.15031751,0.151292765,0.150805138,0.005852883877623742,0.0004876275000000041,True
3,0.2573579751299185,0.007407356669002087,0.14944292,0.150479655,0.149961287,0.005787565896337267,0.0005183674999999915,True
3,0.2573579751299185,0.008816800531536221,0.148895389,0.149566745,0.149231067,0.00573133929340697,0.0003356780000000059,True
3,0.2573579751299185,0.010224259667877917,0.147942209,0.148919777,0.148430993,0.005670049060557118,0.000488784000000006,True
3,0.2573579751299185,0.01162974163528642,0.147070883,0.148110978,0.147590931,0.005606050110691784,0.0005200474999999954,True
3,0.2573579751299185,0.0123317425450755,0.146772997,0.147691459,0.147232228,0.005578833487845305,0.0004592310000000044,True
3,0.2573579751299185,0.013033250008222709,0.146403757,0.147323019,0.146863388,0.005550916780429403,0.000459631000000002,True
3,0.2573579751299185,0.01443479229155923,0.145634426,0.146616912,0.146125669,0.005495290502703977,0.0004912429999999884,True
3,0.2573579751299185,0.015834373003029038,0.145008008,0.145685023,0.145346515,0.005436844064397502,0.0003385075000000015,True
3,0.2573579751299185,0.017231996642800493,0.144093155,0.145018791,0.144555973,0.005377862739808251,0.0004628180000000037,True
3,0.2573579751299185,0.018627670638202146,0.143382151,0.144372397,0.143877274,0.005327482508256691,0.0004951230000000001,True
3,0.2573579751299185,0.019324777850198843,0.142979518,0.143971365,0.143475441,0.005297765948148387,0.0004959234999999951,True
3,0.2573579751299185,0.020021399442239827,0.142627992,0.14362151,0.143124751,0.0052718994587655395,0.0004967589999999994,True
3,0.2573579751299185,0.021413187490693413,0.1420168,0.142826967,0.142421883,0.00522024730355983,0.00040508350000000026,True
3,0.2573579751299185,0.022803042134567783,0.14129952,0.141987808,0.141643664,0.0051633544097923765,0.0003441439999999907,True
3,0.2573579751299185,0.0241909677632519,0.140285871,0.141417132,0.140851501,0.0051057622714543146,0.0005656304999999973,True
3,0.2573579751299185,0.025576968749237504,0.139602848,0.140676336,0.140139592,0.005054280359454996,0.0005367440000000057,True
3,0.2573579751299185,0.026269250019734722,0.139529144,0.140162168,0.139845656,0.005033100378738421,0.0003165120000000049,True
3,0.2573579751299185,0.026961052368403952,0.139000913,0.140016381,0.139508647,0.005008871434225464,0.0005077339999999958,True
3,0.2573579751299185,0.0283432219755531,0.138353384,0.139310616,0.138832,0.004960401054286178,0.00047861600000000115,True
3,0.2573579751299185,0.029723484797132767,0.137787648,0.138493765,0.138140707,0.004911124904601128,0.00035305849999998917,True
3,0.2573579751299185,0.031101845118903928,0.137111111,0.137950816,0.137530964,0.004867865892940975,0.0004198524999999981,True
3,0.2573579751299185,0.03247830721026613,0.13632135,0.137296799,0.136809075,0.004816897932953813,0.0004877244999999947,True
3,0.2573579751299185,0.03316582889803936,0.136005594,0.136984443,0.136495019,0.004794808179779331,0.0004894245000000019,True
3,0.2573579751299185,0.0338528782244815,0.135743288,0.136660136,0.136201712,0.00477422369550622,0.00045842399999999894,True
3,0.2573579751299185,0.03522556238653935,0.135051213,0.13604097,0.135546092,0.004728371950596023,0.0004948785000000039,True
3,0.2573579751299185,0.03659636390537928,0.134575007,0.135173625,0.134874316,0.004681619801558264,0.0002993089999999976,True
3,0.2573579751299185,0.03796528986221113,0.133850085,0.134788983,0.134319534,0.004643184957215257,0.0004694489999999968,True
3,0.2573579751299185,0.03933234442227924,0.133208351,0.134155581,0.133681966,0.004599210410947759,0.0004736149999999967,True
3,0.2573579751299185,0.040015170565326094,0.133038357,0.133650116,0.133344236,0.004576001158648041,0.00030587950000000863,True
3,0.2573579751299185,0.0406975317350841,0.132583538,0.133539589,0.133061564,0.004556620697869624,0.0004780254999999928,True
3,0.2573579751299185,0.04206085881089323,0.132045018,0.133010248,0.132527633,0.004520125714214319,0.0004826150000000057,True
3,0.2573579751299185,0.04342232975621279,0.131595307,0.132222177,0.131908742,0.0044780072047858,0.0003134350000000008,True
3,0.2573579751299185,0.04478194866210185,0.130814485,0.131870371,0.131342428,0.004439639551309381,0.0005279429999999891,True
3,0.2573579751299185,0.04613972246897608,0.130475358,0.131329164,0.130902261,0.00440993234500627,0.00042690299999999237,True
3,0.2573579751299185,0.04681791866646902,0.130108865,0.131039226,0.130574045,0.004387845701564168,0.0004651805000000092,True
3,0.2573579751299185,0.04749565427197236,0.129800247,0.130736107,0.130268177,0.004367312835920026,0.0004679299999999914,True
3,0.2573579751299185,0.04884975096553215,0.129360821,0.130234896,0.129797859,0.004335834419998503,0.00043703750000000097,True
3,0.2573579751299185,0.050202016560441654,0.128944306,0.129460664,0.129202485,0.004296149287294348,0.00025817899999999727,True
3,0.2573579751299185,0.05357470094942085,0.12767699,0.128286862,0.127981926,0.0042153623676607,0.00030493600000000565,True
3,0.2573579751299185,0.056936048563067373,0.126536788,0.127089926,0.126813357,0.004138735093696112,0.0002765689999999904,True
3,0.2573579751299185,0.06028613535988654,0.125378767,0.125953942,0.125666355,0.004064205579185143,0.00028758750000000555,True
3,0.2573579751299185,0.06362503653752834,0.124378599,0.124978157,0.124678378,0.0040005519860275675,0.000299779,True
3,0.2573579751299185,0.06695282654291403,0.123296448,0.124191887,0.123744167,0.003940824585424775,0.00044771949999999894,True
3,0.2573579751299185,0.07026957908219704,0.122506635,0.123163981,0.122835308,0.0038831491254664955,0.00032867300000000155,True
3,0.2573579751299185,0.07357536713055798,0.121570462,0.122557474,0.122063968,0.0038345340476066566,0.0004935059999999977,True
3,0.2573579751299185,0.07687026294183869,0.121103561,0.121727297,0.121415429,0.003793895708871782,0.00031186799999999987,True
3,0.2573579751299185,0.08015433898099165,0.120207775,0.121196905,0.12070234,0.0037494624638532152,0.0004945649999999954,True
3,0.2573579751299185,0.08342766423848945,0.119757175,0.120455673,0.120106424,0.00371253113235955,0.00034924900000000286,True
3,0.2573579751299185,0.08669030978640432,0.119355816,0.12009602,0.119725918,0.0036890452495950414,0.00037010199999999716,True
3,0.2573579751299185,0.08994234508644443,0.118767226,0.119555712,0.119161469,0.0036543431654160728,0.0003942429999999955,True
3,0.2573579751299185,0.09318383892483703,0.11839521,0.119235065,0.118815137,0.003633132000619996,0.00041992750000000023,True
3,0.2573579751299185,0.09641485942105851,0.118004711,0.118901905,0.118453308,0.0036110376629630305,0.00044859700000000197,True
3,0.2573579751299185,0.0996354740364236,0.117612696,0.118732399,0.118172547,0.0035939400056730596,0.0005598514999999998,True
3,0.2573579751299185,0.1028457495825377,0.11741436,0.11844295,0.117928655,0.0035791205113715244,0.0005142950000000049,True
3,0.2573579751299185,0.10604575222961204,0.117290359,0.118392085,0.117841222,0.003573815316660452,0.0005508629999999987,True
3,0.2573579751299185,0.10923554751464815,0.117080163,0.118264705,0.117672434,0.0035635848535814,0.0005922709999999984,True
3,0.2573579751299185,0.11241520034949118,0.117001272,0.118273989,0.11763763,0.0035614771608740775,0.0006363584999999963,True
3,0.2573579751299185,0.11558477591960088,0.117108338,0.118472453,0.117790396,0.003570733142831753,0.0006820574999999995,True
3,0.2573579751299185,0.12189394494478169,0.11708397,0.118666806,0.117875388,0.0035758879474911006,0.0007914180000000021,True
3,0.2573579751299185,0.12816355779239422,0.117181401,0.119022916,0.118102158,0.003589659849104449,0.000920757500000001,True
3,0.2573579751299185,0.14058607746513296,0.118117676,0.120188659,0.119153167,0.0036538339857227604,0.0010354914999999992,True
4,0.35044490060966993,-0.44968979303126067,0.377964992,0.379752969,0.37885898,0.05030080277481326,0.0008939884999999981,False
4,0.35044490060966993,-0.41689997015769475,0.362050395,0.363635834,0.362843114,0.046137867327572454,0.0007927194999999831,False
4,0.35044490060966993,-0.4008996287871703,0.354142412,0.355932735,0.355037574,0.0441741681019475,0.0008951614999999913,False
4,0.35044490060966993,-0.39562257266867346,0.351662636,0.353415793,0.352539215,0.04355465832152823,0.0008765785000000026,False
4,0.35044490060966993,-0.39037321627705823,0.349156235,0.350873493,0.350014864,0.04293314671121319,0.0008586289999999996,False
4,0.35044490060966993,-0.3851512717957004,0.346624272,0.348306829,0.347465551,0.04231002207404633,0.0008412784999999867,False
4,0.35044490060966993,-0.3799564558857946,0.344067744,0.345716731,0.344892237,0.041685650518996156,0.0008244934999999953,False
4,0.35044490060966993,-0.37478848522989544,0.341487583,0.343104071,0.342295827,0.041060379031120225,0.0008082440000000135,False
4,0.35044490060966993,-0.36453198552286137,0.336520239,0.338071497,0.337295868,0.03986959157561027,0.0007756289999999999,False
4,0.35044490060966993,-0.35944291552569835,0.334124138,0.335642852,0.334883495,0.03930132857694678,0.0007593569999999883,False
4,0.35044490060966993,-0.35437961308440624,0.33169759,0.333184895,0.332441242,0.03873018194436218,0.0007436524999999972,False
4,0.35044490060966993,-0.34432927768699956,0.326757684,0.328185317,0.327471501,0.03758086445500409,0.0007138164999999919,False
4,0.35044490060966993,-0.33934173710261567,0.324480676,0.325877401,0.325179038,0.037056536780444384,0.0006983624999999938,False
4,0.35044490060966993,-0.3343789472808946,0.321938495,0.323534688,0.322736591,0.036501957870908076,0.0007980965000000118,False
4,0.35044490060966993,-0.32944066516544507,0.319595833,0.321158477,0.320377155,0.03597019778153164,0.000781322000000001,False
4,0.35044490060966993,-0.32452665127618024,0.317219708,0.318749983,0.317984846,0.035435012641402565,0.0007651375000000127,False
4,0.35044490060966993,-0.31477047539065733,0.312582607,0.314049114,0.313315861,0.034402064545922054,0.0007332535000000029,False
4,0.35044490060966993,-0.3051085649136145,0.30801003,0.309614628,0.308812329,0.033420197060748606,0.0008022990000000063,False
4,0.35044490060966993,-0.3003123921892084,0.305866331,0.307240327,0.306553329,0.032933039742009965,0.0006869979999999942,False
4,0.35044490060966993,-0.2955391143238779,0.303679384,0.305214501,0.304446942,0.03248201609383743,0.0007675585000000151,True
4,0.35044490060966993,-0.28606036945652996,0.299182042,0.300286542,0.299734292,0.031484196188349335,0.0005522500000000041,True
4,0.35044490060966993,-0.28135447929406654,0.296874513,0.298672691,0.297773602,0.031073640261497518,0.0008990889999999918,True
4,0.35044490060966993,-0.2766706295296804,0.294706607,0.296291046,0.295498826,0.03060069318235737,0.0007922194999999965,True
4,0.35044490060966993,-0.27200861597611364,0.292495016,0.294217157,0.293356087,0.030158514987902594,0.0008610705000000052,True
4,0.35044490060966993,-0.26736823728252324,0.29041072,0.291423584,0.290917152,0.02965912944429689,0.0005064320000000011,True
4,0.35044490060966993,-0.26274929098068683,0.288278417,0.289762388,0.289020403,0.02927364146328781,0.0007419854999999864,True
4,0.35044490060966993,-0.25815158129060306,0.286099789,0.287069625,0.286584707,0.028782318040647185,0.00048491800000000085,True
4,0.35044490060966993,-0.25357491511439234,0.28387639,0.285455718,0.284666054,0.02839821922012752,0.0007896640000000232,True
4,0.35044490060966993,-0.249019098139228,0.281765032,0.282848368,0.2823067,0.027929432779018003,0.0005416679999999952,True
4,0.35044490060966993,-0.24448394253850875,0.279757102,0.281268339,0.28051272,0.027575593194670563,0.0007556184999999993,True
4,0.35044490060966993,-0.23996926302378604,0.277695762,0.278879638,0.2782877,0.027139870292329636,0.0005919379999999863,True
4,0.35044490060966993,-0.23547487300270922,0.275437429,0.276885752,0.27616159,0.026726758771526214,0.0007241614999999868,True
4,0.35044490060966993,-0.2310005921784188,0.273420017,0.274695666,0.274057841,0.02632111053636938,0.0006378244999999949,True
4,0.35044490060966993,-0.22654624265774642,0.271348123,0.272734637,0.27204138,0.025935204893807216,0.0006932570000000027,True
4,0.35044490060966993,-0.2221116451625441,0.269359747,0.270445674,0.269902711,0.025529025577133203,0.000542963500000021,True
4,0.35044490060966993,-0.21769662652985583,0.267181243,0.268641931,0.267911587,0.025153749918408446,0.0007303439999999939,True
4,0.35044490060966993,-0.21330101587471895,0.265214322,0.266384365,0.265799343,0.024758683671253716,0.0005850215000000047,True
4,0.35044490060966993,-0.20892464085332593,0.263060775,0.264460388,0.263760582,0.024380327193247172,0.0006998064999999831,True
4,0.35044490060966993,-0.2045673350664421,0.261230436,0.262350891,0.261790664,0.024017514090026587,0.0005602274999999823,True
4,0.35044490060966993,-0.20022893427521662,0.259089546,0.260430062,0.259759804,0.02364632425888292,0.0006702580000000069,True
4,0.35044490060966993,-0.1959092727146963,0.257134431,0.258208478,0.257671454,0.023267641360588783,0.0005370235000000112,True
4,0.35044490060966993,-0.19160819040287264,0.25500001,0.256285253,0.255642632,0.022902680012195586,0.0006426214999999957,True
4,0.35044490060966993,-0.18732552940798355,0.253154398,0.254183774,0.253669086,0.02255043028396738,0.0005146879999999854,True
4,0.35044490060966993,-0.1830611302109661,0.251015982,0.252359743,0.251687862,0.022199555978334267,0.0006718804999999994,True
4,0.35044490060966993,-0.17881483892243438,0.24915067,0.250137799,0.249644234,0.02184051245346641,0.0004935645000000016,True
4,0.35044490060966993,-0.17458650360002168,0.247108725,0.248290042,0.247699383,0.021501541388441764,0.0005906584999999936,True
4,0.35044490060966993,-0.17037597065842164,0.24521515,0.246161926,0.245688538,0.021153855668796292,0.00047338800000000514,True
4,0.35044490060966993,-0.16618309199652043,0.24314879,0.244282266,0.243715528,0.020815466382470237,0.0005667379999999972,True
4,0.35044490060966993,-0.1620077213633927,0.241322545,0.242230936,0.24177674,0.020485604308241555,0.0004541955000000042,True
4,0.35044490060966993,-0.15784971081464072,0.239124848,0.240311999,0.239718424,0.020138289160955922,0.0005935754999999987,True
4,0.35044490060966993,-0.1537089177518274,0.237352692,0.23822504,0.237788866,0.01981539693529964,0.0004361739999999975,True
4,0.35044490060966993,-0.14958520133580175,0.235216758,0.236356866,0.235786812,0.019483131686163297,0.0005700540000000004,True
4,0.35044490060966993,-0.14547841898809816,0.233389215,0.23432039,0.233854803,0.01916515486534821,0.0004655874999999893,True
4,0.35044490060966993,-0.14220509379053778,0.231632064,0.232732301,0.232182182,0.018891981927117295,0.000550118500000002,True
4,0.35044490060966993,-0.1413884344966197,0.23120912,0.232305148,0.231757134,0.01882287542684833,0.0005480139999999994,True
4,0.35044490060966993,-0.14057244043999625,0.230874564,0.23196605,0.231420307,0.018768202283835154,0.0005457430000000013,True
4,0.35044490060966993,-0.13894244830216998,0.230104616,0.231097425,0.230601021,0.018635549214666456,0.0004964044999999917,True
4,0.35044490060966993,-0.13731510871566174,0.229412037,0.230217991,0.229815014,0.018508726630236307,0.0004029769999999988,True
4,0.35044490060966993,-0.1356904130612903,0.228527857,0.229593979,0.229060918,0.01838745990169823,0.0005330610000000013,True
4,0.35044490060966993,-0.13406835276181728,0.22772127,0.228779218,0.228250244,0.018257539369445432,0.0005289740000000015,True
4,0.35044490060966993,-0.1332583076299099,0.227269473,0.228323546,0.22779651,0.018185023937610414,0.0005270364999999944,True
4,0.35044490060966993,-0.13244891928167518,0.226902683,0.227952592,0.227427638,0.018126177425475957,0.0005249545000000078,True
4,0.35044490060966993,-0.13083210412669743,0.226159172,0.227200865,0.226680018,0.018007201393711647,0.0005208465000000051,True
4,0.35044490060966993,-0.12921789884385199,0.225488796,0.226350146,0.225919471,0.017886570134361252,0.00043067500000000536,True
4,0.35044490060966993,-0.12760629388486952,0.224632861,0.225573209,0.225103035,0.01775752545441207,0.00047017400000000376,True
4,0.35044490060966993,-0.12599728315223024,0.223765322,0.224783497,0.224274409,0.017627031746756363,0.000509087500000005,True
4,0.35044490060966993,-0.1251937481556738,0.223369561,0.224383885,0.223876723,0.017564574254165025,0.0005071620000000054,True
4,0.35044490060966993,-0.12439085717678354,0.222970613,0.223981118,0.223475866,0.017501730926753604,0.0005052524999999974,True
4,0.35044490060966993,-0.12278700766740246,0.222163209,0.223166171,0.22266469,0.01737490543880628,0.0005014809999999981,True
4,0.35044490060966993,-0.12118572637278975,0.221509345,0.222338752,0.221924048,0.01725951055921623,0.0004147035000000021,True
4,0.35044490060966993,-0.1195870050812228,0.220593168,0.221581169,0.221087169,0.01712958423925076,0.0004940004999999942,True
4,0.35044490060966993,-0.11799083562030051,0.219911316,0.220728474,0.220319895,0.017010895502971246,0.00040857900000000613,True
4,0.35044490060966993,-0.11719370584531495,0.219401802,0.220378855,0.219890329,0.016944626601778357,0.0004885265000000028,True
4,0.35044490060966993,-0.11639720985669354,0.218971047,0.21994459,0.219457818,0.016878034043228955,0.0004867714999999967,True
4,0.35044490060966993,-0.1148061196958947,0.21818102,0.219147401,0.218664211,0.0167561855045771,0.0004831904999999942,True
4,0.35044490060966993,-0.11321755708197305,0.217537736,0.218337004,0.21793737,0.016644975344441416,0.00039963399999999594,True
4,0.35044490060966993,-0.11163151399732886,0.21656107,0.217592745,0.217076907,0.01651379902061202,0.0005158375000000048,True
4,0.35044490060966993,-0.11004798246245041,0.215731331,0.216755637,0.216243484,0.016387239636490622,0.0005121530000000013,True
4,0.35044490060966993,-0.10925715548520698,0.215350866,0.216371424,0.215861145,0.016329342476148385,0.0005102790000000024,True
4,0.35044490060966993,-0.10846695453567401,0.214966863,0.215983706,0.215475284,0.01627101586167178,0.0005084214999999948,True
4,0.35044490060966993,-0.10688842231294397,0.214188289,0.215120244,0.214654266,0.016147258311636443,0.00046597749999999216,True
4,0.35044490060966993,-0.1053123779275766,0.213472904,0.214321014,0.213896959,0.01603352322654525,0.0004240550000000065,True
4,0.35044490060966993,-0.10373881355002389,0.212589217,0.213507987,0.213048602,0.0159065912931884,0.0004593850000000066,True
4,0.35044490060966993,-0.10216772028007189,0.2117689,0.212757183,0.212263041,0.01578950476437356,0.0004941414999999894,True
4,0.35044490060966993,-0.1013830994086202,0.211353583,0.212338432,0.211846008,0.015727522461767687,0.000492424499999991,True
4,0.35044490060966993,-0.1005990925786215,0.210934839,0.211916285,0.211425562,0.015665156292510255,0.0004907229999999985,True
4,0.35044490060966993,-0.09903292161682983,0.210162167,0.211136716,0.210649442,0.015550357253352869,0.0004872744999999956,True
4,0.35044490060966993,-0.09746919971137863,0.209449382,0.210342634,0.209896008,0.015439317650951606,0.0004466260000000055,True
4,0.35044490060966993,-0.09590791921493708,0.208647011,0.209534125,0.209090568,0.015321053519268255,0.0004435569999999972,True
4,0.35044490060966993,-0.09434907251593712,0.207683163,0.208711266,0.208197215,0.015190412814381967,0.0005140515000000012,True
4,0.35044490060966993,-0.093570560020631,0.207306485,0.208257926,0.207782205,0.015129913542006813,0.00047572049999999866,True
4,0.35044490060966993,-0.09279265203835158,0.206925965,0.207874131,0.207400048,0.015074310270447762,0.00047408300000000014,True
4,0.35044490060966993,-0.09123865024147226,0.206080929,0.207095156,0.206588042,0.014956504427744117,0.0005071135000000032,True
4,0.35044490060966993,-0.08968705961969171,0.205437718,0.206301069,0.205869394,0.01485262845497969,0.0004316755000000061,True
4,0.35044490060966993,-0.0881378727022852,0.204491256,0.205491949,0.204991603,0.014726240471640638,0.0005003464999999985,True
4,0.35044490060966993,-0.0865910820531946,0.203673757,0.204667866,0.204170811,0.014608548024810385,0.0004970544999999965,True
4,0.35044490060966993,-0.08581858247012195,0.203259371,0.204250233,0.203754802,0.014549077270635294,0.0004954310000000045,True
4,0.35044490060966993,-0.0850466802708151,0.202841239,0.203828883,0.203335061,0.014489195942277176,0.000493821999999991,True
4,0.35044490060966993,-0.0835046599877817,0.202063918,0.203045079,0.202554499,0.014378167299634568,0.0004905804999999902,True
4,0.35044490060966993,-0.08196501387075916,0.201340474,0.202176017,0.201758246,0.014265346737801164,0.00041777150000001095,True
4,0.35044490060966993,-0.08042773462023244,0.200392665,0.201361347,0.200877006,0.014141002477612486,0.00048434099999999924,True
4,0.35044490060966993,-0.07889281497029862,0.199568553,0.200599796,0.200084175,0.014029597987243356,0.0005156214999999936,True
4,0.35044490060966993,-0.07812623719347017,0.199184929,0.200144402,0.199664665,0.013970828855464077,0.00047973649999999424,True
4,0.35044490060966993,-0.0773602466080305,0.198728809,0.199753609,0.199241209,0.01391163202323664,0.0005123999999999962,True
4,0.35044490060966993,-0.07583002449664843,0.197941432,0.19895979,0.198450611,0.013801447114969369,0.0005091789999999985,True
4,0.35044490060966993,-0.07430214038776878,0.197272704,0.198082292,0.197677498,0.013694122736604296,0.000404794,True
4,0.35044490060966993,-0.07277658714789446,0.196250458,0.197323419,0.196786938,0.013571013458735676,0.0005364805000000056,True
4,0.35044490060966993,-0.07125335767612574,0.195481191,0.196480962,0.195981077,0.013460091891517506,0.0004998855000000052,True
4,0.35044490060966993,-0.0704926126796329,0.195056906,0.196053683,0.195555295,0.013401669523679665,0.0004983885000000021,True
4,0.35044490060966993,-0.06973244490396283,0.194628563,0.195688577,0.19515857,0.013347348476102167,0.000530006999999999,True
4,0.35044490060966993,-0.06821384179510868,0.193759717,0.194813499,0.194286608,0.013228343907427189,0.0005268910000000016,True
4,0.35044490060966993,-0.06669754134527335,0.193136738,0.193987772,0.193562255,0.013129890096666713,0.00042551700000000026,True
4,0.35044490060966993,-0.06518353658198095,0.192168878,0.193210271,0.192689574,0.013011764010623018,0.0005206965000000008,True
4,0.35044490060966993,-0.06367182056437636,0.191379885,0.192350562,0.191865224,0.012900670261976827,0.00048533850000000156,True
4,0.35044490060966993,-0.06291681814232018,0.190914206,0.191946662,0.191430434,0.01284226752620288,0.0005162279999999936,True
4,0.35044490060966993,-0.06216238638303523,0.190508879,0.191538388,0.191023633,0.012787744363447788,0.0005147545000000059,True
4,0.35044490060966993,-0.06065522715977359,0.189685023,0.190708732,0.190196878,0.01267729255421931,0.0005118544999999919,True
4,0.35044490060966993,-0.059150336047460575,0.189034558,0.189861615,0.189448087,0.012577669923671727,0.00041352850000000996,True
4,0.35044490060966993,-0.05764770622983144,0.188047886,0.189060287,0.188554086,0.012459242564253981,0.0005062004999999981,True
4,0.35044490060966993,-0.05614733092130199,0.187233931,0.188240825,0.187737378,0.012351543750144665,0.0005034470000000041,True
4,0.35044490060966993,-0.05539798606731815,0.186788713,0.187792934,0.187290824,0.012292854622186074,0.0005021104999999998,True
4,0.35044490060966993,-0.05464920231061537,0.186401732,0.187403242,0.186902487,0.012241930384560984,0.0005007550000000055,True
4,0.35044490060966993,-0.053153315786918086,0.185551294,0.18654754,0.186049417,0.012130434909355642,0.0004981230000000031,True
4,0.35044490060966993,-0.05165966359781747,0.184868513,0.185735622,0.185302068,0.012033176230125583,0.0004335544999999885,True
4,0.35044490060966993,-0.05016823907862848,0.18391897,0.184904927,0.184411949,0.011917848503134949,0.0004929785000000048,True
4,0.35044490060966993,-0.04867903559444083,0.183074453,0.184055447,0.18356495,0.011808623215346767,0.0004904970000000064,True
4,0.35044490060966993,-0.04793526519971258,0.182706283,0.18368479,0.183195536,0.0117611426769776,0.0004892534999999948,True
4,0.35044490060966993,-0.04719204653994274,0.182272045,0.183248145,0.182760095,0.011705298551066027,0.00048805000000000376,True
4,0.35044490060966993,-0.04570726533924474,0.181450088,0.182421415,0.181935751,0.011599942607079515,0.00048566349999999703,True
4,0.35044490060966993,-0.044224685445704896,0.180789866,0.181575236,0.181182551,0.011504095679675844,0.0003926850000000037,True
4,0.35044490060966993,-0.04274430034175641,0.179807588,0.180769688,0.180288638,0.011390858593462068,0.00048105000000001064,True
4,0.35044490060966993,-0.04126610353873475,0.178986412,0.179944059,0.179465236,0.011287049083311488,0.0004788234999999891,True
4,0.35044490060966993,-0.04052782320954489,0.178568238,0.179523704,0.179045971,0.011234373289345432,0.00047773300000000796,True
4,0.35044490060966993,-0.03979008857670788,0.178144999,0.179098314,0.178621656,0.011181188460862683,0.00047665750000000506,True
4,0.35044490060966993,-0.038316249024306456,0.177342634,0.178291704,0.177817169,0.011080698245081731,0.00047453499999999815,True
4,0.35044490060966993,-0.036844578478555406,0.176637551,0.177464351,0.177050951,0.010985410054375217,0.00041339999999999433,True
4,0.35044490060966993,-0.035375070564707775,0.175675258,0.176616203,0.17614573,0.010873365441813887,0.0004704724999999993,True
4,0.35044490060966993,-0.03390771893607816,0.174868703,0.17580574,0.175337221,0.010773777016005317,0.00046851850000000084,True
4,0.35044490060966993,-0.03317484923614812,0.174457351,0.17539248,0.174924915,0.010723167452517612,0.0004675644999999895,True
4,0.35044490060966993,-0.03244251727387904,0.174098943,0.174973856,0.1745364,0.010675587210954463,0.00043745650000000247,True
4,0.35044490060966993,-0.030979458255592878,0.173248994,0.174178562,0.173713778,0.010575192366328505,0.00046478400000000974,True
4,0.35044490060966993,-0.029518537682172646,0.172550993,0.173361235,0.172956114,0.010483144755078807,0.0004051209999999944,True
4,0.35044490060966993,-0.028059748284574144,0.171656881,0.172521788,0.172089335,0.010378334342794305,0.00043245349999999905,True
4,0.35044490060966993,-0.02660308385397926,0.170798313,0.171717565,0.171257939,0.0102782971999811,0.00045962599999999076,True
4,0.35044490060966993,-0.025875547081571536,0.170389295,0.171306933,0.170848114,0.01022916355869837,0.0004588189999999992,True
4,0.35044490060966993,-0.02514853820866257,0.170031807,0.170890601,0.170461204,0.010182885211029113,0.00042939699999999803,True
4,0.35044490060966993,-0.023696105193834763,0.169184866,0.170097837,0.169641352,0.010085169341459364,0.0004564855000000062,True
4,0.35044490060966993,-0.02224577868148544,0.168542342,0.169281718,0.16891203,0.009998639438695616,0.000369687999999993,True
4,0.35044490060966993,-0.0207975525702289,0.167591623,0.168442114,0.168016868,0.009892943172859261,0.0004252455000000044,True
4,0.35044490060966993,-0.01935142078514923,0.166787445,0.167635404,0.167211425,0.009798320497755303,0.00042397949999999074,True
4,0.35044490060966993,-0.01862913786431307,0.166376273,0.167223014,0.166799644,0.009750120512185689,0.000423370500000006,True
4,0.35044490060966993,-0.017907377277648212,0.165959021,0.166860941,0.166409981,0.009704618934792608,0.00045096000000000025,True
4,0.35044490060966993,-0.01646541602529315,0.165162407,0.166118103,0.165640255,0.009615049528684704,0.00047784799999998906,True
4,0.35044490060966993,-0.015025531031665868,0.164509132,0.165238085,0.164873609,0.009526251300472244,0.0003644765000000022,True
4,0.35044490060966993,-0.013587716326213873,0.16371809,0.164445283,0.164081687,0.009434957973206011,0.00036359649999999355,True
4,0.35044490060966993,-0.012151965964100895,0.1627341,0.163627087,0.163180593,0.009331613847724385,0.00044649350000000587,True
4,0.35044490060966993,-0.011434862555280676,0.162372128,0.163208402,0.162790265,0.009287024796977754,0.000418136999999999,True
4,0.35044490060966993,-0.01071827402606021,0.161947882,0.162838982,0.162393432,0.00924180211768058,0.0004455500000000029,True
4,0.35044490060966993,-0.009286634618247872,0.161191055,0.162024829,0.161607942,0.00915261394680479,0.00041688700000000467,True
4,0.35044490060966993,-0.00785704086420904,0.160518574,0.161295368,0.160906971,0.009073387606143657,0.00038839699999999866,True
4,0.35044490060966993,-0.006429488937723948,0.159597294,0.160539013,0.160068153,0.008979033922184632,0.00047085950000000376,True
4,0.35044490060966993,-0.005003972011019023,0.158815184,0.159700219,0.159257702,0.008888339497336398,0.0004425175000000031,True
4,0.35044490060966993,-0.0042919753632690155,0.158441456,0.159325906,0.158883681,0.008846639512545738,0.00044222499999999054,True
4,0.35044490060966993,-0.0035804842904976863,0.158005529,0.158944676,0.158475103,0.00880119878810739,0.00046957350000000064,True
4,0.35044490060966993,-0.002159020007269987,0.157278404,0.158161336,0.15771987,0.00871751223813586,0.00044146600000000147,True
4,0.35044490060966993,-0.0007395734170114348,0.156633184,0.157405043,0.157019114,0.008640219781963743,0.00038592949999999293,True
4,0.35044490060966993,0.0006778612001753896,0.155524155,0.156405636,0.155964896,0.008524589303536168,0.00044074049999999476,True
4,0.35044490060966993,0.0020932895399001336,0.154791568,0.155672582,0.155232075,0.00844466975678689,0.00044050700000000664,True
4,0.35044490060966993,0.0028002536275862893,0.154414258,0.155295104,0.154854681,0.008403658983928048,0.00044042299999999535,True
4,0.35044490060966993,0.0035067172736206603,0.154029546,0.155020359,0.154524952,0.00836790959602422,0.0004954065000000035,True
4,0.35044490060966993,0.004918150048780838,0.153292775,0.154173385,0.15373308,0.008282365678872501,0.00044030500000000194,True
4,0.35044490060966993,0.006327593488945046,0.152801052,0.153406521,0.153103787,0.008214698170492866,0.0003027344999999987,True
4,0.35044490060966993,0.007735053193933051,0.15189352,0.152774463,0.152333992,0.008132299997190697,0.0004404714999999976,True
4,0.35044490060966993,0.009140534739952615,0.151120205,0.151946517,0.151533361,0.008047041791323924,0.00041315599999999786,True
4,0.35044490060966993,0.009842535934593706,0.15072182,0.15160352,0.15116267,0.008007719527447566,0.00044084999999999264,True
4,0.35044490060966993,0.010544043679733378,0.150370669,0.15125272,0.150811694,0.007970577360288084,0.0004410254999999974,True
4,0.35044490060966993,0.011945585542657823,0.149644588,0.150472315,0.150058452,0.007891156722659476,0.00041386350000000016,True
4,0.35044490060966993,0.013345166821634879,0.149052174,0.149770398,0.149411286,0.007823238176608656,0.00035911199999999477,True
4,0.35044490060966993,0.014742791024878639,0.148206335,0.149091586,0.14864896,0.007743610410421349,0.0004426255000000018,True
4,0.35044490060966993,0.016138464600636015,0.147548917,0.148380242,0.147964579,0.0076724712624268885,0.00041566249999999694,True
4,0.35044490060966993,0.01683557111159651,0.147180105,0.148012214,0.147596159,0.007634311146499906,0.00041605449999999877,True
4,0.35044490060966993,0.017532192986198566,0.146802911,0.147635858,0.147219384,0.007595384033154093,0.0004164735000000003,True
4,0.35044490060966993,0.018923981596155375,0.146134394,0.147024816,0.146579605,0.007529512158593531,0.0004452110000000009,True
4,0.35044490060966993,0.02031383582251839,0.145599367,0.146268818,0.145934092,0.007463340663908134,0.0003347254999999938,True
4,0.35044490060966993,0.021701761034849082,0.144751039,0.145646091,0.145198565,0.00738829781927058,0.00044752600000000364,True
4,0.35044490060966993,0.023087762580382244,0.144091425,0.144933058,0.144512241,0.007318616939518651,0.00042081650000000415,True
4,0.35044490060966993,0.023780043154785574,0.143748505,0.144647678,0.144198092,0.007286832266054827,0.00044958650000000155,True
4,0.35044490060966993,0.024471845784148953,0.143453039,0.144297421,0.14387523,0.007254238111659912,0.0004221910000000023,True
4,0.35044490060966993,0.025854015949100626,0.142779314,0.143626708,0.143203011,0.007186609448155432,0.00042369700000000066,True
4,0.35044490060966993,0.027234278356230282,0.14223974,0.14297695,0.142608345,0.0071270470282869145,0.0003686049999999941,True
4,0.35044490060966993,0.02861263826469295,0.141436983,0.142291186,0.141864085,0.007052850325521266,0.0004271014999999989,True
4,0.35044490060966993,0.02998910091192721,0.140825054,0.141683037,0.141254045,0.006992323800822594,0.0004289915000000033,True
4,0.35044490060966993,0.03067662287826891,0.140505342,0.141365328,0.140935335,0.006960805985929591,0.0004299930000000035,True
4,0.35044490060966993,0.03136367151377372,0.140176338,0.141095855,0.140636097,0.006931278594736708,0.0004597584999999904,True
4,0.35044490060966993,0.03273635526459425,0.139547832,0.140471998,0.140009915,0.00686969299153387,0.00046208299999998814,True
4,0.35044490060966993,0.034107157337388595,0.139113887,0.139868731,0.139491309,0.006818895648619549,0.00037742200000000226,True
4,0.35044490060966993,0.03547608384905871,0.138351801,0.139227808,0.138789805,0.0067504834370986574,0.000438003500000006,True
4,0.35044490060966993,0.03684313799862196,0.137667,0.138607081,0.13813704,0.006687134160045885,0.00047004049999999076,True
4,0.35044490060966993,0.037525964416026784,0.137486621,0.138311702,0.137899161,0.0066641228210311074,0.00041254050000000264,True
4,0.35044490060966993,0.03820832586216117,0.137178973,0.1380658,0.137622387,0.0066373988738317735,0.00044341349999998947,True
4,0.35044490060966993,0.03957165252839314,0.136593651,0.137486388,0.13704002,0.006581343697364327,0.0004463684999999884,True
4,0.35044490060966993,0.04093312306524962,0.136148791,0.136867932,0.136508361,0.006530376932942057,0.00035957050000000323,True
4,0.35044490060966993,0.04229274251999158,0.135364062,0.1363301,0.135847081,0.0064672606825755844,0.0004830190000000012,True
4,0.35044490060966993,0.04432871143513597,0.134624808,0.13547991,0.135052359,0.0063918134893724,0.00042755099999999824,True
4,0.35044490060966993,0.0477128097457975,0.133400815,0.134211585,0.1338062,0.006274400250085179,0.0004053849999999942,True
4,0.35044490060966993,0.051085494548659405,0.131985015,0.132878897,0.132431956,0.006146180805586951,0.00044694099999999237,True
4,0.35044490060966993,0.05444684162640218,0.130887308,0.13167312,0.131280214,0.006039740742909533,0.0003929059999999984,True
4,0.35044490060966993,0.05779692883474413,0.129595202,0.130537936,0.130066569,0.005928585852589143,0.0004713670000000003,True
4,0.35044490060966993,0.061135830421164786,0.12864893,0.129412027,0.129030478,0.0058345095783744,0.00038154850000000906,True
4,0.35044490060966993,0.06446361989504312,0.127438584,0.128370365,0.127904474,0.005733122439983119,0.0004658904999999963,True
4,0.35044490060966993,0.06778037284080446,0.126609341,0.127425117,0.127017229,0.005653859511017806,0.000407888000000009,True
4,0.35044490060966993,0.0710861612929605,0.125591228,0.126514737,0.126052982,0.005568343178284785,0.0004617544999999945,True
4,0.35044490060966993,0.074381056577062,0.124849016,0.12564893,0.125248973,0.005497536124808422,0.0003999569999999994,True
4,0.35044490060966993,0.07766513209479319,0.123922477,0.124839792,0.124381135,0.0054216162694272355,0.00045865750000000094,True
4,0.35044490060966993,0.08093845775423451,0.123318977,0.124102283,0.12371063,0.005363320892536375,0.00039165299999999875,True
4,0.35044490060966993,0.08420110278222814,0.12245235,0.12345476,0.122953555,0.005297877659583149,0.0005012049999999976,True
4,0.35044490060966993,0.087453138481985,0.121965146,0.122824511,0.122394828,0.00524983770328103,0.0004296825000000004,True
4,0.35044490060966993,0.09069463271750697,0.121321174,0.122224377,0.121772776,0.005196610398334583,0.00045160149999999566,True
4,0.35044490060966993,0.0939256526979454,0.12082515,0.121670154,0.121247652,0.0051518880712294315,0.0004225019999999982,True
4,0.35044490060966993,0.09714626770826791,0.120289835,0.121181209,0.120735522,0.005108458541086254,0.00044568700000000017,True
4,0.35044490060966993,0.10035654364680725,0.120076168,0.120781146,0.120428657,0.00508252392025915,0.00035248900000000444,True
4,0.35044490060966993,0.10355654578217442,0.119628641,0.120498463,0.120063552,0.005051753138013634,0.0004349110000000031,True
4,0.35044490060966993,0.10674634145751631,0.119315805,0.120105854,0.119710829,0.005022114632370304,0.0003950245000000005,True
4,0.35044490060966993,0.10992599468018681,0.11889608,0.119874493,0.119385286,0.004994837379758928,0.0004892064999999987,True
4,0.35044490060966993,0.11309556885175927,0.118812894,0.119701918,0.119257406,0.004984142632839333,0.0004445120000000011,True
4,0.35044490060966993,0.11940473865163437,0.118299938,0.119308071,0.118804004,0.004946316479575252,0.0005040665000000041,True
4,0.35044490060966993,0.12567435138235564,0.117912383,0.119249674,0.118581028,0.004927767022754388,0.0006686455000000022,True
4,0.35044490060966993,0.13809687169665538,0.117923533,0.119413878,0.118668706,0.004935056831153159,0.000745172500000002,True
4,0.35044490060966993,0.15036696373611919,0.118633879,0.120248077,0.119440978,0.004999498546557078,0.0008070989999999986,True
5,0.4298425745361712,-0.47482980692861754,0.372270751,0.374054332,0.373162541,0.05985569972216495,0.0008917904999999893,False
5,0.4298425745361712,-0.45792799725771993,0.36488147,0.366565163,0.365723317,0.057492967963120464,0.0008418465000000208,False
5,0.4298425745361712,-0.45235695257711667,0.362474979,0.364126171,0.363300575,0.056733764188842975,0.0008255960000000118,False
5,0.4298425745361712,-0.4413071155613381,0.357602381,0.359191603,0.358396992,0.05521259261654064,0.0007946110000000006,False
5,0.4298425745361712,-0.43582765016203345,0.355137885,0.356955609,0.356046747,0.054490836287535704,0.0009088620000000103,False
5,0.4298425745361712,-0.43037804575581895,0.352655584,0.354439911,0.353547748,0.0537286067949555,0.0008921634999999872,False
5,0.4298425745361712,-0.4249579771143972,0.350407931,0.352156384,0.351282157,0.053042209976399,0.0008742264999999916,False
5,0.4298425745361712,-0.41956712884134406,0.347887489,0.349604584,0.348746037,0.05227908659611466,0.0008585475000000009,False
5,0.4298425745361712,-0.41420518605791223,0.345593635,0.34727708,0.346435358,0.051588612823334226,0.0008417225000000028,False
5,0.4298425745361712,-0.4088718404366954,0.343275604,0.344691945,0.343983775,0.050861052766777645,0.0007081704999999938,False
5,0.4298425745361712,-0.403566787060245,0.340934336,0.342553718,0.341744027,0.05020087583643095,0.0008096910000000013,False
5,0.4298425745361712,-0.39828973031399056,0.338570712,0.340159567,0.339365139,0.04950440946881712,0.0007944275000000001,False
5,0.4298425745361712,-0.39304037477872333,0.336409451,0.337966069,0.33718776,0.04887120318205992,0.000778308999999977,False
5,0.4298425745361712,-0.38781843114479303,0.333999396,0.335527419,0.334763407,0.048170969499657275,0.0007640114999999947,False
5,0.4298425745361712,-0.3826236131451862,0.331784808,0.333282656,0.332533732,0.04753142575422665,0.0007489240000000119,False
5,0.4298425745361712,-0.3774556433343819,0.329542875,0.331011552,0.330277213,0.046888533645867564,0.0007343384999999869,False
5,0.4298425745361712,-0.37231424417803577,0.32727461,0.328715066,0.327994838,0.04624272798647858,0.0007202279999999894,False
5,0.4298425745361712,-0.36719914385182717,0.325183745,0.326394096,0.325788921,0.04562281215976475,0.0006051754999999992,False
5,0.4298425745361712,-0.362110073245103,0.322861784,0.324246437,0.32355411,0.04499904226130087,0.0006923265000000067,False
5,0.4298425745361712,-0.35704677162950965,0.320711261,0.322068421,0.321389841,0.04439905415488104,0.0006785799999999842,False
5,0.4298425745361712,-0.35200897793707936,0.318530548,0.319861147,0.319195847,0.04379493571004501,0.0006652994999999939,False
5,0.4298425745361712,-0.3469964364476865,0.316320724,0.317625641,0.316973182,0.04318714233519438,0.0006524585000000083,False
5,0.4298425745361712,-0.342008895267474,0.31426638,0.315544788,0.314905584,0.04262556535972613,0.0006392040000000043,False
5,0.4298425745361712,-0.3370461048520924,0.311997828,0.313252245,0.312625037,0.04201041203106,0.0006272085000000038,False
5,0.4298425745361712,-0.33210782354273444,0.309879644,0.311284114,0.310581879,0.041463089098193504,0.0007022349999999955,False
5,0.4298425745361712,-0.32719380906828255,0.307902278,0.309106585,0.308504432,0.040910260396276495,0.0006021535000000078,True
5,0.4298425745361712,-0.32230382409886826,0.305717754,0.306899,0.306308377,0.04032990296666716,0.0005906229999999846,True
5,0.4298425745361712,-0.317437633395716,0.303669518,0.304827148,0.304248333,0.03978925828682227,0.0005788149999999825,True
5,0.4298425745361712,-0.3125950092450805,0.301585989,0.302720827,0.302153408,0.03924320082288169,0.0005674190000000134,True
5,0.4298425745361712,-0.30777572313115775,0.299468364,0.300581188,0.300024776,0.03869222183989037,0.0005564120000000061,True
5,0.4298425745361712,-0.30297955118660913,0.297474176,0.29902956,0.298251868,0.038236292356623625,0.0007776920000000243,True
5,0.4298425745361712,-0.2982062714024187,0.29544197,0.296510799,0.295976385,0.0376550780166913,0.0005344144999999967,True
5,0.4298425745361712,-0.2934556689631195,0.293523171,0.294570149,0.29404666,0.03716566690370504,0.0005234889999999881,True
5,0.4298425745361712,-0.2887275280834597,0.291415781,0.292588824,0.292002303,0.036650675395162216,0.0005865215000000201,True
5,0.4298425745361712,-0.2840216373593634,0.289418362,0.290568194,0.289993278,0.036148084684878665,0.0005749160000000086,True
5,0.4298425745361712,-0.27933778703507134,0.287523455,0.288930311,0.288226883,0.035709058437214676,0.0007034280000000059,True
5,0.4298425745361712,-0.27467577424291106,0.285585365,0.286964148,0.286274757,0.03522699016675833,0.0006893914999999973,True
5,0.4298425745361712,-0.27003539499715556,0.28360553,0.284822572,0.284214051,0.034721663062543415,0.0006085210000000008,True
5,0.4298425745361712,-0.2654164494487438,0.281585284,0.283042889,0.282314086,0.03425898755105537,0.0007288025000000142,True
5,0.4298425745361712,-0.2608187405051724,0.279786739,0.280955762,0.280371251,0.03378908159963735,0.0005845114999999956,True
5,0.4298425745361712,-0.2562420724879673,0.277812224,0.279212249,0.278512237,0.033342487102041185,0.0007000125000000135,True
5,0.4298425745361712,-0.25168625625750396,0.275921375,0.277169377,0.276545376,0.03287321886289502,0.0006240009999999852,True
5,0.4298425745361712,-0.24715110139474614,0.273985302,0.275330925,0.274658113,0.03242606826863268,0.000672811500000009,True
5,0.4298425745361712,-0.24263642134012656,0.272125772,0.273205667,0.27266572,0.031957331743960496,0.0005399474999999987,True
5,0.4298425745361712,-0.2381420307806153,0.270219045,0.271512418,0.270865731,0.03153679498909243,0.0006466864999999933,True
5,0.4298425745361712,-0.23366775068592244,0.26849785,0.269535208,0.269016529,0.03110766107238625,0.0005186790000000219,True
5,0.4298425745361712,-0.2292134006341017,0.266496532,0.267739876,0.267118204,0.030670185367586728,0.0006216719999999898,True
5,0.4298425745361712,-0.22477880386116236,0.264785723,0.265783084,0.265284404,0.03025052150710355,0.000498680500000015,True
5,0.4298425745361712,-0.2203637846978433,0.262802309,0.26388948,0.263345895,0.02981003835488835,0.0005435854999999989,True
5,0.4298425745361712,-0.21596817352003597,0.261094927,0.26205413,0.261574528,0.02941035924587108,0.0004796015000000098,True
5,0.4298425745361712,-0.21159179921288954,0.259122252,0.260167993,0.259645122,0.028978090502282613,0.0005228704999999945,True
5,0.4298425745361712,-0.20723449413404135,0.257411948,0.258437111,0.257924529,0.028595304204899422,0.0005125814999999978,True
5,0.4298425745361712,-0.2028960915980938,0.25544343,0.256650462,0.256046946,0.028180495759570275,0.0006035159999999984,True
5,0.4298425745361712,-0.19857643074397396,0.253823276,0.254809646,0.254316461,0.027800869019240577,0.0004931850000000071,True
5,0.4298425745361712,-0.19427534913248712,0.251851042,0.252819511,0.252335277,0.027369405801982244,0.0004842344999999859,True
5,0.4298425745361712,-0.18999268762592927,0.250211255,0.251160867,0.250686061,0.027012812339947324,0.0004748059999999943,True
5,0.4298425745361712,-0.18572828912248562,0.248229867,0.249255543,0.248742705,0.026595620939786582,0.0005128380000000016,True
5,0.4298425745361712,-0.1814819973226569,0.246565904,0.247572009,0.247068956,0.026238909944686035,0.0005030525000000036,True
5,0.4298425745361712,-0.1772536614964421,0.24466031,0.245737961,0.245199136,0.02584326017615613,0.0005388255000000064,True
5,0.4298425745361712,-0.1730431292410243,0.243054547,0.243935827,0.243495187,0.02548532587866401,0.00044063999999999215,True
5,0.4298425745361712,-0.16885025125956304,0.241123618,0.242162172,0.241642895,0.025099061867004054,0.0005192769999999985,True
5,0.4298425745361712,-0.164674878946326,0.239394081,0.240328878,0.23986148,0.024730360480168804,0.0004673984999999936,True
5,0.4298425745361712,-0.1605168690765153,0.237518941,0.238520654,0.238019797,0.024352053526972596,0.0005008564999999937,True
5,0.4298425745361712,-0.1563760766870322,0.235832607,0.236734374,0.236283491,0.02399806284520058,0.0004508834999999989,True
5,0.4298425745361712,-0.15225235977744245,0.234000567,0.23496704,0.234483804,0.02363388569561173,0.00048323649999999774,True
5,0.4298425745361712,-0.14814557693713143,0.232266297,0.233136763,0.23270153,0.023275976298475276,0.0004352329999999932,True
5,0.4298425745361712,-0.14405559196014314,0.230389153,0.231400176,0.230894664,0.022915916000603956,0.0005055114999999999,True
5,0.4298425745361712,-0.13998226684481216,0.228680696,0.229597891,0.229139294,0.022568805308551248,0.00045859750000000477,True
5,0.4298425745361712,-0.13592546641929784,0.226829363,0.227656159,0.227242761,0.022196757807154754,0.0004133979999999954,True
5,0.4298425745361712,-0.13188505600923744,0.225136227,0.22594896,0.225542594,0.02186586038594286,0.00040636650000000496,True
5,0.4298425745361712,-0.12786090597986396,0.223227576,0.22417231,0.223699943,0.021510037901983005,0.0004723670000000013,True
5,0.4298425745361712,-0.12385288485051443,0.221541246,0.222327496,0.221934371,0.021171837993427867,0.00039312500000000805,True
5,0.4298425745361712,-0.11986086384702917,0.219641885,0.220556166,0.220099025,0.020823113493380865,0.0004571404999999945,True
5,0.4298425745361712,-0.11588471573133054,0.217953156,0.218714374,0.218333765,0.020490437749726368,0.0003806089999999901,True
5,0.4298425745361712,-0.1119243136586596,0.215985575,0.216939311,0.216462443,0.020140699042859533,0.0004768679999999914,True
5,0.4298425745361712,-0.10797953563183885,0.214286871,0.215024612,0.214655741,0.019805893765215844,0.000368870500000007,True
5,0.4298425745361712,-0.10405025775407287,0.212379659,0.213238281,0.21280897,0.01946656338583708,0.00042931100000000166,True
5,0.4298425745361712,-0.10013635869301217,0.210661626,0.211442189,0.211051907,0.01914643801491942,0.00039028150000000594,True
5,0.4298425745361712,-0.0962377174343858,0.208672939,0.209570323,0.209121631,0.01879781380960126,0.00044869200000000053,True
5,0.4298425745361712,-0.092354217668307,0.206991842,0.207749747,0.207370794,0.018484368156277325,0.0003789525000000016,True
5,0.4298425745361712,-0.08848574114869542,0.204979515,0.205913539,0.205446527,0.018142913788894408,0.00046701200000000276,True
5,0.4298425745361712,-0.08463217208902708,0.203261686,0.204059787,0.203660736,0.017828879371431516,0.00039905049999999775,True
5,0.4298425745361712,-0.08079339495207204,0.201278194,0.202186588,0.201732391,0.017492855178790297,0.0004541970000000034,True
5,0.4298425745361712,-0.07696929877022252,0.199515329,0.200351747,0.199933538,0.017182277601270838,0.0004182090000000027,True
5,0.4298425745361712,-0.07315977060815763,0.197548604,0.198492078,0.198020341,0.01685501086737834,0.00047173699999999985,True
5,0.4298425745361712,-0.06936469989228014,0.195790762,0.196605731,0.196198246,0.016546253348673746,0.00040748449999999936,True
5,0.4298425745361712,-0.06558397623535875,0.193770891,0.194748286,0.194259588,0.016220877906589482,0.000488697499999996,True
5,0.4298425745361712,-0.06181749369277768,0.192007014,0.192858975,0.192432995,0.015917267215850198,0.0004259804999999922,True
5,0.4298425745361712,-0.058065144325228774,0.190037721,0.190935907,0.190486814,0.015596935093802708,0.00044909299999999763,True
5,0.4298425745361712,-0.05432682246374991,0.188255611,0.189088088,0.188671849,0.015301134755462636,0.00041623849999999907,True
5,0.4298425745361712,-0.05060242362004352,0.186211973,0.187200112,0.186706043,0.014983945274563381,0.0004940694999999995,True
5,0.4298425745361712,-0.04689184342094372,0.184455238,0.18527003,0.184862634,0.01468952329499497,0.0004073960000000043,True
5,0.4298425745361712,-0.043194981787117726,0.182489131,0.183403309,0.18294622,0.014386538424151496,0.00045708899999999386,True
5,0.4298425745361712,-0.039511736616501605,0.180689294,0.181488192,0.181088743,0.014095884647619678,0.00039944899999999617,True
5,0.4298425745361712,-0.03584200797141975,0.178678075,0.179575308,0.179126692,0.0137920886563899,0.00044861649999999864,True
5,0.4298425745361712,-0.032185695977700324,0.176928438,0.177713323,0.177320881,0.013515408899785954,0.00039244250000000647,True
5,0.4298425745361712,-0.028542704943294125,0.174911092,0.175793538,0.175352315,0.01321698619507584,0.00044122300000000447,True
5,0.4298425745361712,-0.024912937135041596,0.173143738,0.173916584,0.173530161,0.01294372770556923,0.00038642300000001073,True
5,0.4298425745361712,-0.02129629690542952,0.171156607,0.172026559,0.171591583,0.01265614349965162,0.0004349760000000036,True
5,0.4298425745361712,-0.0176926886231265,0.169458656,0.170170682,0.169814669,0.012395379695725713,0.00035601299999998837,True
5,0.4298425745361712,-0.014102020733179758,0.167484514,0.168344414,0.167914464,0.01211952625175519,0.0004299499999999984,True
5,0.4298425745361712,-0.010524199624357616,0.165788176,0.166492994,0.166140585,0.01186481304627778,0.000352408999999998,True
5,0.4298425745361712,-0.006959133697221788,0.163860513,0.164662858,0.164261686,0.011597970001295253,0.00040117249999999105,True
5,0.4298425745361712,-0.003406731325118487,0.16214979,0.162849666,0.162499728,0.011350492485793985,0.00034993800000000796,True
5,0.4298425745361712,0.000133095142448673,0.160113436,0.160911514,0.160512475,0.011074573541433588,0.0003990390000000038,True
5,0.4298425745361712,0.0036604354245328152,0.158489485,0.159087269,0.158788377,0.010837942642147193,0.00029889199999999505,True
5,0.4298425745361712,0.007175377297748577,0.156669548,0.157366744,0.157018146,0.010597638937213757,0.0003485980000000055,True
5,0.4298425745361712,0.010678008605738759,0.155097964,0.155646156,0.15537206,0.010376604796523466,0.00027409600000000145,True
5,0.4298425745361712,0.014168413311089827,0.15317256,0.153971384,0.153571972,0.010137557973776794,0.0003994119999999879,True
5,0.4298425745361712,0.017646677454625313,0.151737882,0.152338769,0.152038326,0.009936091614011388,0.0003004435000000111,True
5,0.4298425745361712,0.021112885199933207,0.149990676,0.150744924,0.1503678,0.009718944904483355,0.00037712400000000645,True
5,0.4298425745361712,0.024567119838436756,0.148630638,0.149186738,0.148908688,0.009531242145274439,0.0002780500000000019,True
5,0.4298425745361712,0.02800946477378248,0.14689791,0.147610483,0.147254196,0.009320619661035319,0.00035628649999999706,True
5,0.4298425745361712,0.03143999964079723,0.145550559,0.146114964,0.145832761,0.00914154549987148,0.0002822025000000089,True
5,0.4298425745361712,0.03485880616137673,0.143922106,0.144699136,0.144310621,0.008951710320656572,0.00038851500000000594,True
5,0.4298425745361712,0.038265964256337395,0.142629542,0.143310356,0.142969949,0.008786156875891607,0.0003404070000000009,True
5,0.4298425745361712,0.04166155399155284,0.141151735,0.141894189,0.141522962,0.00860920893743344,0.00037122700000000175,True
5,0.4298425745361712,0.04504565174895692,0.139855662,0.14055483,0.140205246,0.008449635139757996,0.000349584,True
5,0.4298425745361712,0.048418336002287225,0.138474311,0.139293819,0.138884065,0.008291140364006517,0.00040975400000001216,True
5,0.4298425745361712,0.05177968348119504,0.137335605,0.138058164,0.137696884,0.008150000846442589,0.00036127950000000575,True
5,0.4298425745361712,0.05512977109053959,0.135998555,0.136848379,0.136423467,0.00799995590741887,0.0004249119999999995,True
5,0.4298425745361712,0.05846867213208185,0.134971552,0.135723309,0.135347431,0.007874254778076748,0.0003758784999999959,True
5,0.4298425745361712,0.06179646200227212,0.133742302,0.134629491,0.134185897,0.007739683050020962,0.00044359449999999134,True
5,0.4298425745361712,0.06511321440725525,0.132782225,0.133630268,0.133206247,0.007627085480769665,0.0004240214999999964,True
5,0.4298425745361712,0.06841900325607196,0.131677369,0.132609962,0.132143665,0.007505888770547173,0.00046629650000000467,True
5,0.4298425745361712,0.07171389893174483,0.130801657,0.131696185,0.131248921,0.007404588228372495,0.00044726400000000277,True
5,0.4298425745361712,0.07499797391320563,0.129782006,0.130769226,0.130275616,0.007295174749965838,0.0004936099999999916,True
5,0.4298425745361712,0.0782712990398818,0.129084147,0.129898495,0.129491321,0.007207601241633693,0.00040717399999999626,True
5,0.4298425745361712,0.0815339444578273,0.12825149,0.129092948,0.128672219,0.007116705754245273,0.00042072900000000857,True
5,0.4298425745361712,0.08478598054745073,0.127492609,0.128291012,0.127891811,0.007030640687443764,0.00039920150000000154,True
5,0.4298425745361712,0.08802747425458052,0.126744953,0.127647762,0.127196358,0.0069543858270794245,0.0004514045000000022,True
5,0.4298425745361712,0.09125849462038603,0.126093577,0.126952907,0.126523242,0.006880976142051043,0.00042966499999999574,True
5,0.4298425745361712,0.09447910910617405,0.125392938,0.126368016,0.125880477,0.006811240083301606,0.00048753899999999517,True
5,0.4298425745361712,0.09768938543047194,0.124983208,0.125828732,0.12540597,0.006759986867683826,0.00042276200000000014,True
5,0.4298425745361712,0.10088938794672475,0.124288879,0.125259891,0.124774385,0.006692067373916026,0.0004855060000000036,True
5,0.4298425745361712,0.10407918310177257,0.123834625,0.124756563,0.124295594,0.006640807587634916,0.0004609689999999986,True
5,0.4298425745361712,0.10725883580745264,0.123371325,0.124335545,0.123853435,0.006593644690164782,0.00048211000000000087,True
5,0.4298425745361712,0.11042841125382226,0.123007584,0.123916229,0.123461907,0.006552022654885463,0.0004543224999999998,True
5,0.4298425745361712,0.11673758002470479,0.122452743,0.123229808,0.122841275,0.006486315355840394,0.00038853249999999673,True
5,0.4298425745361712,0.12300719350545494,0.121843438,0.122702646,0.122273042,0.006426446003593224,0.0004296040000000001,True
5,0.4298425745361712,0.13542971267433854,0.12090393,0.12196834,0.121436135,0.006338774488428405,0.0005322049999999939,True
5,0.4298425745361712,0.14769980531940538,0.120286127,0.121812499,0.121049313,0.006298455811167708,0.000763185999999999,True
5,0.4298425745361712,0.1598211659037195,0.120494548,0.122172388,0.121333468,0.0063280609086304425,0.0008389199999999999,True
6,0.5256673520002324,-0.535314802508764,0.385195582,0.386714427,0.385955004,0.07830407378236608,0.0007594225000000232,False
6,0.5256673520002324,-0.5293087780496811,0.38264411,0.384136122,0.383390116,0.07726678277257057,0.0007460060000000213,False
6,0.5256673520002324,-0.5115041522477173,0.375497658,0.37690705,0.376202354,0.07439675999125289,0.0007046960000000047,False
6,0.5256673520002324,-0.48824729021764063,0.365842525,0.367412292,0.366627408,0.0706579221129114,0.0007848834999999998,False
6,0.5256673520002324,-0.48251661675635465,0.363457535,0.364998761,0.364228148,0.06973615783965974,0.0007706130000000033,False
6,0.5256673520002324,-0.47681859526429643,0.361310631,0.362570638,0.361940635,0.06886296100861455,0.0006300035000000037,False
6,0.5256673520002324,-0.4711528573554632,0.358890888,0.360374617,0.359632752,0.06798756351230578,0.0007418644999999946,False
6,0.5256673520002324,-0.4655190392682441,0.356701203,0.357914794,0.357307998,0.06711142801939778,0.0006067954999999792,False
6,0.5256673520002324,-0.45991678493867577,0.354249658,0.355679391,0.354964524,0.06623398820917065,0.0007148664999999943,False
6,0.5256673520002324,-0.4543457395196339,0.352020546,0.353423214,0.35272188,0.06539970751177224,0.0007013339999999979,False
6,0.5256673520002324,-0.44880555877851586,0.349770646,0.351147103,0.350458875,0.06456321223214412,0.0006882284999999988,False
6,0.5256673520002324,-0.4432959026060601,0.347500791,0.348851851,0.348176321,0.06372494492960615,0.0006755300000000075,False
6,0.5256673520002324,-0.437816436483899,0.345211766,0.3465382,0.345874983,0.06288532451794769,0.0006632170000000215,False
6,0.5256673520002324,-0.43236683290358535,0.343122298,0.344638189,0.343880244,0.06216206845340617,0.0007579454999999957,False
6,0.5256673520002324,-0.426946765076091,0.340793203,0.34207049,0.341431847,0.06128004275723642,0.0006386435000000079,False
6,0.5256673520002324,-0.42155591608691045,0.338657101,0.339909972,0.339283537,0.060511313304936455,0.0006264354999999944,False
6,0.5256673520002324,-0.4161939725950104,0.336496983,0.337726228,0.337111606,0.05973906402992243,0.000614622499999995,False
6,0.5256673520002324,-0.4108606277809771,0.334313766,0.335520136,0.334916951,0.058963772584721616,0.0006031850000000061,False
6,0.5256673520002324,-0.4055555752001883,0.332108314,0.333292519,0.332700416,0.05818589147726408,0.0005921024999999969,False
6,0.5256673520002324,-0.40027851775194473,0.330075911,0.33142954,0.330752725,0.05750662322525222,0.0006768145000000114,False
6,0.5256673520002324,-0.3950291615220389,0.327824866,0.328965154,0.32839501,0.056689692791622545,0.0005701439999999947,False
6,0.5256673520002324,-0.3898072186774019,0.325741293,0.326859899,0.326300596,0.05596889580358264,0.000559303000000011,False
6,0.5256673520002324,-0.38461240145599057,0.323631717,0.324729344,0.324180531,0.055243967791598514,0.000548813499999995,False
6,0.5256673520002324,-0.3794444309567902,0.321677204,0.322931676,0.32230444,0.05460640445020047,0.0006272360000000032,False
6,0.5256673520002324,-0.3743030311191087,0.319515074,0.320571394,0.320043234,0.05384288291685973,0.0005281599999999997,False
6,0.5256673520002324,-0.36918793011851686,0.317503093,0.318539135,0.318021114,0.05316464446415353,0.0005180209999999796,False
6,0.5256673520002324,-0.3640988617198297,0.315462226,0.316478665,0.315970446,0.05248122107838745,0.00050821949999999,False
6,0.5256673520002324,-0.3590355594289195,0.313393496,0.31439097,0.313892233,0.051793128398039213,0.0004987369999999991,True
6,0.5256673520002324,-0.3539977650679594,0.31129786,0.312764098,0.312030979,0.05118072483850487,0.0007331190000000043,True
6,0.5256673520002324,-0.3489852229167221,0.309336874,0.310615878,0.309976376,0.05050893343396913,0.000639502000000014,True
6,0.5256673520002324,-0.34399768249182605,0.307344768,0.308599578,0.307972173,0.04985789739602739,0.0006274049999999975,True
6,0.5256673520002324,-0.3390348928214939,0.305322617,0.306707254,0.306014936,0.04922619332611431,0.0006923184999999832,True
6,0.5256673520002324,-0.33409661085594167,0.303423045,0.304630616,0.304026831,0.04858864972276144,0.0006037855000000092,True
6,0.5256673520002324,-0.329182595731729,0.301489696,0.302674248,0.302081972,0.047968995066526625,0.0005922760000000027,True
6,0.5256673520002324,-0.32429261150194477,0.299523727,0.300686035,0.300104881,0.04734314697290157,0.0005811540000000004,True
6,0.5256673520002324,-0.31942642152850736,0.297526218,0.298382588,0.297954403,0.04666707918280398,0.0004281849999999976,True
6,0.5256673520002324,-0.3145837967335685,0.29563861,0.296618156,0.296128383,0.046096831533981884,0.0004897729999999989,True
6,0.5256673520002324,-0.3097645099815375,0.293716219,0.294540369,0.294128294,0.04547624659038267,0.00041207500000001174,True
6,0.5256673520002324,-0.3049683387615691,0.291760182,0.292971957,0.292366069,0.04493295096857409,0.000605887500000013,True
6,0.5256673520002324,-0.30019505969237564,0.289904166,0.291092858,0.290498512,0.04436074479915702,0.0005943459999999956,True
6,0.5256673520002324,-0.2954444566202423,0.288011651,0.289178056,0.288594853,0.04378125105731943,0.0005832025000000185,True
6,0.5256673520002324,-0.2907163151137188,0.286211394,0.2873554,0.286783397,0.04323336249356289,0.0005720029999999876,True
6,0.5256673520002324,-0.2860104237686448,0.284372132,0.285494529,0.284933331,0.04267735694416818,0.0005611984999999986,True
6,0.5256673520002324,-0.28132657547631856,0.282495117,0.283596649,0.283045883,0.042113825125440936,0.0005507659999999803,True
6,0.5256673520002324,-0.2766645620623942,0.280701994,0.281782625,0.28124231,0.0415788350897023,0.0005403154999999993,True
6,0.5256673520002324,-0.2720241822006318,0.278868925,0.279929388,0.279399157,0.04103563778188799,0.0005302315000000057,True
6,0.5256673520002324,-0.2674052360418906,0.276997142,0.278153426,0.277575284,0.040501638263497605,0.0005781420000000037,True
6,0.5256673520002324,-0.2628075277941655,0.275315431,0.27633633,0.275825881,0.039992728314988894,0.0005104495000000098,True
6,0.5256673520002324,-0.2582308604638797,0.273477193,0.274590361,0.274033777,0.0394747327139452,0.0005565839999999989,True
6,0.5256673520002324,-0.25367504362789844,0.271709171,0.272801598,0.272255385,0.038964038326037134,0.0005462134999999757,True
6,0.5256673520002324,-0.24913988816510266,0.269898904,0.270971318,0.270435111,0.03844476025047773,0.0005362070000000108,True
6,0.5256673520002324,-0.24462520879299338,0.26825869,0.269100704,0.268679697,0.03794728460595326,0.000421007000000001,True
6,0.5256673520002324,-0.24013081890734503,0.266363768,0.267500135,0.266931952,0.03745520078407177,0.0005681835000000135,True
6,0.5256673520002324,-0.23565653821727392,0.26473527,0.265749054,0.265242162,0.03698248784899583,0.000506891999999981,True
6,0.5256673520002324,-0.2312021875753672,0.262958321,0.263953767,0.263456044,0.036486091031192144,0.0004977230000000055,True
6,0.5256673520002324,-0.22676759021756374,0.261333656,0.262115485,0.26172457,0.03600808247992398,0.00039091449999997807,True
6,0.5256673520002324,-0.22235257297007535,0.25946717,0.260522685,0.259994927,0.03553372631929605,0.0005277574999999757,True
6,0.5256673520002324,-0.21795696120669683,0.257842801,0.258784853,0.258313827,0.03507569719191415,0.0004710259999999855,True
6,0.5256673520002324,-0.21358058631909327,0.256075436,0.257093132,0.256584284,0.0346075702169294,0.0005088480000000062,True
6,0.5256673520002324,-0.20922328066483548,0.25444461,0.255353148,0.254898879,0.034154415374770014,0.0004542689999999794,True
6,0.5256673520002324,-0.20488488001078914,0.252673495,0.253655241,0.253164368,0.03369117559905798,0.000490872999999975,True
6,0.5256673520002324,-0.2005652185805886,0.251031718,0.251995906,0.251513812,0.03325329490612428,0.0004820939999999885,True
6,0.5256673520002324,-0.19626413639796605,0.249252279,0.250285845,0.249769062,0.03279353925162678,0.0005167830000000068,True
6,0.5256673520002324,-0.19198147432515406,0.24768016,0.248610798,0.248145479,0.03236858682882745,0.0004653189999999918,True
6,0.5256673520002324,-0.18771707646676736,0.245886692,0.246884605,0.246385648,0.031911103154175405,0.0004989565000000085,True
6,0.5256673520002324,-0.18347078530414226,0.244291217,0.245190076,0.244740646,0.03148641453666291,0.0004494295000000009,True
6,0.5256673520002324,-0.17924244891581992,0.242560343,0.243524208,0.243042275,0.03105093258515223,0.0004819324999999902,True
6,0.5256673520002324,-0.17503191610301805,0.241015841,0.241884117,0.241449979,0.030645403837073315,0.0004341380000000006,True
6,0.5256673520002324,-0.17083903756883717,0.239180372,0.240189556,0.239684964,0.030199001659324928,0.0005045919999999982,True
6,0.5256673520002324,-0.16666366706785302,0.237678543,0.238517957,0.23809825,0.029800490446051965,0.00041970700000000527,True
6,0.5256673520002324,-0.16250565664468317,0.235890925,0.236791742,0.236341334,0.029362320163975504,0.0004504084999999991,True
6,0.5256673520002324,-0.15836486370641426,0.234347538,0.235159519,0.234753528,0.028969117174404355,0.0004059905000000086,True
6,0.5256673520002324,-0.15424114625255533,0.232525859,0.233470127,0.232997993,0.02853746323815906,0.00047213399999999905,True
6,0.5256673520002324,-0.15013436519410847,0.231010145,0.231796101,0.231403123,0.02814812276848739,0.00039297800000000216,True
6,0.5256673520002324,-0.14604437967224276,0.22922091,0.230135116,0.229678013,0.027729998715017707,0.00045710300000000037,True
6,0.5256673520002324,-0.1419710540164642,0.2276545,0.228415805,0.228035152,0.027334718361921254,0.00038065249999999495,True
6,0.5256673520002324,-0.1379142530548783,0.225889575,0.226775349,0.226332462,0.02692803729076188,0.00044288699999998904,True
6,0.5256673520002324,-0.1338738443972953,0.224336557,0.22507442,0.224705488,0.026542288385560584,0.00036893150000000263,True
6,0.5256673520002324,-0.12984969383127098,0.222521138,0.223380057,0.222950598,0.026129330848279526,0.0004294594999999929,True
6,0.5256673520002324,-0.1258416721695637,0.220974487,0.221690235,0.221332361,0.025751399612710574,0.000357874000000008,True
6,0.5256673520002324,-0.12184965063796271,0.219169527,0.220002992,0.21958626,0.025346694392467284,0.0004167325000000027,True
6,0.5256673520002324,-0.11787350199833962,0.217621604,0.21831642,0.217969012,0.024974713571596297,0.0003474080000000074,True
6,0.5256673520002324,-0.11391310164496893,0.215819261,0.216566454,0.216192857,0.02456935109401503,0.0003735964999999897,True
6,0.5256673520002324,-0.10996832309364303,0.214201451,0.214937925,0.214569688,0.024201804266285574,0.00036823700000000736,True
6,0.5256673520002324,-0.10603904469548556,0.212395131,0.213242428,0.212818779,0.023808437760044928,0.0004236485000000123,True
6,0.5256673520002324,-0.10212514511809903,0.210824266,0.211540446,0.211182356,0.023443705986153064,0.00035808999999999147,True
6,0.5256673520002324,-0.09822650555139828,0.209005945,0.209830281,0.209418113,0.023053639030872607,0.0004121680000000044,True
6,0.5256673520002324,-0.09434300526843958,0.207413126,0.208110258,0.207761692,0.02269038954406313,0.0003485659999999946,True
6,0.5256673520002324,-0.09047452823593935,0.205575908,0.206378724,0.205977316,0.022302307233827617,0.00040140800000000587,True
6,0.5256673520002324,-0.08662095866732777,0.203954731,0.204690616,0.204322673,0.02194543166608459,0.00036794249999999584,True
6,0.5256673520002324,-0.08278218319578143,0.202091853,0.20293044,0.202511146,0.021558019849028616,0.0004192935000000009,True
6,0.5256673520002324,-0.07895808650445962,0.200491237,0.201209065,0.200850151,0.02120583265961005,0.00035891400000000184,True
6,0.5256673520002324,-0.07514855783679689,0.198595325,0.199468349,0.199031837,0.02082361413662606,0.000436512,True
6,0.5256673520002324,-0.07135348661915171,0.19700569,0.197760619,0.197383154,0.020480057585561297,0.00037746449999999376,True
6,0.5256673520002324,-0.06757276460194013,0.195122785,0.195975865,0.195549325,0.02010127694918795,0.00042654000000000303,True
6,0.5256673520002324,-0.0638062815570862,0.193481518,0.194272418,0.193876968,0.019758930941448007,0.0003954500000000055,True
6,0.5256673520002324,-0.060053931691026664,0.191601969,0.192488811,0.19204539,0.019387364602929034,0.0004434209999999994,True
6,0.5256673520002324,-0.05631560933475752,0.189953928,0.19072832,0.190341124,0.01904479332171428,0.0003871960000000063,True
6,0.5256673520002324,-0.05259120999993958,0.188067684,0.188987724,0.188527704,0.018683634455862623,0.00046001999999999155,True
6,0.5256673520002324,-0.048880631411469574,0.186403329,0.187213276,0.186808303,0.018344393397646434,0.00040497350000000265,True
6,0.5256673520002324,-0.04518376928602542,0.18455062,0.18545345,0.185002035,0.017991360925617553,0.0004514149999999967,True
6,0.5256673520002324,-0.041500523627405965,0.182860007,0.183655464,0.183257736,0.01765369579471799,0.0003977284999999997,True
6,0.5256673520002324,-0.03783079449789578,0.180979397,0.181866833,0.181423115,0.01730199744963662,0.0004437180000000096,True
6,0.5256673520002324,-0.034174484090758454,0.179301916,0.180084506,0.179693211,0.016973614854299875,0.00039129499999999984,True
6,0.5256673520002324,-0.03053149257143932,0.177431567,0.178305458,0.177868513,0.016630647310321434,0.0004369454999999939,True
6,0.5256673520002324,-0.02690172428178761,0.17575528,0.176574895,0.176165087,0.016313633079789905,0.0004098074999999979,True
6,0.5256673520002324,-0.023285083574252265,0.173930811,0.174793094,0.174361952,0.015981386306032862,0.0004311415000000096,True
6,0.5256673520002324,-0.01968147685519079,0.172291224,0.173005593,0.172648409,0.015668815470186757,0.0003571845000000101,True
6,0.5256673520002324,-0.016090808486856616,0.170403994,0.171256735,0.170830365,0.01534055748567024,0.0004263704999999951,True
6,0.5256673520002324,-0.012512986903064205,0.168788321,0.169542793,0.169165557,0.015043015082069042,0.000377236000000003,True
6,0.5256673520002324,-0.008947920504338682,0.166967806,0.167813201,0.167390503,0.014728978682750068,0.0004226974999999994,True
6,0.5256673520002324,-0.005395518667402581,0.165362777,0.166064945,0.165713861,0.014435395166105956,0.0003510840000000015,True
6,0.5256673520002324,-0.001855692733211468,0.163547875,0.164388299,0.163968087,0.014132847230675647,0.00042021199999998926,True
6,0.5256673520002324,0.0016716480175830704,0.161711667,0.162457346,0.162084507,0.013810010652888916,0.00037283949999999955,True
6,0.5256673520002324,0.005186590356219701,0.159969527,0.16085412,0.160411824,0.013526447741969296,0.00044229649999999454,True
6,0.5256673520002324,0.008689221136997181,0.158474067,0.159172309,0.158823188,0.013259856473507,0.0003491210000000078,True
6,0.5256673520002324,0.012179625316846961,0.156756473,0.157594964,0.157175719,0.012986194889380126,0.0004192454999999984,True
6,0.5256673520002324,0.015657889922994394,0.155326042,0.155979272,0.155652657,0.0127357369935363,0.0003266150000000023,True
6,0.5256673520002324,0.01912409812771277,0.153666913,0.154415423,0.154041168,0.012473393138393282,0.0003742550000000039,True
6,0.5256673520002324,0.02257833322245845,0.152243471,0.152900795,0.152572133,0.012236619068837896,0.00032866200000000734,True
6,0.5256673520002324,0.02602067666421679,0.150631112,0.151433055,0.151032083,0.011990835059704212,0.0004009714999999997,True
6,0.5256673520002324,0.029451211987901276,0.149298485,0.149962731,0.149630608,0.011769333953204762,0.00033212299999998973,True
6,0.5256673520002324,0.032870018962033315,0.147722658,0.148487119,0.148104889,0.011530543931422466,0.00038223049999999703,True
6,0.5256673520002324,0.03627717750746113,0.146425452,0.147099794,0.146762623,0.011322489715922302,0.0003371709999999972,True
6,0.5256673520002324,0.039672766730895474,0.144974124,0.14570346,0.145338792,0.011103863061034143,0.00036466799999999855,True
6,0.5256673520002324,0.04305686397807316,0.143755107,0.144393912,0.14407451,0.010911521362071826,0.00031940250000001,True
6,0.5256673520002324,0.04642954867924481,0.142326751,0.143122459,0.142724605,0.010708008427053925,0.00039785400000000304,True
6,0.5256673520002324,0.04979089660298854,0.141183484,0.141888964,0.141536224,0.010530432650442834,0.00035274000000000416,True
6,0.5256673520002324,0.0531409837078309,0.139875537,0.140642623,0.14025908,0.010341248554598958,0.0003835430000000001,True
6,0.5256673520002324,0.05647988424635682,0.138810134,0.139485604,0.139147869,0.010178039315616986,0.00033773500000000567,True
6,0.5256673520002324,0.05980767455881881,0.137575672,0.138368842,0.137972257,0.010006784385425297,0.00039658499999999097,True
6,0.5256673520002324,0.06312442740314449,0.136593828,0.13729423,0.136944029,0.009858190513581938,0.00035020099999999443,True
6,0.5256673520002324,0.06643021575453463,0.135439481,0.136209395,0.135824438,0.009697657423154442,0.0003849570000000052,True
6,0.5256673520002324,0.06972511093420068,0.134551983,0.135226294,0.134889139,0.009564559428497066,0.0003371555000000054,True
6,0.5256673520002324,0.07300918635249933,0.133489941,0.13429523,0.133892586,0.009423756676713812,0.0004026444999999934,True
6,0.5256673520002324,0.07628251191315817,0.132714041,0.133362425,0.133038233,0.009303876583337985,0.0003241920000000009,True
6,0.5256673520002324,0.07954515776225912,0.131763634,0.132489815,0.132126725,0.009176822794590768,0.0003630905000000101,True
6,0.5256673520002324,0.08279719336152955,0.131062558,0.131684402,0.13137348,0.009072488227168845,0.00031092200000000514,True
6,0.5256673520002324,0.08603868657965709,0.130186301,0.130890637,0.130538469,0.008957525114530155,0.0003521679999999999,True
6,0.5256673520002324,0.08926970737421397,0.129518527,0.130178399,0.129848463,0.008863079226031167,0.0003299360000000029,True
6,0.5256673520002324,0.09249032228599609,0.128741429,0.129490883,0.129116156,0.008763390826623748,0.00037472700000000525,True
6,0.5256673520002324,0.09570059812662693,0.128200778,0.128834364,0.128517571,0.00868232467612819,0.00031679300000000965,True
6,0.5256673520002324,0.0989006001605033,0.12741421,0.12821626,0.127815235,0.008587687858816348,0.0004010249999999993,True
6,0.5256673520002324,0.10209039573919512,0.127041275,0.127645303,0.127343289,0.008524386447088209,0.00030201399999998935,True
6,0.5256673520002324,0.10527004886582941,0.126347796,0.127131735,0.126739766,0.008443778004025902,0.00039196949999999176,True
6,0.5256673520002324,0.10843962383503866,0.125955037,0.126606373,0.126280705,0.00838272077888972,0.0003256680000000012,True
6,0.5256673520002324,0.1147487925486506,0.125096433,0.125713655,0.125405044,0.00826686821805774,0.0003086110000000003,True
6,0.5256673520002324,0.12101840597460639,0.124387057,0.124866831,0.124626944,0.008164599692621627,0.00023988700000000113,True
6,0.5256673520002324,0.1334409259075325,0.12315694,0.123731926,0.123444433,0.00801039668248025,0.0002874929999999998,True
6,0.5256673520002324,0.14571101843531678,0.122248267,0.123086924,0.122667596,0.007909894903772268,0.00041932850000000327,True
6,0.5256673520002324,0.1578323789051742,0.121698059,0.122729727,0.122213893,0.007851491438894886,0.0005158339999999997,True
6,0.5256673520002324,0.1698085698908905,0.121632399,0.122905958,0.122269179,0.007858596616989531,0.0006367794999999968,True
6,0.5256673520002324,0.18164302747832903,0.122070125,0.123381297,0.122725711,0.007917391462719582,0.0006555859999999997,True
7,0.6023271741260877,-0.49047892391589354,0.357103167,0.358684335,0.357893751,0.07715084513577164,0.0007905840000000108,False
7,0.6023271741260877,-0.4790502282036184,0.352662627,0.354404152,0.35353339,0.07528237856143877,0.000870762499999983,False
7,0.6023271741260877,-0.46775067305853035,0.348368681,0.349838596,0.349103638,0.07340763054583155,0.0007349574999999942,False
7,0.6023271741260877,-0.45657737256683184,0.344000304,0.345619707,0.344810005,0.07161305062872499,0.0008097015000000096,False
7,0.6023271741260877,-0.44552753648433446,0.339759635,0.341126813,0.340443224,0.06981067643906072,0.0006835889999999845,False
7,0.6023271741260877,-0.4345984660539689,0.335630959,0.337135684,0.336383322,0.06815557204626842,0.0007523624999999923,False
7,0.6023271741260877,-0.429178399402714,0.333627211,0.335287432,0.334457321,0.06737734139523888,0.0008301105000000086,False
7,0.6023271741260877,-0.42378755004938834,0.331417402,0.332868911,0.332143157,0.0664481777461637,0.000725754499999981,False
7,0.6023271741260877,-0.41309226103015556,0.327476751,0.328874684,0.328175717,0.06487021576429505,0.0006989664999999812,False
7,0.6023271741260877,-0.4077872080967025,0.325383011,0.327097532,0.326240271,0.06410731611246459,0.0008572605000000122,False
7,0.6023271741260877,-0.4025101517950807,0.323438122,0.324785848,0.324111985,0.06327361362699782,0.0006738629999999968,False
7,0.6023271741260877,-0.39726079521204644,0.321467365,0.32311927,0.322293317,0.06256551982625304,0.0008259525000000045,False
7,0.6023271741260877,-0.3920388520212587,0.319471677,0.320770777,0.320121227,0.061725043204759,0.0006495499999999987,False
7,0.6023271741260877,-0.38684403445400156,0.31745194,0.319045125,0.318248532,0.061004978020089334,0.0007965924999999985,True
7,0.6023271741260877,-0.3816760650772583,0.315566242,0.316818364,0.316192303,0.06021920870572253,0.0006260610000000111,True
7,0.6023271741260877,-0.3765346648932955,0.313498087,0.315187257,0.314342672,0.05951674040071664,0.0008445850000000088,True
7,0.6023271741260877,-0.37141956499974704,0.311559988,0.312918355,0.312239172,0.05872286420521056,0.0006791834999999857,True
7,0.6023271741260877,-0.3663304948152158,0.30974443,0.31122457,0.3104845,0.0580647158837842,0.0007400699999999816,True
7,0.6023271741260877,-0.36126719362359505,0.307752032,0.309061306,0.308406669,0.057290152497347833,0.0006546369999999857,True
7,0.6023271741260877,-0.3562293989229412,0.305878623,0.307448115,0.306663369,0.056644306222826825,0.0007847460000000028,True
7,0.6023271741260877,-0.3512168578562025,0.303976419,0.305238525,0.304607472,0.05588735570717138,0.0006310529999999925,True
7,0.6023271741260877,-0.3462293156807119,0.302184595,0.303697095,0.302940845,0.05527746545469875,0.0007562499999999861,True
7,0.6023271741260877,-0.34126652708743815,0.300360837,0.301576658,0.300968748,0.05456011288611794,0.0006079105000000029,True
7,0.6023271741260877,-0.3363282447885344,0.298506226,0.299964154,0.29923519,0.05393339848556758,0.0007289639999999986,True
7,0.6023271741260877,-0.3314142293342385,0.296621775,0.29792407,0.297272922,0.05322836923986979,0.0006511475000000044,True
7,0.6023271741260877,-0.3265242447806813,0.294836819,0.296242537,0.295539678,0.05260948476508394,0.0007028589999999724,True
7,0.6023271741260877,-0.32165805448353946,0.293019288,0.294274617,0.293646952,0.051937788260909945,0.0006276645000000136,True
7,0.6023271741260877,-0.3168154307407729,0.29117023,0.292648751,0.29190949,0.05132499139558955,0.0007392605000000052,True
7,0.6023271741260877,-0.31199614366464756,0.28941215,0.290622658,0.290017404,0.05066179560968872,0.0006052539999999995,True
7,0.6023271741260877,-0.3071999721267172,0.287620135,0.288927341,0.288273738,0.05005444105012154,0.0006536030000000026,True
7,0.6023271741260877,-0.30242669273957357,0.285912375,0.286962997,0.286437686,0.0494188653801705,0.0005253110000000005,True
7,0.6023271741260877,-0.29767609069922935,0.284053563,0.285428662,0.284741113,0.04883518232302876,0.0006875494999999954,True
7,0.6023271741260877,-0.292947948874388,0.282389827,0.28351538,0.282952604,0.048223624290950846,0.0005627765000000007,True
7,0.6023271741260877,-0.2882420585480653,0.280688118,0.28190346,0.281295789,0.047660535599365894,0.0006076710000000041,True
7,0.6023271741260877,-0.28355820861223685,0.278949629,0.280035139,0.279492384,0.047051385145479754,0.0005427550000000059,True
7,0.6023271741260877,-0.27889619621049283,0.27717547,0.278454529,0.277814999,0.04648831823200645,0.0006395295000000134,True
7,0.6023271741260877,-0.2742558160359875,0.275471745,0.276623673,0.276047709,0.045898738695002064,0.0005759640000000121,True
7,0.6023271741260877,-0.2696368708768745,0.273833868,0.275067531,0.2744507,0.04536920220954767,0.000616831499999998,True
7,0.6023271741260877,-0.2650391610155485,0.272156127,0.273267227,0.272711677,0.04479607106330017,0.000555549999999988,True
7,0.6023271741260877,-0.26046249338103533,0.270439706,0.271729285,0.271084495,0.04426309864519282,0.0006447894999999926,True
7,0.6023271741260877,-0.25590667753522467,0.26878348,0.269953161,0.26936832,0.04370443319830331,0.000584840499999989,True
7,0.6023271741260877,-0.25137152176785105,0.26708733,0.268427682,0.267757506,0.04318329382427303,0.0006701759999999946,True
7,0.6023271741260877,-0.24685684209676112,0.26554109,0.266576037,0.266058563,0.04263702941213251,0.0005174735000000041,True
7,0.6023271741260877,-0.24236245191197311,0.263857883,0.265059452,0.264458668,0.0421257910530342,0.000600784499999979,True
7,0.6023271741260877,-0.2378881721940005,0.262225945,0.263316107,0.262771026,0.04158985540658885,0.0005450810000000028,True
7,0.6023271741260877,-0.23343382125262202,0.260552137,0.261801839,0.261176988,0.041086795940341446,0.0006248509999999818,True
7,0.6023271741260877,-0.2289992248553382,0.259013519,0.260066357,0.259539938,0.040573348378633585,0.0005264190000000002,True
7,0.6023271741260877,-0.22458420605909302,0.257342783,0.258549984,0.257946384,0.040076643853159774,0.0006036004999999955,True
7,0.6023271741260877,-0.2201885952503885,0.25580049,0.256817762,0.256309126,0.03956950307613457,0.0005086360000000067,True
7,0.6023271741260877,-0.21581222006825185,0.254128489,0.25529521,0.254711849,0.039077858308824404,0.0005833604999999908,True
7,0.6023271741260877,-0.2114549153574964,0.252578566,0.253561976,0.253070271,0.03857578008616006,0.0004917050000000089,True
7,0.6023271741260877,-0.2071165131812738,0.250901276,0.252109867,0.251505572,0.03810023717032556,0.0006042954999999905,True
7,0.6023271741260877,-0.2027968526889362,0.249419452,0.250370359,0.249894906,0.037613804549414036,0.00047545349999998654,True
7,0.6023271741260877,-0.19849577021655948,0.247731841,0.248900855,0.248316348,0.037140101114432264,0.000584506999999998,True
7,0.6023271741260877,-0.1942131090708248,0.246308207,0.247228001,0.246768104,0.03667841038924557,0.0004598970000000008,True
7,0.6023271741260877,-0.18994870971594582,0.244681218,0.245586255,0.245133737,0.036194170580242574,0.0004525184999999987,True
7,0.6023271741260877,-0.18570241827089023,0.243082448,0.244047078,0.243564763,0.035732333063082815,0.00048231499999999705,True
7,0.6023271741260877,-0.18147408280150437,0.241436211,0.242531478,0.241983844,0.03526997888299005,0.0005476334999999916,True
7,0.6023271741260877,-0.17726354970597114,0.239959498,0.240893635,0.240426567,0.03481748261868618,0.0004670685000000008,True
7,0.6023271741260877,-0.17307067208037494,0.238288849,0.239349887,0.238819368,0.03435354397524696,0.0005305190000000071,True
7,0.6023271741260877,-0.16889530011505094,0.236850483,0.237755578,0.23730303,0.03391868635198935,0.0004525474999999973,True
7,0.6023271741260877,-0.16473729059523168,0.23515177,0.236180215,0.235665993,0.033452323821717714,0.0005142224999999945,True
7,0.6023271741260877,-0.1605964973786365,0.233676579,0.234554233,0.234115406,0.0330135664640627,0.00043882700000000274,True
7,0.6023271741260877,-0.15647278081812105,0.232013966,0.232945016,0.232479491,0.03255380435517705,0.0004655250000000083,True
7,0.6023271741260877,-0.1523659983191185,0.23056451,0.231415928,0.230990219,0.03213805858687994,0.00042570899999999634,True
7,0.6023271741260877,-0.1482760136855372,0.228865124,0.229833173,0.229349148,0.03168303077294613,0.0004840244999999993,True
7,0.6023271741260877,-0.14420268775570308,0.227371043,0.228261243,0.227816143,0.031260897797807295,0.0004451000000000038,True
7,0.6023271741260877,-0.14014588767272224,0.225695515,0.226635687,0.226165601,0.03080956444772631,0.00047008599999999456,True
7,0.6023271741260877,-0.1361054775976075,0.224277812,0.225019097,0.224648455,0.03039760233017396,0.0003706425000000041,True
7,0.6023271741260877,-0.13208132790529545,0.222556872,0.223470528,0.2230137,0.02995680849466635,0.00045682800000000634,True
7,0.6023271741260877,-0.12807330597367453,0.221084955,0.221865691,0.221475323,0.02954494217849696,0.00039036800000000205,True
7,0.6023271741260877,-0.12408128417431062,0.219375996,0.220264609,0.219820302,0.02910503040271712,0.00044430650000000516,True
7,0.6023271741260877,-0.12010513639666509,0.217906015,0.218665637,0.218285826,0.02870010792554763,0.0003798109999999938,True
7,0.6023271741260877,-0.11614473465464481,0.216202276,0.217067174,0.216634725,0.028267578133022303,0.0004324490000000014,True
7,0.6023271741260877,-0.11219995696058274,0.214728003,0.215467655,0.215097829,0.027867917166559158,0.00036982600000000365,True
7,0.6023271741260877,-0.10827067829861604,0.213023058,0.213865555,0.213444306,0.027441105555005844,0.0004212485000000127,True
7,0.6023271741260877,-0.1043567795694778,0.211538562,0.212259376,0.211898969,0.02704519668614159,0.00036040699999999315,True
7,0.6023271741260877,-0.10045813863553425,0.209826254,0.21064765,0.210236952,0.026622605701369435,0.000410698000000001,True
7,0.6023271741260877,-0.09657463919625987,0.208325836,0.20902893,0.208677383,0.02622908981213431,0.0003515470000000076,True
7,0.6023271741260877,-0.09270616190378976,0.206600212,0.207401787,0.207000999,0.02580936619881649,0.0004007874999999994,True
7,0.6023271741260877,-0.08885259317012757,0.205183987,0.205764808,0.205474398,0.025430089599232812,0.0002904104999999907,True
7,0.6023271741260877,-0.08501381635209519,0.203333575,0.204168763,0.203751169,0.025005334882032028,0.00041759400000000724,True
7,0.6023271741260877,-0.08118972049130155,0.201836423,0.202507317,0.20217187,0.0246191986818146,0.0003354470000000026,True
7,0.6023271741260877,-0.07738019156739842,0.200066199,0.200882873,0.200474536,0.02420755297089647,0.00040833699999999473,True
7,0.6023271741260877,-0.07358512117181419,0.19853504,0.199241911,0.198888475,0.023826030448045984,0.0003534354999999989,True
7,0.6023271741260877,-0.06980439782825286,0.196783633,0.197633022,0.197208328,0.023425181198512682,0.0004246944999999891,True
7,0.6023271741260877,-0.06603791453290747,0.195212619,0.195954439,0.195583529,0.023040771287918104,0.00037091000000000207,True
7,0.6023271741260877,-0.06228556548249914,0.193471736,0.194304191,0.193887963,0.022643009709306685,0.000416227499999991,True
7,0.6023271741260877,-0.0585472428754992,0.191903495,0.192630972,0.192267234,0.02226604148480275,0.0003637385000000021,True
7,0.6023271741260877,-0.054822844348168066,0.190116487,0.190981426,0.190548956,0.02186983992302174,0.0004324695000000045,True
7,0.6023271741260877,-0.0511122644586675,0.188590881,0.189352835,0.188971858,0.021509322102659986,0.00038097700000000456,True
7,0.6023271741260877,-0.047415403136572026,0.186798237,0.187695349,0.187246793,0.021118410786553014,0.00044855600000000273,True
7,0.6023271741260877,-0.043732157230691696,0.185211448,0.186054366,0.185632907,0.02075593913080085,0.00042145899999999903,True
7,0.6023271741260877,-0.0400624288966079,0.183405096,0.184334395,0.183869745,0.020363527172123315,0.00046464950000001115,True
7,0.6023271741260877,-0.036406117207248914,0.181889274,0.182673306,0.18228129,0.02001320498866128,0.0003920160000000089,True
7,0.6023271741260877,-0.032763126479341424,0.180059975,0.18102173,0.180540853,0.019632854000894102,0.0004808774999999904,True
7,0.6023271741260877,-0.029133357945804628,0.178603718,0.179331663,0.178967691,0.019292198724182693,0.0003639725000000038,True
7,0.6023271741260877,-0.025516718021990133,0.176742273,0.177646667,0.17719447,0.018911796453560677,0.0004521970000000014,True
7,0.6023271741260877,-0.021913110038979767,0.175154837,0.176009169,0.175582003,0.018569168410197512,0.0004271659999999927,True
7,0.6023271741260877,-0.018322442450469614,0.173387062,0.174326486,0.173856774,0.0182060482984718,0.00046971199999999713,True
7,0.6023271741260877,-0.014744620626077225,0.171884322,0.17268583,0.172285076,0.017878363972860155,0.00040075400000000316,True
7,0.6023271741260877,-0.011179554999706428,0.170108467,0.170995421,0.170551944,0.017520472122237406,0.0004434769999999977,True
7,0.6023271741260877,-0.007627152921991188,0.168590325,0.169385806,0.168988065,0.01720063670012298,0.0003977404999999934,True
7,0.6023271741260877,-0.004087325746864833,0.166796016,0.167721408,0.167258712,0.01685038984957343,0.00046269599999999855,True
7,0.6023271741260877,-0.0005599857627642013,0.165296539,0.166087959,0.165692249,0.01653624288269891,0.00039571000000000744,True
7,0.6023271741260877,0.002954956811608208,0.163441494,0.164275564,0.163858529,0.016172254250828265,0.00041703500000001004,True
7,0.6023271741260877,0.006457586832909885,0.161999129,0.162700896,0.162350013,0.015875854586873107,0.0003508835000000099,True
7,0.6023271741260877,0.00994799223657211,0.160359339,0.161061011,0.160710175,0.015556761904736273,0.00035083600000000714,True
7,0.6023271741260877,0.013426256086905598,0.158914334,0.159616451,0.159265392,0.0152783089073993,0.00035105850000000105,True
7,0.6023271741260877,0.01689246452429007,0.157310559,0.158057635,0.157684097,0.01497642816417956,0.0003735380000000066,True
7,0.6023271741260877,0.020346698870238274,0.155940984,0.156469534,0.156205259,0.014696833005244884,0.0002642749999999944,True
7,0.6023271741260877,0.023789043519151863,0.154363189,0.155070149,0.154716669,0.014418054743292467,0.00035347999999998936,True
7,0.6023271741260877,0.027219578097597903,0.153060518,0.153548527,0.153304523,0.014156059953763067,0.00024400449999999185,True
7,0.6023271741260877,0.030638385301404742,0.151499321,0.152168138,0.15183373,0.013885738405243708,0.000334408500000008,True
7,0.6023271741260877,0.03404554310841738,0.150256205,0.150749603,0.150502904,0.013643387577421184,0.000246699000000003,True
7,0.6023271741260877,0.03744113256169395,0.148793146,0.149470688,0.149131917,0.013395954318289011,0.0003387710000000016,True
7,0.6023271741260877,0.04082523003502089,0.147558592,0.148150513,0.147854553,0.013167455586760128,0.0002959605000000115,True
7,0.6023271741260877,0.04419791496295147,0.14614294,0.146786281,0.146464611,0.012921051630615939,0.00032167049999999586,True
7,0.6023271741260877,0.04755926311193248,0.145003489,0.145560548,0.145282019,0.012713238377044708,0.0002785294999999993,True
7,0.6023271741260877,0.05090934949014061,0.14367809,0.144335451,0.14400677,0.012491030703715982,0.0003286804999999976,True
7,0.6023271741260877,0.054248251199158895,0.142586781,0.143157284,0.142872033,0.012294953938718448,0.0002852515,True
7,0.6023271741260877,0.05757604078834017,0.14135205,0.14197867,0.14166536,0.01208814876462622,0.0003133099999999972,True
7,0.6023271741260877,0.06089279385509906,0.14030947,0.140896511,0.140602991,0.011907527020130136,0.0002935205000000052,True
7,0.6023271741260877,0.06419858148963559,0.139119307,0.139815398,0.139467353,0.011715951727367745,0.0003480455000000049,True
7,0.6023271741260877,0.06749347782454829,0.138229266,0.138836201,0.138532733,0.011559452406426382,0.00030346750000000144,True
7,0.6023271741260877,0.07077755252925665,0.137140127,0.137861551,0.137500839,0.011387887108182589,0.00036071199999999914,True
7,0.6023271741260877,0.07405087830961372,0.136261431,0.136892101,0.136576766,0.011235337081298898,0.0003153349999999999,True
7,0.6023271741260877,0.07731352345138194,0.135284557,0.136035986,0.135660272,0.011085054275806045,0.00037571449999999895,True
7,0.6023271741260877,0.08056555927050699,0.134478676,0.135137212,0.134807944,0.010946201217697661,0.00032926800000000755,True
7,0.6023271741260877,0.08380705270501622,0.133575779,0.134306263,0.133941021,0.010805868226436676,0.00036524200000000173,True
7,0.6023271741260877,0.0870380737166023,0.132916324,0.133549655,0.133232989,0.010691927350957541,0.0003166654999999935,True
7,0.6023271741260877,0.09025868793032309,0.132047726,0.132816048,0.132431887,0.010563737272811255,0.000384160999999994,True
7,0.6023271741260877,0.09346896398813369,0.131441765,0.132109547,0.131775656,0.010459305076524596,0.0003338910000000028,True
7,0.6023271741260877,0.0966689671436347,0.130685405,0.131434974,0.13106019,0.01034603738433441,0.00037478450000000274,True
7,0.6023271741260877,0.09985876202889397,0.130154888,0.130797974,0.130476431,0.010254077470719622,0.00032154300000000746,True
7,0.6023271741260877,0.10303841536859083,0.129342539,0.130205121,0.12977383,0.010143940685881111,0.0004312910000000003,True
7,0.6023271741260877,0.1062079896502765,0.128979723,0.129595771,0.129287747,0.010068092378362278,0.00030802400000000396,True
7,0.6023271741260877,0.11251715878698547,0.127969712,0.128555005,0.128262358,0.009909024370401157,0.00029264649999999337,True
7,0.6023271741260877,0.11878677174473186,0.12711769,0.127667183,0.127392436,0.009775066969680895,0.0002747464999999921,True
7,0.6023271741260877,0.13120929163365988,0.125482397,0.126214912,0.125848655,0.00953958789296146,0.00036625750000000845,True
7,0.6023271741260877,0.1434793849848575,0.124394885,0.125259916,0.124827401,0.009385389772314737,0.0004325155000000011,True
7,0.6023271741260877,0.15560074540238628,0.123755479,0.12465868,0.124207079,0.009292341326788212,0.0004516004999999962,True
7,0.6023271741260877,0.16757693633701964,0.123261954,0.12435135,0.123806652,0.009232523375323176,0.0005446979999999962,True
7,0.6023271741260877,0.17941139387457758,0.123155428,0.124474301,0.123814865,0.009233748337444784,0.0006594364999999991,True
7,0.6023271741260877,0.191107433530869,0.123309297,0.124686111,0.123997704,0.009261039662626399,0.000688407000000002,True
8,0.6789869949434112,-0.5281184379796323,0.360337646,0.361631004,0.360984325,0.08847858000138399,0.0006466789999999834,False
8,0.6789869949434112,-0.5162839801929803,0.356162509,0.357616695,0.356889602,0.08648270120616992,0.0007270929999999842,False
8,0.6789869949434112,-0.5045879402933877,0.351921816,0.353125998,0.352523907,0.08437982212068075,0.000602090999999999,False
8,0.6789869949434112,-0.493027117759046,0.347815517,0.349169944,0.348492731,0.0824610582096355,0.0006772134999999957,False
8,0.6789869949434112,-0.4815984218051862,0.34382818,0.344948487,0.344388334,0.08053011495725772,0.0005601535000000213,False
8,0.6789869949434112,-0.4702988664239426,0.339764639,0.340845989,0.340305314,0.07863192678839809,0.0005406750000000182,False
8,0.6789869949434112,-0.4591255672840256,0.335805378,0.33684874,0.336327059,0.0768042186494267,0.0005216809999999961,False
8,0.6789869949434112,-0.448075730958303,0.331769104,0.332943975,0.332356539,0.07500149351205133,0.0005874355000000109,False
8,0.6789869949434112,-0.43714666029,0.32798679,0.328958529,0.328472659,0.07325881818413278,0.0004858695000000135,False
8,0.6789869949434112,-0.4263357440525986,0.324116026,0.325054073,0.32458505,0.0715349835764481,0.0004690234999999987,False
8,0.6789869949434112,-0.4156404548054988,0.320314541,0.321370328,0.320842435,0.06989483169886929,0.0005278934999999874,False
8,0.6789869949434112,-0.4050583453473543,0.316572435,0.317591475,0.317081955,0.06826600849976162,0.0005095200000000133,True
8,0.6789869949434112,-0.39458704535510963,0.312880576,0.313864167,0.313372371,0.0666780458075576,0.0004917955000000029,True
8,0.6789869949434112,-0.3893922291545439,0.311068141,0.312446677,0.311757409,0.06599256712675074,0.0006892679999999929,True
8,0.6789869949434112,-0.3842242581971902,0.309230546,0.310315165,0.309772855,0.06515506357569549,0.0005423095000000044,True
8,0.6789869949434112,-0.37908285936699837,0.307502286,0.308832593,0.30816744,0.06448147410727438,0.0006651534999999875,True
8,0.6789869949434112,-0.37396775791012554,0.305614598,0.306661728,0.306138163,0.06363505147838551,0.0005235650000000036,True
8,0.6789869949434112,-0.3688786890666854,0.303833281,0.305246259,0.30453977,0.06297229000931201,0.0007064890000000046,True
8,0.6789869949434112,-0.36381538632865384,0.302152333,0.303162666,0.3026575,0.06219626952244234,0.000505166500000015,True
8,0.6789869949434112,-0.35877759295664424,0.300316983,0.301681083,0.300999033,0.06151650546808761,0.0006820500000000174,True
8,0.6789869949434112,-0.3537650503600476,0.298579376,0.299676787,0.299128082,0.06075413314906393,0.0005487054999999963,True
8,0.6789869949434112,-0.3487775095009822,0.296813732,0.298250244,0.297531988,0.0601075164803882,0.0007182560000000004,True
8,0.6789869949434112,-0.34381471939405417,0.295139073,0.29619856,0.295668816,0.05935707620185657,0.0005297435000000128,True
8,0.6789869949434112,-0.33887643839957765,0.293434058,0.294820766,0.294127412,0.05873979943898765,0.0006933540000000071,True
8,0.6789869949434112,-0.33396242423692013,0.291699663,0.29283622,0.292267941,0.05799944210032369,0.0005682784999999912,True
8,0.6789869949434112,-0.3290724381865797,0.290048858,0.291165525,0.290607191,0.057342175983903454,0.00055833349999998,True
8,0.6789869949434112,-0.32420624916953206,0.288366629,0.28935461,0.288860619,0.05665498529708608,0.0004939905000000133,True
8,0.6789869949434112,-0.31936362394549067,0.286653959,0.287840273,0.287247116,0.05602383187756839,0.0005931569999999831,True
8,0.6789869949434112,-0.3145443381381182,0.285018117,0.286078233,0.285548175,0.05536307880373288,0.0005300579999999999,True
8,0.6789869949434112,-0.30974816513410475,0.283454499,0.284495967,0.283975233,0.05475482372517596,0.0005207339999999949,True
8,0.6789869949434112,-0.30497488700457026,0.281753382,0.282777381,0.282265381,0.054097436904653615,0.0005119994999999988,True
8,0.6789869949434112,-0.30022428351302755,0.280122909,0.281229813,0.280676361,0.053490065596624135,0.0005534520000000098,True
8,0.6789869949434112,-0.29549614293484416,0.278558821,0.279547956,0.279053389,0.052873256352428184,0.0004945674999999872,True
8,0.6789869949434112,-0.2907902511719095,0.276959535,0.278028811,0.277494173,0.052284046468658495,0.0005346380000000039,True
8,0.6789869949434112,-0.2861064024719759,0.2753261,0.276282123,0.275804112,0.05164912039770701,0.00047801149999998627,True
8,0.6789869949434112,-0.2814443886479173,0.273753718,0.274880985,0.274317352,0.05109377789339694,0.0005636335000000214,True
8,0.6789869949434112,-0.2768040096987261,0.272145969,0.273162303,0.272654136,0.05047608187957788,0.0005081670000000038,True
8,0.6789869949434112,-0.27218506444414536,0.270594929,0.271684753,0.271139841,0.04991696019300788,0.0005449120000000085,True
8,0.6789869949434112,-0.2675873544849015,0.269007465,0.26999013,0.269498798,0.04931455528973338,0.0004913324999999968,True
8,0.6789869949434112,-0.2630106880542057,0.267472647,0.26861412,0.268043384,0.048783352246864205,0.000570736500000002,True
8,0.6789869949434112,-0.2584548708147084,0.265900493,0.266937063,0.266418778,0.04819379433355807,0.0005182849999999795,True
8,0.6789869949434112,-0.2539197162411166,0.264377184,0.26548136,0.264929272,0.047656412718645,0.0005520880000000061,True
8,0.6789869949434112,-0.24940503518979626,0.262899494,0.263818607,0.26335905,0.04709317267370214,0.0004595564999999857,True
8,0.6789869949434112,-0.24491064618891978,0.261299614,0.26245008,0.261874847,0.04656386583214032,0.0005752329999999806,True
8,0.6789869949434112,-0.24043636510391667,0.259825712,0.260795985,0.260310848,0.046009338575987435,0.00048513650000001074,True
8,0.6789869949434112,-0.23598201533673996,0.258311418,0.259424788,0.258868103,0.045500748231918436,0.0005566850000000012,True
8,0.6789869949434112,-0.23154741758537645,0.25675779,0.257697281,0.257227535,0.04492585674088147,0.00046974550000000725,True
8,0.6789869949434112,-0.22713239995378,0.255243009,0.25632133,0.25578217,0.044422397205082884,0.0005391604999999966,True
8,0.6789869949434112,-0.2227367890531962,0.25376435,0.254749863,0.254257107,0.04389425258266076,0.0004927564999999967,True
8,0.6789869949434112,-0.21836041377681667,0.252244442,0.253363477,0.252803959,0.043393951353736325,0.0005595174999999952,True
8,0.6789869949434112,-0.2140031089757902,0.25075788,0.251786125,0.251272003,0.04286962252650377,0.0005141225000000194,True
8,0.6789869949434112,-0.20966470670693957,0.249229743,0.250386523,0.249808133,0.042371574580595164,0.000578390000000012,True
8,0.6789869949434112,-0.20534504612589752,0.247803658,0.248800307,0.248301982,0.04186217881389839,0.0004983244999999942,True
8,0.6789869949434112,-0.20104396356246595,0.246263302,0.247384883,0.246824092,0.04136533559813375,0.0005607905000000052,True
8,0.6789869949434112,-0.19676130232955308,0.244889526,0.245855921,0.245372724,0.0408802953253755,0.0004831975000000044,True
8,0.6789869949434112,-0.19249690288515262,0.243265161,0.244421173,0.243843167,0.04037222049883514,0.000578005999999992,True
8,0.6789869949434112,-0.18825061255847048,0.241937171,0.242874853,0.242406012,0.03989773390399321,0.0004688409999999976,True
8,0.6789869949434112,-0.18402227579699404,0.240362626,0.241484424,0.240923525,0.039411219518641946,0.0005608990000000036,True
8,0.6789869949434112,-0.17981174381116577,0.239007195,0.239917452,0.239462324,0.038934611195295635,0.0004551284999999988,True
8,0.6789869949434112,-0.17561886609703836,0.237411101,0.23850047,0.237955785,0.03844625047782007,0.0005446844999999895,True
8,0.6789869949434112,-0.1714434940408999,0.236089641,0.237036812,0.236563226,0.03799757877800661,0.0004735855000000122,True
8,0.6789869949434112,-0.16728548443402816,0.234468955,0.235527408,0.234998181,0.037496476311644905,0.0005292264999999935,True
8,0.6789869949434112,-0.16314469112810415,0.233175212,0.234095713,0.233635462,0.037062864373689455,0.000460250500000009,True
8,0.6789869949434112,-0.1590209744819787,0.231587667,0.232616528,0.232102097,0.0365779687498004,0.000514430499999996,True
8,0.6789869949434112,-0.15491419189509634,0.230255187,0.231150329,0.230702758,0.03613824259259584,0.00044757099999999383,True
8,0.6789869949434112,-0.150824207177312,0.228635782,0.229636681,0.229136231,0.035649134180476355,0.0005004494999999998,True
8,0.6789869949434112,-0.14675088116101206,0.227321343,0.228192402,0.227756873,0.0352212235681302,0.0004355294999999898,True
8,0.6789869949434112,-0.14269408099520084,0.225667516,0.226699113,0.226183315,0.034736222333115005,0.0005157984999999976,True
8,0.6789869949434112,-0.13865367083500024,0.224365867,0.225214084,0.224789976,0.03430957496509955,0.0004241085000000061,True
8,0.6789869949434112,-0.13462952106119772,0.222731002,0.223735832,0.223233417,0.03383606651502587,0.0005024149999999922,True
8,0.6789869949434112,-0.13062149904583795,0.22138128,0.222262915,0.221822098,0.0334095843920308,0.00044081749999999587,True
8,0.6789869949434112,-0.12662947829839877,0.219814537,0.220793938,0.220304237,0.03295392550760814,0.0004897004999999954,True
8,0.6789869949434112,-0.12265333043671413,0.218467903,0.219327539,0.218897721,0.03253448497080486,0.0004298179999999985,True
8,0.6789869949434112,-0.11869292860845329,0.216853976,0.217809364,0.21733167,0.032070629930457124,0.00047769400000000073,True
8,0.6789869949434112,-0.11474815083168412,0.215505939,0.216344823,0.215925381,0.0316569335938674,0.0004194419999999921,True
8,0.6789869949434112,-0.1108188720848159,0.213842669,0.214827191,0.21433493,0.03119229740078742,0.0004922609999999938,True
8,0.6789869949434112,-0.10690497327427155,0.212540114,0.213359387,0.212949751,0.030790428242145187,0.0004096365000000046,True
8,0.6789869949434112,-0.1030063322567342,0.21087533,0.211837212,0.211356271,0.03033134940956822,0.0004809409999999986,True
8,0.6789869949434112,-0.09912283273732417,0.209510359,0.210361224,0.209935791,0.029925018504426592,0.0004254325000000031,True
8,0.6789869949434112,-0.09525435536253804,0.207889026,0.208879072,0.208384049,0.02948427143448248,0.0004950229999999972,True
8,0.6789869949434112,-0.09140078654998145,0.206508255,0.207389596,0.206948926,0.0290795585846473,0.00044067050000000385,True
8,0.6789869949434112,-0.08756200965088151,0.204874221,0.205891647,0.205382934,0.028641130982524125,0.0005087130000000079,True
8,0.6789869949434112,-0.08373791371240635,0.203473128,0.204384082,0.203928605,0.02823694792171514,0.0004554769999999958,True
8,0.6789869949434112,-0.07992838579186509,0.201821555,0.20281832,0.202319937,0.027793216999694465,0.0004983824999999914,True
8,0.6789869949434112,-0.07613331423657498,0.200442671,0.201335546,0.200889109,0.027401493926249243,0.0004464375000000076,True
8,0.6789869949434112,-0.07235259188939307,0.198768288,0.199792295,0.199280291,0.02696436227967192,0.0005120035000000106,True
8,0.6789869949434112,-0.06858610851194272,0.197358774,0.198234856,0.197796815,0.026564402032021754,0.0004380410000000001,True
8,0.6789869949434112,-0.06483375938275973,0.195702491,0.196753424,0.196227957,0.026144673377548985,0.000525466500000002,True
8,0.6789869949434112,-0.06109543669486772,0.1943028,0.19520859,0.194755695,0.025753827840074666,0.00045289499999999483,True
8,0.6789869949434112,-0.05737103808994128,0.192567519,0.193645299,0.193106409,0.02531948288901013,0.0005388900000000002,True
8,0.6789869949434112,-0.05366045812073484,0.191171618,0.192106905,0.191639262,0.024936209357801345,0.00046764350000000343,True
8,0.6789869949434112,-0.04996359672219706,0.189486476,0.190546978,0.190016727,0.02451574652530911,0.0005302510000000094,True
8,0.6789869949434112,-0.04628035073777123,0.188043429,0.188964328,0.188503879,0.024126928600333126,0.0004604494999999875,True
8,0.6789869949434112,-0.04261062232837287,0.186356394,0.187401255,0.186878824,0.02371273462505606,0.0005224304999999901,True
8,0.6789869949434112,-0.03895431056160302,0.184947656,0.185855583,0.18540162,0.02333933648166291,0.0004539635000000014,True
8,0.6789869949434112,-0.03531131975948418,0.183208418,0.184282242,0.18374533,0.022924194054309083,0.0005369120000000005,True
8,0.6789869949434112,-0.03168155218183554,0.181783503,0.182722627,0.182253065,0.02255335403928949,0.0004695619999999928,True
8,0.6789869949434112,-0.028064911152700045,0.18011362,0.181174647,0.180644133,0.022156909207647058,0.0005305134999999961,True
8,0.6789869949434112,-0.024461304119238705,0.178665352,0.17959403,0.179129691,0.02178695866922238,0.0004643389999999942,True
8,0.6789869949434112,-0.020870635433889322,0.176971284,0.178063378,0.177517331,0.021396511684260124,0.000546046999999994,True
8,0.6789869949434112,-0.017292814552789273,0.175576528,0.176496428,0.176036478,0.021041020425693148,0.00045995000000000064,True
8,0.6789869949434112,-0.01372774783793236,0.173892243,0.174933341,0.174412792,0.020654663535480042,0.0005205489999999952,True
8,0.6789869949434112,-0.010175346697334428,0.172417691,0.173413564,0.172915628,0.020301585133326392,0.0004979364999999902,True
8,0.6789869949434112,-0.006635519446045087,0.170776402,0.171893303,0.171334852,0.01993209202354725,0.0005584505000000017,True
8,0.6789869949434112,-0.003108179388870588,0.169380307,0.170329305,0.169854806,0.019589219622958617,0.00047449899999998935,True
8,0.6789869949434112,0.00040676326060680283,0.167369521,0.168522476,0.167945999,0.019151411157106363,0.0005764775000000055,True
8,0.6789869949434112,0.003909393353953122,0.166058768,0.167004471,0.16653162,0.01883019726584152,0.0004728514999999961,True
8,0.6789869949434112,0.007399797839056748,0.164450617,0.165518762,0.164984689,0.0184819904264468,0.0005340725000000102,True
8,0.6789869949434112,0.010878062753054824,0.163159622,0.164022157,0.16359089,0.018171035897528526,0.0004312674999999988,True
8,0.6789869949434112,0.014344270277735187,0.161567512,0.162594771,0.162081142,0.017837189739290625,0.0005136295000000013,True
8,0.6789869949434112,0.017798505679491806,0.160288631,0.16115247,0.16072055,0.017538977700718668,0.00043191950000000257,True
8,0.6789869949434112,0.02124084942148262,0.158745396,0.15973442,0.159239908,0.017217309721847526,0.0004945119999999886,True
8,0.6789869949434112,0.024671385047995632,0.15751255,0.15833881,0.15792568,0.01693428900107177,0.00041312999999999767,True
8,0.6789869949434112,0.028090191350588354,0.155969128,0.157005357,0.156487242,0.016627207969885635,0.0005181144999999998,True
8,0.6789869949434112,0.03149735019803875,0.154775747,0.155608091,0.155191919,0.016353083819152868,0.0004161720000000063,True
8,0.6789869949434112,0.03489293875573941,0.153307896,0.154269792,0.153788844,0.016058727215179026,0.00048094799999999494,True
8,0.6789869949434112,0.03827703726198452,0.152148412,0.152947548,0.15254798,0.015800629092020662,0.00039956799999998904,True
8,0.6789869949434112,0.04164972129990777,0.150750856,0.1516823,0.151216578,0.015526024521197166,0.00046572200000000175,True
8,0.6789869949434112,0.04501106952084121,0.149663299,0.150431049,0.150047174,0.01528681805698493,0.00038387500000000574,True
8,0.6789869949434112,0.04836115596809569,0.148289407,0.149192705,0.148741056,0.015021841558862607,0.0004516489999999984,True
8,0.6789869949434112,0.051700056798503,0.147228226,0.148009663,0.147618945,0.014796045236880034,0.00039071850000001185,True
8,0.6789869949434112,0.0550278474054203,0.145917362,0.146838519,0.14637794,0.014548315742496858,0.0004605785000000029,True
8,0.6789869949434112,0.05834459959892636,0.144924551,0.14572295,0.145323751,0.014339521324904167,0.0003991994999999887,True
8,0.6789869949434112,0.06165038824400433,0.143721088,0.144619179,0.144170134,0.014112763387556107,0.0004490454999999949,True
8,0.6789869949434112,0.06494528371095767,0.142798998,0.143572428,0.143185713,0.013920692136968943,0.0003867149999999958,True
8,0.6789869949434112,0.0682293594191135,0.141615334,0.14253844,0.142076887,0.013705924077500558,0.00046155299999998955,True
8,0.6789869949434112,0.07150268433674117,0.140767728,0.141564287,0.141166007,0.01353074523774121,0.0003982795000000011,True
8,0.6789869949434112,0.07476533047496138,0.139700128,0.140605142,0.140152635,0.013337179329944318,0.0004525069999999909,True
8,0.6789869949434112,0.07801736543652521,0.138886538,0.139661878,0.139274208,0.013170517841475136,0.00038766999999999274,True
8,0.6789869949434112,0.08125885986058741,0.137896385,0.138784935,0.13834066,0.012994546951500556,0.000444274999999994,True
8,0.6789869949434112,0.08448988001971895,0.137173573,0.13792838,0.137550976,0.012846617948822185,0.0003774034999999981,True
8,0.6789869949434112,0.08771049430016228,0.136272304,0.13709421,0.136683257,0.012685047388728499,0.0004109529999999917,True
8,0.6789869949434112,0.09092077042659108,0.135602642,0.136389592,0.135996117,0.012557826338942518,0.00039347500000000424,True
8,0.6789869949434112,0.09412077274009954,0.134751438,0.135610192,0.135180815,0.012407708360730577,0.0004293769999999947,True
8,0.6789869949434112,0.09731056860096844,0.134202735,0.134861906,0.13453232,0.012288948361785908,0.00032958550000000697,True
8,0.6789869949434112,0.10049022110359415,0.133360122,0.134261007,0.133810565,0.012157443641500905,0.0004504424999999951,True
8,0.6789869949434112,0.10365979635427629,0.132839543,0.133590185,0.133214864,0.012049439003240523,0.0003753209999999979,True
8,0.6789869949434112,0.10996896562125112,0.131719342,0.132389468,0.132054405,0.011840423645519751,0.00033506300000001044,True
8,0.6789869949434112,0.11623857870763527,0.130647146,0.131356853,0.131002,0.01165245161212518,0.00035485350000000193,True
8,0.6789869949434112,0.12866109796980224,0.128863917,0.129595254,0.129229585,0.011339276760906054,0.0003656684999999993,True
8,0.6789869949434112,0.1409311907117361,0.127510283,0.128265764,0.127888023,0.011105067521624337,0.00037774050000000114,True
8,0.6789869949434112,0.1530525513905833,0.126421361,0.127298715,0.126860038,0.010927256318406228,0.00043867699999999843,True
8,0.6789869949434112,0.165028742580313,0.125740381,0.12676715,0.126253766,0.010823061817638417,0.0005133844999999915,True
8,0.6789869949434112,0.176863200366965,0.125392929,0.126468674,0.125930802,0.010767760678354764,0.0005378725000000084,True
8,0.6789869949434112,0.18855924026655763,0.12498654,0.126425666,0.125706103,0.0107293690148316,0.0007195629999999995,True
9,0.7748117733527029,-0.5421821237315819,0.356546454,0.358157102,0.357351778,0.09894369066275963,0.0008053239999999962,False
9,0.7748117733527029,-0.5302059329510188,0.352563327,0.354117286,0.353340306,0.09673476320055518,0.0007769794999999968,False
9,0.7748117733527029,-0.5183714755639062,0.348514628,0.350015257,0.349264943,0.09451618930094063,0.0007503145000000155,False
9,0.7748117733527029,-0.5066754360545612,0.344587881,0.346036319,0.3453121,0.09238890173551846,0.0007242189999999982,False
9,0.7748117733527029,-0.4951146139014959,0.340769205,0.341992826,0.341381016,0.09029733739468176,0.000611810500000004,False
9,0.7748117733527029,-0.48368591832024727,0.336876292,0.338057992,0.337467142,0.08823871972843747,0.0005908499999999761,False
9,0.7748117733527029,-0.47238636169942455,0.333078588,0.334057052,0.33356782,0.0862113616614557,0.0004892320000000061,False
9,0.7748117733527029,-0.4667841070736214,0.331231888,0.332830357,0.332031122,0.08541886514798948,0.0007992345000000234,False
9,0.7748117733527029,-0.46121306135078194,0.329206527,0.330465825,0.329836176,0.08429324728853035,0.0006296489999999821,False
9,0.7748117733527029,-0.4556728818864575,0.327477322,0.329021145,0.328249234,0.08348407774482773,0.0007719114999999999,False
9,0.7748117733527029,-0.4501632254081965,0.325570975,0.326635009,0.326102992,0.08239593346156618,0.0005320169999999957,False
9,0.7748117733527029,-0.444683760543569,0.323796106,0.325138548,0.324467327,0.08157144455324293,0.0006712210000000274,False
9,0.7748117733527029,-0.4392341551147014,0.321851053,0.323025222,0.322438137,0.08055435371091904,0.0005870845000000013,True
9,0.7748117733527029,-0.43381408699120844,0.320033769,0.321618126,0.320825948,0.07975082487036629,0.0007921784999999903,True
9,0.7748117733527029,-0.4284232392440476,0.31833739,0.319329394,0.318833392,0.07876328305766608,0.0004960019999999954,True
9,0.7748117733527029,-0.42306129545425586,0.316475772,0.317867218,0.317171495,0.07794432668284366,0.0006957230000000092,True
9,0.7748117733527029,-0.4177279503558922,0.314731734,0.315690032,0.315210883,0.07698367128572792,0.00047914900000001204,True
9,0.7748117733527029,-0.4124228974834446,0.312963913,0.314441335,0.313702624,0.07624871237654084,0.000738711000000003,True
9,0.7748117733527029,-0.40714584124913533,0.311173145,0.312230746,0.311701945,0.07527924170661235,0.0005288005000000096,True
9,0.7748117733527029,-0.4018964847257959,0.309360211,0.310788295,0.310074253,0.07449508559226187,0.0007140419999999981,True
9,0.7748117733527029,-0.3966745401140858,0.307654045,0.308548523,0.308101284,0.07355009325365938,0.00044723900000001593,True
9,0.7748117733527029,-0.39147972409212595,0.305922843,0.307302283,0.306612563,0.07284103401181621,0.0006897200000000048,True
9,0.7748117733527029,-0.3863117533084679,0.304167452,0.305277929,0.30472269,0.07194585833755865,0.0005552384999999993,True
9,0.7748117733527029,-0.3811703546532435,0.302510362,0.303843094,0.303176728,0.07121769844592774,0.0006663660000000016,True
9,0.7748117733527029,-0.376055253366515,0.300826531,0.301899092,0.301362812,0.07036805229546207,0.000536280499999986,True
9,0.7748117733527029,-0.37096618469451403,0.299116851,0.300521369,0.29981911,0.06964899153349909,0.0007022589999999829,True
9,0.7748117733527029,-0.36590288212318306,0.297497687,0.298533938,0.298015812,0.06881368670349246,0.000518125499999994,True
9,0.7748117733527029,-0.3608650874846205,0.295850417,0.297094555,0.296472486,0.06810280523299302,0.0006220690000000029,True
9,0.7748117733527029,-0.3558525464859539,0.294175956,0.295177451,0.294676704,0.06728028436680485,0.0005007474999999817,True
9,0.7748117733527029,-0.3508650043712892,0.292475168,0.293787167,0.293131167,0.06657638428624674,0.0006559995000000041,True
9,0.7748117733527029,-0.34590221584477543,0.290856771,0.291932269,0.29139452,0.0657898614028161,0.000537749000000004,True
9,0.7748117733527029,-0.34096393360547006,0.2893161,0.290478401,0.28989725,0.06511550341145309,0.0005811504999999884,True
9,0.7748117733527029,-0.33604991960959685,0.287640205,0.288679793,0.288159999,0.06433741377064066,0.0005197940000000179,True
9,0.7748117733527029,-0.3311599337215096,0.28604028,0.287266224,0.286653252,0.06366635073372408,0.0006129720000000172,True
9,0.7748117733527029,-0.3262937434822072,0.284511993,0.285516772,0.285014383,0.06294043859796873,0.0005023894999999778,True
9,0.7748117733527029,-0.3214511198030997,0.282952098,0.28413701,0.283544554,0.062292940475340015,0.000592456000000019,True
9,0.7748117733527029,-0.31663183278367374,0.281361569,0.282333199,0.281847384,0.06154945725882838,0.00048581500000000055,True
9,0.7748117733527029,-0.3118356613082173,0.279837113,0.28088775,0.280362432,0.06090260209292513,0.0005253184999999827,True
9,0.7748117733527029,-0.30706238197666547,0.278280664,0.279220268,0.278750466,0.060204286725293786,0.0004698019999999914,True
9,0.7748117733527029,-0.3023117786446606,0.276693168,0.277801872,0.27724752,0.0595568269285319,0.000554352000000008,True
9,0.7748117733527029,-0.29758363822731804,0.275166651,0.276166488,0.275666569,0.058879540649619554,0.0004999185000000017,True
9,0.7748117733527029,-0.2928777466209191,0.273607881,0.274769883,0.274188882,0.05824999504129114,0.0005810009999999977,True
9,0.7748117733527029,-0.2881938980788399,0.272105952,0.273161261,0.272633607,0.05759104912680352,0.0005276545000000021,True
9,0.7748117733527029,-0.2835318844083986,0.27065744,0.271781611,0.271219525,0.056995177866488375,0.0005620854999999758,True
9,0.7748117733527029,-0.2788915056141584,0.269088451,0.270109919,0.269599185,0.05631620241528208,0.0005107339999999849,True
9,0.7748117733527029,-0.2742725591975271,0.267655904,0.268744196,0.26820005,0.05573319240431259,0.0005441459999999954,True
9,0.7748117733527029,-0.26967484939370157,0.266104815,0.267176006,0.26664041,0.055086876519532806,0.0005355955000000134,True
9,0.7748117733527029,-0.2650981831197229,0.264683928,0.265818656,0.265251292,0.05451439883133033,0.0005673639999999869,True
9,0.7748117733527029,-0.2605423660328122,0.263146436,0.264183888,0.263665162,0.05386438579259273,0.0005187259999999971,True
9,0.7748117733527029,-0.25600721161311996,0.261733242,0.262910776,0.262322009,0.053316995805004305,0.0005887670000000178,True
9,0.7748117733527029,-0.251492530711631,0.260282837,0.261364775,0.260823806,0.052709714895188345,0.0005409690000000023,True
9,0.7748117733527029,-0.24699814186191163,0.258796206,0.25993733,0.259366768,0.05212245604820148,0.0005705620000000244,True
9,0.7748117733527029,-0.24252386092405845,0.257349343,0.258398037,0.25787369,0.05152408414181621,0.0005243470000000083,True
9,0.7748117733527029,-0.23806951003657215,0.256013531,0.25697205,0.256492791,0.05097374451355907,0.0004792594999999955,True
9,0.7748117733527029,-0.23363491369854558,0.25449188,0.255580975,0.255036427,0.05039653086529629,0.0005445474999999922,True
9,0.7748117733527029,-0.22921989495521916,0.253006974,0.25422242,0.253614697,0.04983621444818083,0.0006077230000000045,True
9,0.7748117733527029,-0.2248242842047601,0.251697514,0.252683302,0.252190408,0.049278030247461684,0.0004928939999999937,True
9,0.7748117733527029,-0.22044790907459463,0.250137817,0.251317017,0.250727417,0.0487079514428212,0.0005895999999999957,True
9,0.7748117733527029,-0.21609060442109895,0.248885883,0.249842303,0.249364093,0.048179695035977875,0.0004782099999999928,True
9,0.7748117733527029,-0.2117522022959248,0.247320313,0.248464696,0.247892504,0.04761272083500826,0.0005721914999999994,True
9,0.7748117733527029,-0.2074325406293719,0.24605203,0.247046704,0.246549367,0.04709816587917242,0.0004973370000000005,True
9,0.7748117733527029,-0.20313145943765923,0.244477993,0.245654482,0.245066238,0.046533227866260685,0.0005882445000000014,True
9,0.7748117733527029,-0.19884879712729037,0.243255787,0.244221771,0.243738779,0.046030476820852484,0.00048299200000000153,True
9,0.7748117733527029,-0.19458439904168243,0.241733531,0.242812823,0.242273177,0.045478578321289626,0.0005396460000000047,True
9,0.7748117733527029,-0.19033810764548303,0.240487227,0.24136328,0.240925254,0.04497393234999331,0.00043802650000000776,True
9,0.7748117733527029,-0.18610977223011194,0.238948239,0.2399972,0.23947272,0.044433273040648244,0.0005244804999999936,True
9,0.7748117733527029,-0.18189923918259196,0.237676221,0.23858871,0.238132465,0.04393730615557548,0.00045624450000000816,True
9,0.7748117733527029,-0.17770636041565716,0.236178576,0.237198577,0.236688576,0.04340610382116838,0.0005100004999999963,True
9,0.7748117733527029,-0.17353098969199934,0.234937661,0.23576604,0.235351851,0.04291720670413851,0.000414189500000009,True
9,0.7748117733527029,-0.16937297903989687,0.233357662,0.234350201,0.233853931,0.04237264363413153,0.0004962695000000072,True
9,0.7748117733527029,-0.1652321870542543,0.232143208,0.233006993,0.232575101,0.04191048124299019,0.0004318925000000029,True
9,0.7748117733527029,-0.1611084693703688,0.230596067,0.231619065,0.231107566,0.04138324465507424,0.0005114990000000125,True
9,0.7748117733527029,-0.15700168692179037,0.229345987,0.230187213,0.2297666,0.04090439812742899,0.00042061300000000024,True
9,0.7748117733527029,-0.15291170234361093,0.227826264,0.228767476,0.22829687,0.04038277188876754,0.0004706059999999984,True
9,0.7748117733527029,-0.1488383764633608,0.226593341,0.227413018,0.227003179,0.03992639413641059,0.00040983849999999544,True
9,0.7748117733527029,-0.14478157643490816,0.225041205,0.226012564,0.225526885,0.03940876763531623,0.0004856795000000025,True
9,0.7748117733527029,-0.14074116640855772,0.223820846,0.224620073,0.22422046,0.0389535183192128,0.00039961350000000673,True
9,0.7748117733527029,-0.1367170167699212,0.222286848,0.223234242,0.222760545,0.03844791158503216,0.00047369699999999515,True
9,0.7748117733527029,-0.13270899488626473,0.221022013,0.221801856,0.221411934,0.037983787020200596,0.00038992150000000114,True
9,0.7748117733527029,-0.1287169731344832,0.219450089,0.220426209,0.219938149,0.03747980672583186,0.00048806000000001237,True
9,0.7748117733527029,-0.12474082540928177,0.218190569,0.219002792,0.21859668,0.037023999775113337,0.0004061115000000004,True
9,0.7748117733527029,-0.12078042371407235,0.216679104,0.217582345,0.217130724,0.036529083174489836,0.00045162049999999954,True
9,0.7748117733527029,-0.11683564607165071,0.215419663,0.21621326,0.215816461,0.036088210265364525,0.0003967984999999896,True
9,0.7748117733527029,-0.11290636745574177,0.213862762,0.214794686,0.214328724,0.035592374966672724,0.0004659620000000003,True
9,0.7748117733527029,-0.10899246877745887,0.2125996,0.213375636,0.212987618,0.035148348539573326,0.00038801800000000386,True
9,0.7748117733527029,-0.10509382788883743,0.210995349,0.212002954,0.211499151,0.0346587956932872,0.0005038024999999974,True
9,0.7748117733527029,-0.10121032739314209,0.20972475,0.2105317,0.210128225,0.034210939044686695,0.00040347500000000036,True
9,0.7748117733527029,-0.09734185125178504,0.208165131,0.209151605,0.208658368,0.033733998694754,0.0004932369999999936,True
9,0.7748117733527029,-0.09348828146946399,0.206882449,0.207719287,0.207300868,0.03329648986596609,0.0004184190000000032,True
9,0.7748117733527029,-0.08964950579333147,0.20531453,0.206281144,0.205797837,0.03281540911217344,0.00048330700000000226,True
9,0.7748117733527029,-0.08582540889152811,0.204015774,0.204881695,0.204448735,0.03238657832408195,0.00043296049999999586,True
9,0.7748117733527029,-0.08201588110045746,0.202435235,0.203473486,0.20295436,0.031914862843841554,0.0005191255000000089,True
9,0.7748117733527029,-0.07822080967140214,0.201161205,0.201966132,0.201563668,0.03147898474394009,0.00040246349999999154,True
9,0.7748117733527029,-0.0744400863744679,0.199563362,0.200538268,0.200050815,0.03100822175890452,0.0004874529999999988,True
9,0.7748117733527029,-0.07067360419862997,0.198264201,0.199098665,0.198681433,0.030585161542305415,0.0004172320000000035,True
9,0.7748117733527029,-0.06692125412586572,0.19664482,0.197646332,0.197145576,0.030114127367638934,0.000500756000000005,True
9,0.7748117733527029,-0.06318293262965609,0.195316684,0.196180269,0.195748476,0.029688823670518942,0.0004317925,True
9,0.7748117733527029,-0.05945853308724143,0.193714312,0.194742281,0.194228297,0.02922948851964759,0.0005139844999999948,True
9,0.7748117733527029,-0.055747954299948624,0.19239543,0.193287853,0.192841641,0.02881362158681363,0.00044621150000000165,True
9,0.7748117733527029,-0.05205109196993953,0.190803703,0.191815978,0.19130984,0.028357688539954722,0.0005061375000000035,True
9,0.7748117733527029,-0.04836784610825931,0.189571934,0.190283758,0.189927846,0.027949464859753505,0.0003559119999999999,True
9,0.7748117733527029,-0.04469811782288807,0.187859306,0.188857311,0.188358308,0.027489432383884557,0.0004990024999999981,True
9,0.7748117733527029,-0.04104180617706735,0.18650035,0.187409122,0.186954736,0.02708127790586726,0.00045438600000000107,True
9,0.7748117733527029,-0.03739881549718268,0.184911935,0.185897107,0.185404521,0.02663402795540224,0.0004925860000000032,True
9,0.7748117733527029,-0.03376904700653691,0.18366805,0.184402515,0.184035282,0.026242088345637307,0.00036723249999999485,True
9,0.7748117733527029,-0.03015240609945873,0.181949668,0.182964058,0.182456863,0.025793876652753307,0.000507195000000002,True
9,0.7748117733527029,-0.0265487991893179,0.180610582,0.181498556,0.181054569,0.025398916428748565,0.0004439870000000068,True
9,0.7748117733527029,-0.02295813062427138,0.179000705,0.180004859,0.179502782,0.024965402880324998,0.0005020769999999897,True
9,0.7748117733527029,-0.019380309864741013,0.177762002,0.178521736,0.178141869,0.0245882839720435,0.00037986699999999207,True
9,0.7748117733527029,-0.015815243268469958,0.176091654,0.177127055,0.176609355,0.024167048860166417,0.0005177005000000096,True
9,0.7748117733527029,-0.012262842247727784,0.174667538,0.1756198,0.175143669,0.023767587303080127,0.00047613099999999076,True
9,0.7748117733527029,-0.008723015113343687,0.173089837,0.174197235,0.173643536,0.02336218471132738,0.0005536990000000047,True
9,0.7748117733527029,-0.005195674169138171,0.171792019,0.172699157,0.172245588,0.022987536093434898,0.0004535690000000009,True
9,0.7748117733527029,-0.0016807326401298394,0.170180029,0.171281845,0.170730937,0.02258502932940629,0.0005509079999999889,True
9,0.7748117733527029,0.0018218983348608103,0.168230077,0.16905494,0.168642508,0.022035875794539844,0.0004124314999999906,True
9,0.7748117733527029,0.005312302700762931,0.166608468,0.167706886,0.167157677,0.021649549589091623,0.000549208999999995,True
9,0.7748117733527029,0.008790567498454575,0.165296523,0.166315739,0.165806131,0.02130087196936969,0.0005096079999999947,True
9,0.7748117733527029,0.01225677490557348,0.163860875,0.164919113,0.164389994,0.020938567698556645,0.0005291190000000084,True
9,0.7748117733527029,0.015711010192632005,0.162731115,0.163476107,0.163103611,0.020612153285381307,0.00037249599999999994,True
9,0.7748117733527029,0.019153354799696473,0.161160616,0.162220371,0.161690494,0.020256536320917135,0.0005298774999999978,True
9,0.7748117733527029,0.02258388933205813,0.159892962,0.160875831,0.160384397,0.019930603187630444,0.0004914344999999987,True
9,0.7748117733527029,0.02600269649460119,0.158534105,0.159519239,0.159026672,0.01959458871124616,0.0004925669999999993,True
9,0.7748117733527029,0.029409854256140046,0.157279373,0.158227907,0.15775364,0.019282129225220546,0.00047426700000000044,True
9,0.7748117733527029,0.03280544366872683,0.155969567,0.15696125,0.156465409,0.01896849570909062,0.0004958414999999966,True
9,0.7748117733527029,0.03618954109717834,0.154761914,0.155678262,0.155220088,0.018667753685503063,0.00045817400000000563,True
9,0.7748117733527029,0.03956222598498124,0.153456189,0.154417302,0.153936745,0.0183603438156389,0.0004805565000000067,True
9,0.7748117733527029,0.04292357409410388,0.152291106,0.153217587,0.152754346,0.018079372862038118,0.0004632404999999895,True
9,0.7748117733527029,0.04627366042830442,0.151065197,0.151997886,0.151531542,0.017791079347018467,0.0004663444999999933,True
9,0.7748117733527029,0.049612562098009405,0.149939431,0.150838232,0.150388831,0.017523763294869852,0.00044940049999998843,True
9,0.7748117733527029,0.052940351643752326,0.148750235,0.149697723,0.149223979,0.017253350436592575,0.00047374399999999817,True
9,0.7748117733527029,0.05625710467173269,0.14770286,0.148575853,0.148139356,0.0170034526326039,0.00043649650000000817,True
9,0.7748117733527029,0.05956289226338893,0.146548468,0.147472242,0.147010355,0.016745266507176986,0.00046188700000000804,True
9,0.7748117733527029,0.06285778856004642,0.145537714,0.14642907,0.145983392,0.016512130496911085,0.000445677999999991,True
9,0.7748117733527029,0.06614186415841984,0.144459976,0.145404818,0.144932397,0.01627523099166765,0.00047242100000000065,True
9,0.7748117733527029,0.06941518896503716,0.143529887,0.144399687,0.143964787,0.01605864026024485,0.00043490000000000195,True
9,0.7748117733527029,0.07267783499490914,0.142488262,0.143414059,0.142951161,0.015833305266198743,0.000462898500000003,True
9,0.7748117733527029,0.07592986984689568,0.141643505,0.142493196,0.142068351,0.015638348618999216,0.0004248454999999929,True
9,0.7748117733527029,0.0791713641640164,0.140686314,0.141594592,0.141140453,0.015434736698688733,0.0004541389999999923,True
9,0.7748117733527029,0.08240238513587723,0.139842486,0.140719449,0.140280967,0.015247326954323202,0.0004384815000000042,True
9,0.7748117733527029,0.08562299930588299,0.138977057,0.139869245,0.139423151,0.015061422748964397,0.000446094000000008,True
9,0.7748117733527029,0.08883327532449063,0.138232999,0.139045766,0.138639383,0.01489256297040937,0.000406383499999996,True
9,0.7748117733527029,0.09203327752896451,0.137373899,0.138299785,0.137836842,0.014720645017579822,0.0004629430000000073,True
9,0.7748117733527029,0.09522307328338922,0.13669248,0.137537474,0.137114977,0.014566861852958787,0.0004224969999999939,True
9,0.7748117733527029,0.0984027256783569,0.135895795,0.136809491,0.136352643,0.01440533400317329,0.0004568479999999958,True
9,0.7748117733527029,0.10157230082394628,0.135341324,0.136119215,0.13573027,0.014274129656340407,0.0003889454999999875,True
9,0.7748117733527029,0.10788146988084624,0.13410784,0.134867911,0.134487876,0.01401401185975849,0.0003800355000000005,True
9,0.7748117733527029,0.11415108275978164,0.132966486,0.133764871,0.133365678,0.013781115277804486,0.0003991925000000063,True
9,0.7748117733527029,0.12038163237743031,0.131888586,0.132670285,0.132279435,0.01355753935459954,0.0003908494999999984,True
9,0.7748117733527029,0.12657360337511517,0.130968239,0.131794608,0.131381423,0.013374086694967388,0.0004131845000000106,True
9,0.7748117733527029,0.13272746881435407,0.130120909,0.130930127,0.130525518,0.013200399107496014,0.0004046090000000002,True
9,0.7748117733527029,0.13884369569829863,0.129384948,0.130245464,0.129815206,0.013057118481190663,0.0004302580000000028,True
9,0.7748117733527029,0.1509650559684856,0.128126859,0.129107993,0.128617426,0.012817279031473994,0.0004905669999999973,True
9,0.7748117733527029,0.1629412467592853,0.127228208,0.128356387,0.127792297,0.012653351253587315,0.0005640894999999896,True
9,0.7748117733527029,0.1747757049960391,0.126716199,0.127805196,0.127260697,0.012548297491519759,0.0005444985000000041,True
9,0.7748117733527029,0.18647174450538412,0.126835098,0.127592928,0.127214013,0.012539092807177734,0.00037891499999999356,True
9,0.7748117733527029,0.1980325666584494,0.126420324,0.127459586,0.126939955,0.012485124898389217,0.0005196310000000065,True
9,0.7748117733527029,0.20946126305071916,0.126343309,0.127739145,0.127041227,0.012505053973231532,0.0006979180000000057,True
9,0.7748117733527029,0.23193411841616512,0.126808201,0.128270804,0.127539503,0.012603339983966684,0.0007313014999999895,True
10,0.8514715958064945,-0.5689448655238691,0.356526825,0.358901122,0.357713973,0.1089536978569132,0.0011871485000000126,False
10,0.8514715958064945,-0.5445534129530408,0.348495572,0.35089554,0.349695556,0.10412389161295929,0.001199984000000015,False
10,0.8514715958064945,-0.5325772221731097,0.344672847,0.346990154,0.3458315,0.10183551444775048,0.0011586534999999953,False
10,0.8514715958064945,-0.5207427647866141,0.34078658,0.343196815,0.341991698,0.09958668865124011,0.0012051174999999914,False
10,0.8514715958064945,-0.5090467236141673,0.337009729,0.339173125,0.338091427,0.09732815301434665,0.0010816980000000198,False
10,0.8514715958064945,-0.4974859014808137,0.333330008,0.33557879,0.334454399,0.09524539559055645,0.0011243910000000024,False
10,0.8514715958064945,-0.4860572059188289,0.329579647,0.331753419,0.330666533,0.09310020744874233,0.0010868860000000091,False
10,0.8514715958064945,-0.474757650920654,0.32606629,0.328016029,0.32704116,0.09106992816786724,0.0009748695000000029,False
10,0.8514715958064945,-0.4635843505726037,0.322472407,0.324356489,0.323414448,0.08906129376590105,0.0009420410000000046,False
10,0.8514715958064945,-0.4525345146305975,0.31894488,0.320904522,0.319924701,0.0871496626641741,0.0009798210000000196,True
10,0.8514715958064945,-0.44160544278246716,0.315610978,0.31709942,0.316355199,0.0852157983530141,0.0007442210000000171,True
10,0.8514715958064945,-0.4307945269290906,0.311922965,0.313884292,0.312903629,0.08336646088960409,0.0009806635000000063,True
10,0.8514715958064945,-0.42543258391111255,0.310182695,0.312494265,0.31133848,0.08253454596777823,0.0011557849999999925,True
10,0.8514715958064945,-0.42009923805784466,0.308549027,0.310444466,0.309496747,0.08156096251004773,0.0009477194999999994,True
10,0.8514715958064945,-0.414794185948954,0.306891216,0.309247683,0.30806945,0.0808104325481269,0.0011782334999999866,True
10,0.8514715958064945,-0.4095171289676413,0.305210108,0.307042145,0.306126127,0.07979413274763834,0.0009160185000000043,True
10,0.8514715958064945,-0.40426777319977686,0.303506499,0.305904443,0.304705471,0.07905524138542704,0.0011989720000000204,True
10,0.8514715958064945,-0.39904582933567234,0.3018999,0.303670991,0.302785445,0.0780620863180401,0.0008855455000000012,True
10,0.8514715958064945,-0.3938510125744028,0.300268319,0.302586117,0.301427218,0.07736331938150422,0.001158898999999991,True
10,0.8514715958064945,-0.3886830425306003,0.29872732,0.300438707,0.299583014,0.07641956063327782,0.0008556935000000043,True
10,0.8514715958064945,-0.38354164314364614,0.297046368,0.299064541,0.298055454,0.07564222784590031,0.001009086500000006,True
10,0.8514715958064945,-0.37842654112919666,0.295453799,0.297218891,0.296336345,0.0747721734860494,0.0008825459999999841,True
10,0.8514715958064945,-0.373337471740303,0.293726682,0.295895321,0.294811001,0.07400439894487507,0.0010843194999999861,True
10,0.8514715958064945,-0.36827416990113593,0.292300313,0.294007022,0.293153667,0.0731746791828839,0.0008533545000000142,True
10,0.8514715958064945,-0.3632363759873788,0.290632024,0.29283292,0.291732472,0.07246690426975462,0.0011004480000000039,True
10,0.8514715958064945,-0.35822383427887267,0.289148075,0.290901611,0.290024843,0.07162103053596854,0.000876768,True
10,0.8514715958064945,-0.3532362928817269,0.287838661,0.289359209,0.288598935,0.07091851174190843,0.0007602740000000052,True
10,0.8514715958064945,-0.3482735036523637,0.286394013,0.287690165,0.287042089,0.07015543615886304,0.0006480759999999974,True
10,0.8514715958064945,-0.3433352221234358,0.284721952,0.286290971,0.285506462,0.06940680443923876,0.0007845095000000024,True
10,0.8514715958064945,-0.33842120743156695,0.283414028,0.284571409,0.283992719,0.06867277172376425,0.0005786905000000064,True
10,0.8514715958064945,-0.33353122224685655,0.281690161,0.283208311,0.282449236,0.06792833561824989,0.000759074999999998,True
10,0.8514715958064945,-0.32866503270410224,0.280319374,0.281532852,0.280926113,0.06719769639773468,0.000606738999999995,True
10,0.8514715958064945,-0.3238224083356852,0.278731181,0.280200129,0.279465655,0.0665008276569758,0.0007344740000000127,True
10,0.8514715958064945,-0.319003122006075,0.277388737,0.278562924,0.277975831,0.06579368926303675,0.0005870934999999966,True
10,0.8514715958064945,-0.3142069484787299,0.275744657,0.27725531,0.276499984,0.0650969117766766,0.0007553264999999865,True
10,0.8514715958064945,-0.30943366983690995,0.27451462,0.275476529,0.274995575,0.0643904671805422,0.00048095450000001927,True
10,0.8514715958064945,-0.30468306718809945,0.272815211,0.274277875,0.273546543,0.06371367065515594,0.0007313320000000012,True
10,0.8514715958064945,-0.2999549261009049,0.271517421,0.272618196,0.272067809,0.06302668762523296,0.0005503874999999991,True
10,0.8514715958064945,-0.2952490351712227,0.269933039,0.271349495,0.270641267,0.06236748062265567,0.0007082280000000052,True
10,0.8514715958064945,-0.2905651859655198,0.268650745,0.26971686,0.269183803,0.061697563542024374,0.0005330574999999893,True
10,0.8514715958064945,-0.28590317296543927,0.267089104,0.268461142,0.267775123,0.061053507617204225,0.0006860189999999822,True
10,0.8514715958064945,-0.28126279351368877,0.265818244,0.26693032,0.266374282,0.06041638685464811,0.0005560380000000087,True
10,0.8514715958064945,-0.27664384776118045,0.264275077,0.265604481,0.264939779,0.05976741937381676,0.0006647019999999892,True
10,0.8514715958064945,-0.27204613861538524,0.262934749,0.264089622,0.263512186,0.05912505700369844,0.0005774365000000004,True
10,0.8514715958064945,-0.26746947168986834,0.261407262,0.262847389,0.262127325,0.05850523876367579,0.0007200635000000066,True
10,0.8514715958064945,-0.26291365525497645,0.260149592,0.261269161,0.260709377,0.05787399582085168,0.0005597845000000212,True
10,0.8514715958064945,-0.25837850018964004,0.258632927,0.260029309,0.259331118,0.057263703135124,0.0006981909999999869,True
10,0.8514715958064945,-0.2538638186452708,0.257376315,0.258462091,0.257919203,0.05664186194493062,0.0005428879999999914,True
10,0.8514715958064945,-0.24936942916147598,0.255867082,0.257221608,0.256544345,0.0560396038881618,0.0006772629999999835,True
10,0.8514715958064945,-0.2448951488696704,0.254678974,0.255662067,0.25517052,0.05544101367324047,0.0004915464999999952,True
10,0.8514715958064945,-0.24044079862248918,0.253242334,0.254280102,0.253761218,0.054830305449254886,0.0005188839999999972,True
10,0.8514715958064945,-0.23600620165591796,0.251908919,0.252931229,0.252420074,0.05425227373650221,0.0005111549999999854,True
10,0.8514715958064945,-0.23159118354720334,0.250404336,0.251680301,0.251042319,0.05366165231238793,0.000637982499999995,True
10,0.8514715958064945,-0.22719557217368658,0.249199525,0.250192123,0.249695824,0.05308755490658253,0.0004962989999999917,True
10,0.8514715958064945,-0.22281919767253996,0.247692647,0.248996926,0.248344786,0.05251462369007337,0.0006521395000000096,True
10,0.8514715958064945,-0.21846189240137853,0.246475606,0.247504044,0.246989825,0.05194315079730906,0.0005142189999999963,True
10,0.8514715958064945,-0.2141234908997281,0.245027423,0.246294558,0.245660991,0.051385733934151225,0.0006335675000000013,True
10,0.8514715958064945,-0.20980382985132354,0.243795202,0.244794639,0.24429492,0.050815831596548275,0.0004997185000000098,True
10,0.8514715958064945,-0.2055027480472199,0.242337222,0.243568993,0.242953108,0.05025914351089395,0.0006158855000000102,True
10,0.8514715958064945,-0.20122008512679762,0.241148818,0.242120467,0.241634642,0.04971512768844609,0.00048582450000000943,True
10,0.8514715958064945,-0.1969556864392123,0.239678138,0.240876031,0.240277084,0.049158075285361424,0.0005989464999999888,True
10,0.8514715958064945,-0.19270939565579562,0.238468487,0.239413713,0.2389411,0.048612939476393884,0.00047261299999999673,True
10,0.8514715958064945,-0.18848105964348152,0.236983183,0.238207049,0.237595116,0.048066796976114816,0.0006119330000000089,True
10,0.8514715958064945,-0.1842705272035283,0.235808345,0.236728304,0.236268325,0.047531461671276636,0.000459979499999999,True
10,0.8514715958064945,-0.18007764903907586,0.234305816,0.235554004,0.23492991,0.046994473628609375,0.0006240940000000056,True
10,0.8514715958064945,-0.17590227772338238,0.233104469,0.234056358,0.233580413,0.046456127923286815,0.0004759444999999918,True
10,0.8514715958064945,-0.17174426766871906,0.23169367,0.232854188,0.232273929,0.04593789570656972,0.0005802589999999996,True
10,0.8514715958064945,-0.1676034750959112,0.23046305,0.231390483,0.230926766,0.04540657160852733,0.00046371650000000264,True
10,0.8514715958064945,-0.16347975800450554,0.229027397,0.230212291,0.229619844,0.04489407213508449,0.0005924470000000098,True
10,0.8514715958064945,-0.15937297614355053,0.227766341,0.22872372,0.22824503,0.04435808861331968,0.0004786894999999902,True
10,0.8514715958064945,-0.1552829909829754,0.226356988,0.227512543,0.226934766,0.043850266100000035,0.0005777775000000013,True
10,0.8514715958064945,-0.15120966568555003,0.225115581,0.226049485,0.225582533,0.043329243116477664,0.0004669519999999927,True
10,0.8514715958064945,-0.14715286392088472,0.223675959,0.224854799,0.224265379,0.04282473003785622,0.0005894199999999933,True
10,0.8514715958064945,-0.1431124544773096,0.222449919,0.223361513,0.222905716,0.04230703361101383,0.0004557970000000078,True
10,0.8514715958064945,-0.13908830427026359,0.220978121,0.222179234,0.221578678,0.04180479506458141,0.0006005565000000018,True
10,0.8514715958064945,-0.13508028296466287,0.219763383,0.220653798,0.220208591,0.04128941038186024,0.00044520750000000275,True
10,0.8514715958064945,-0.13108826178633085,0.218306474,0.219480043,0.218893258,0.04079763005990596,0.0005867845000000066,True
10,0.8514715958064945,-0.1271121134971731,0.217050209,0.217968861,0.217509535,0.04028345992655828,0.0004593260000000099,True
10,0.8514715958064945,-0.12315171237084248,0.215604115,0.216751595,0.216177855,0.03979170713168916,0.0005737399999999893,True
10,0.8514715958064945,-0.11920693416888573,0.214399429,0.215297889,0.214848659,0.03930388311634851,0.0004492299999999949,True
10,0.8514715958064945,-0.11527765611735713,0.212912399,0.214035126,0.213473763,0.038802452528356075,0.000561363499999995,True
10,0.8514715958064945,-0.11136375688389157,0.211660548,0.212586253,0.212123401,0.03831310308524315,0.00046285249999999944,True
10,0.8514715958064945,-0.10746511655522262,0.210177152,0.211368057,0.210772605,0.03782670314335906,0.0005954524999999961,True
10,0.8514715958064945,-0.10358161661513918,0.208967367,0.209874095,0.209420731,0.037343026026623254,0.00045336400000001165,True
10,0.8514715958064945,-0.09971313992286639,0.207482977,0.208605066,0.208044021,0.03685366154554058,0.0005610444999999964,True
10,0.8514715958064945,-0.09585956959126064,0.206220245,0.207109125,0.206664685,0.03636660050886667,0.0004444400000000043,True
10,0.8514715958064945,-0.09202079337264941,0.204731286,0.20587572,0.205303503,0.035889126161617206,0.0005722169999999999,True
10,0.8514715958064945,-0.08819669702212432,0.203457713,0.20437339,0.203915551,0.03540551038615046,0.00045783849999998794,True
10,0.8514715958064945,-0.0843871686926668,0.20200345,0.203126704,0.202565077,0.03493810227443716,0.0005616269999999951,True
10,0.8514715958064945,-0.08059209781066456,0.200714983,0.201614105,0.201164544,0.03445664902152866,0.0004495609999999872,True
10,0.8514715958064945,-0.07681137505665482,0.199204691,0.200350597,0.199777644,0.033983174003617965,0.000572953000000001,True
10,0.8514715958064945,-0.0730448923464283,0.197940214,0.198865953,0.198403084,0.03351714375868499,0.0004628695000000044,True
10,0.8514715958064945,-0.06929254281248962,0.196455027,0.197581746,0.197018387,0.033050929916764706,0.0005633594999999991,True
10,0.8514715958064945,-0.06555422078586291,0.195167446,0.196036745,0.195602095,0.03257745615293924,0.0004346495000000089,True
10,0.8514715958064945,-0.06182982177823643,0.19366077,0.194810779,0.194235775,0.03212392553056654,0.0005750044999999898,True
10,0.8514715958064945,-0.058119242464439384,0.192346556,0.193243336,0.192794946,0.03164910657869388,0.00044838999999999296,True
10,0.8514715958064945,-0.05442238066524112,0.190855031,0.191988062,0.191421546,0.031199799552110885,0.0005665154999999894,True
10,0.8514715958064945,-0.050739134278420424,0.189550458,0.190474637,0.190012547,0.030742184440022028,0.0004620894999999986,True
10,0.8514715958064945,-0.047069405474238414,0.188028551,0.189185973,0.188607262,0.030289143022351014,0.0005787110000000095,True
10,0.8514715958064945,-0.04341309435528949,0.186728577,0.187640616,0.187184597,0.02983392423276002,0.0004560195000000017,True
10,0.8514715958064945,-0.03977010316033802,0.185211478,0.186354364,0.185782921,0.029388792236519183,0.0005714429999999909,True
10,0.8514715958064945,-0.03614033519270337,0.183910859,0.184811989,0.184361424,0.02894078272844262,0.000450565,True
10,0.8514715958064945,-0.03252369480486016,0.182354099,0.183561948,0.182958024,0.028501852430199273,0.0006039245000000054,True
10,0.8514715958064945,-0.028920087383314367,0.181086621,0.182016865,0.181551743,0.028065385399839587,0.00046512199999999837,True
10,0.8514715958064945,-0.025329419333752646,0.179524075,0.180719801,0.180121938,0.027625069992197666,0.000597863000000004,True
10,0.8514715958064945,-0.02175159806645563,0.178245193,0.179166742,0.178705968,0.027192446172196478,0.00046077449999999687,True
10,0.8514715958064945,-0.018186531981972977,0.176709514,0.177894914,0.177302214,0.026766925022180595,0.0005926999999999877,True
10,0.8514715958064945,-0.014634130457051076,0.175413886,0.176366254,0.17589007,0.026342246441470287,0.0004761840000000045,True
10,0.8514715958064945,-0.011094303830811615,0.173860719,0.175113604,0.174487161,0.02592370781727054,0.0006264425000000046,True
10,0.8514715958064945,-0.00756696339117214,0.172580914,0.173565109,0.173073011,0.02550520764002005,0.0004920974999999966,True
10,0.8514715958064945,-0.004052020357446705,0.171079875,0.172363634,0.171721754,0.02510850162540006,0.0006418794999999977,True
10,0.8514715958064945,-0.0005493898869908047,0.169809785,0.170789422,0.170299604,0.02469434100971179,0.0004898185000000027,True
10,0.8514715958064945,0.002941014972594353,0.168547155,0.169938983,0.169243069,0.024388885181003378,0.0006959139999999919,True
10,0.8514715958064945,0.006419279269292531,0.167325681,0.1684153,0.16787049,0.023994896508618132,0.0005448094999999931,True
10,0.8514715958064945,0.009885487166703169,0.165878624,0.167230343,0.166554484,0.02362015937006118,0.0006758595000000006,True
10,0.8514715958064945,0.013339721956260693,0.164692847,0.165744011,0.165218429,0.023242730230023427,0.0005255819999999967,True
10,0.8514715958064945,0.016782066069242978,0.163278777,0.16459321,0.163935993,0.022883307482484138,0.000657216499999988,True
10,0.8514715958064945,0.020212601088575873,0.162085639,0.163138145,0.162611892,0.022515146166470417,0.0005262530000000043,True
10,0.8514715958064945,0.023631407760434025,0.160698696,0.162016271,0.161357484,0.02216911681452077,0.0006587874999999938,True
10,0.8514715958064945,0.02703856600564402,0.159530486,0.160549006,0.160039746,0.021808503826568862,0.0005092599999999975,True
10,0.8514715958064945,0.03043415493089592,0.158165093,0.159451096,0.158808095,0.021474123044382246,0.00064300149999999,True
10,0.8514715958064945,0.0338182528397629,0.157054825,0.158079432,0.157567128,0.021139825749713476,0.0005123034999999915,True
10,0.8514715958064945,0.03719093724353636,0.155743925,0.15700115,0.156372537,0.02082049878427718,0.0006286125000000004,True
10,0.8514715958064945,0.04055228583213668,0.154649669,0.155606518,0.155128094,0.020490430265062896,0.0004784245000000048,True
10,0.8514715958064945,0.043902372640340956,0.153350753,0.154581992,0.153966373,0.02018468253888125,0.0006156194999999975,True
10,0.8514715958064945,0.04724127382929174,0.152307146,0.153274829,0.152790988,0.019877677642594196,0.0004838414999999985,True
10,0.8514715958064945,0.05056906384591129,0.151054889,0.152301821,0.151678355,0.019589230878182366,0.0006234660000000031,True
10,0.8514715958064945,0.053885816396353974,0.150059791,0.151041228,0.15055051,0.019298992042163118,0.0004907185000000008,True
10,0.8514715958064945,0.057191604455800724,0.148970626,0.149960115,0.14946537,0.019021787603342784,0.000494744500000005,True
10,0.8514715958064945,0.06048650027809429,0.147904098,0.148862554,0.148383326,0.018747370744255445,0.0004792279999999982,True
10,0.8514715958064945,0.06377057540521414,0.146779395,0.147989097,0.147384246,0.01849576474840839,0.0006048509999999896,True
10,0.8514715958064945,0.06704390067659755,0.145838685,0.146816722,0.146327703,0.018231536675649883,0.0004890185000000075,True
10,0.8514715958064945,0.07030654623830736,0.144757541,0.145952743,0.145355142,0.017989991758790534,0.0005976010000000032,True
10,0.8514715958064945,0.07355858155205282,0.143906324,0.14486581,0.144386067,0.017750914744909228,0.0004797430000000047,True
10,0.8514715958064945,0.07680007540406207,0.142997421,0.143969332,0.143483377,0.017529654002487686,0.000485955499999996,True
10,0.8514715958064945,0.08003109683690007,0.142114234,0.143056742,0.142585488,0.017310946637146725,0.0004712539999999904,True
10,0.8514715958064945,0.08325171146273924,0.141127305,0.142300987,0.141714146,0.017100018210243324,0.0005868409999999907,True
10,0.8514715958064945,0.08646198701925988,0.140429772,0.141312648,0.14087121,0.016897196509908213,0.00044143800000000233,True
10,0.8514715958064945,0.08966198967667427,0.139496725,0.140663148,0.140079936,0.016707906423884988,0.0005832114999999999,True
10,0.8514715958064945,0.09285178497198454,0.138819416,0.139732142,0.139275779,0.016516626860337558,0.0004563630000000013,True
10,0.8514715958064945,0.09603143781703671,0.137946661,0.139154461,0.138550561,0.01634506839310714,0.0006039000000000044,True
10,0.8514715958064945,0.09920101250644582,0.13734248,0.138289103,0.137815791,0.016172163713677832,0.00047331150000000377,True
10,0.8514715958064945,0.10551018155732689,0.136021159,0.136956782,0.13648897,0.015862267801801777,0.00046781149999999827,True
10,0.8514715958064945,0.11177979443031821,0.13488456,0.135552877,0.135218718,0.015568393250312645,0.0003341585000000008,True
10,0.8514715958064945,0.11801034404209707,0.133754334,0.134454029,0.134104182,0.015312806963776581,0.0003498475000000001,True
10,0.8514715958064945,0.1242023150360762,0.132645233,0.133549481,0.133097357,0.015083739656357745,0.0004521239999999982,True
10,0.8514715958064945,0.13035618046957564,0.13169589,0.132648207,0.132172048,0.014874740701399951,0.00047615849999999016,True
10,0.8514715958064945,0.13647240734785115,0.130888319,0.131831001,0.13135966,0.014692449149838964,0.0004713410000000001,True
10,0.8514715958064945,0.14859376760690451,0.129464724,0.130453482,0.129959103,0.014380817508469049,0.0004943790000000031,True
10,0.8514715958064945,0.160569959238494,0.128308045,0.129667888,0.128987967,0.014166695543613295,0.0006799214999999997,True
10,0.8514715958064945,0.17240441661497008,0.127578529,0.128948461,0.128263495,0.014008005521121789,0.0006849659999999952,True
10,0.8514715958064945,0.18410045611392592,0.127083589,0.128448373,0.127765981,0.013899546560410864,0.0006823920000000039,True
10,0.8514715958064945,0.19566127907913164,0.126820218,0.128274319,0.127547268,0.013852000108386105,0.0007270504999999927,True
10,0.8514715958064945,0.20708997464111642,0.126731945,0.128276962,0.127504453,0.013842702004982445,0.0007725084999999909,True
10,0.8514715958064945,0.2183895296392913,0.126662687,0.128938958,0.127800823,0.013907128453972002,0.0011381354999999982,True
10,0.8514715958064945,0.2295628299873416,0.12687486,0.128965811,0.127920336,0.013933151131331499,0.0010454755000000038,True
11,0.9281314163454844,-0.5594786575882186,0.344872123,0.347280724,0.346076423,0.11116127002630839,0.001204300500000005,False
11,0.9281314163454844,-0.5473572966974892,0.341200492,0.343527523,0.342364007,0.10878917285127244,0.0011635154999999897,False
11,0.9281314163454844,-0.5353811053009219,0.337467845,0.339877369,0.338672607,0.10645587037257646,0.0012047619999999981,False
11,0.9281314163454844,-0.5235466473122993,0.333835797,0.336165096,0.335000446,0.10415982554378644,0.0011646495000000034,False
11,0.9281314163454844,-0.5118506072154327,0.33029332,0.332544586,0.331418953,0.10194458337147606,0.001125632999999987,False
11,0.9281314163454844,-0.5002897861375514,0.326830183,0.329005738,0.32791796,0.09980214614364184,0.0010877774999999978,False
11,0.9281314163454844,-0.4888610899765925,0.32343692,0.325539177,0.324488049,0.09772527153463194,0.0010511284999999981,False
11,0.9281314163454844,-0.4775615343929035,0.319968384,0.322001645,0.320985015,0.09562666051243329,0.0010166305000000042,True
11,0.9281314163454844,-0.4663882334723506,0.316562097,0.318658774,0.317610435,0.09362654526089714,0.0010483384999999956,True
11,0.9281314163454844,-0.4553383985471311,0.313337692,0.315238068,0.31428788,0.09167791766129488,0.0009501879999999907,True
11,0.9281314163454844,-0.44440932768931657,0.31002862,0.31198863,0.311008625,0.08977477798241171,0.000980005000000006,True
11,0.9281314163454844,-0.4335984112664794,0.306760048,0.308656214,0.307708131,0.08787946778777714,0.0009480829999999885,True
11,0.9281314163454844,-0.4229031218378891,0.303641049,0.305474459,0.304557754,0.08608922446302064,0.0009167049999999899,True
11,0.9281314163454844,-0.41232101220207484,0.300431614,0.302316269,0.301373942,0.08429869876085512,0.0009423275000000064,True
11,0.9281314163454844,-0.4018497135304488,0.297353501,0.299176765,0.298265133,0.08256851018763223,0.0009116319999999956,True
11,0.9281314163454844,-0.39148692618673997,0.294182672,0.29605145,0.295117061,0.08083475154102834,0.0009343890000000077,True
11,0.9281314163454844,-0.3863455257988142,0.292667049,0.294810063,0.293738556,0.08008134976244378,0.0010715069999999993,True
11,0.9281314163454844,-0.38123042571767773,0.291127131,0.293036142,0.292081637,0.07918045286973653,0.000954505500000008,True
11,0.9281314163454844,-0.37614135678989485,0.289663073,0.291933808,0.29079844,0.07848625700828317,0.0011353675000000119,True
11,0.9281314163454844,-0.37107805395788496,0.288173047,0.290020724,0.289096886,0.07757044819641874,0.000923838499999996,True
11,0.9281314163454844,-0.36604026050327654,0.286754036,0.288571483,0.287662759,0.07680274747015034,0.0009087235000000138,True
11,0.9281314163454844,-0.3610277178145243,0.28549662,0.287002052,0.286249336,0.07604986531267878,0.0007527160000000144,True
11,0.9281314163454844,-0.3560401768745512,0.283834556,0.285686488,0.284760522,0.0752608352991974,0.0009259660000000003,True
11,0.9281314163454844,-0.351077388097834,0.282610334,0.284067994,0.283339164,0.07451139420896019,0.0007288299999999859,True
11,0.9281314163454844,-0.3461391056034935,0.280992254,0.282696148,0.281844201,0.07372718978445111,0.0008519469999999918,True
11,0.9281314163454844,-0.34122509136234647,0.279795932,0.281119458,0.280457695,0.07300358609164775,0.0006617629999999819,True
11,0.9281314163454844,-0.33633510522415283,0.278129091,0.279866222,0.278997656,0.07224546363350604,0.0008685655000000014,True
11,0.9281314163454844,-0.33146891613018503,0.276957291,0.278239518,0.277598405,0.07152261855603002,0.0006411135000000123,True
11,0.9281314163454844,-0.3266262922062185,0.275327818,0.277010821,0.276169319,0.07078811233643531,0.0008415015000000081,True
11,0.9281314163454844,-0.3218070049371667,0.274259027,0.275583433,0.27492123,0.0701497342185002,0.0006622030000000001,True
11,0.9281314163454844,-0.31701083322156043,0.27249707,0.27420976,0.273353415,0.06935191875265455,0.0008563450000000083,True
11,0.9281314163454844,-0.3122375536450923,0.271362353,0.272646834,0.272004594,0.06866919425312769,0.000642240500000002,True
11,0.9281314163454844,-0.3074869514304957,0.269794384,0.271375546,0.270584965,0.06795427701609369,0.0007905810000000124,True
11,0.9281314163454844,-0.3027588107734189,0.26859348,0.269838991,0.269216235,0.06726853445463576,0.0006227554999999885,True
11,0.9281314163454844,-0.2980529189225825,0.267050261,0.268660019,0.26785514,0.06659006559720025,0.0008048790000000083,True
11,0.9281314163454844,-0.293369070145272,0.265861321,0.267144634,0.266502977,0.06591945419694036,0.0006416565000000041,True
11,0.9281314163454844,-0.2887070562348982,0.264338857,0.265900391,0.265119624,0.0652368861943816,0.0007807670000000155,True
11,0.9281314163454844,-0.28406667720980455,0.263158455,0.264403519,0.263780987,0.06457976365038179,0.0006225319999999812,True
11,0.9281314163454844,-0.27944773188002087,0.261653039,0.263240187,0.262446613,0.06392804422312966,0.0007935740000000191,True
11,0.9281314163454844,-0.2748500218367386,0.260478024,0.261686383,0.261082203,0.0632650725720829,0.0006041795000000239,True
11,0.9281314163454844,-0.2702733553322537,0.258986216,0.260526858,0.259756537,0.06262423661654277,0.0007703209999999905,True
11,0.9281314163454844,-0.26571753801019943,0.257882843,0.259055692,0.258469267,0.06200508336865102,0.0005864245000000157,True
11,0.9281314163454844,-0.26118238336419397,0.256332286,0.257896158,0.257114222,0.06135665472291466,0.0007819359999999831,True
11,0.9281314163454844,-0.25666770352437396,0.255226714,0.256432738,0.255829726,0.060745132646971144,0.0006030119999999861,True
11,0.9281314163454844,-0.252173313159806,0.253751824,0.25520486,0.254478342,0.06010507265656922,0.0007265179999999816,True
11,0.9281314163454844,-0.24769903327616571,0.252575422,0.253812277,0.25319385,0.05949983735319536,0.0006184274999999906,True
11,0.9281314163454844,-0.24324468215814085,0.251105228,0.252645484,0.251875356,0.05888176613299243,0.000770127999999981,True
11,0.9281314163454844,-0.23881008559817005,0.249987289,0.251189424,0.250588356,0.058281570649944284,0.0006010674999999965,True
11,0.9281314163454844,-0.23439506789247333,0.248518337,0.250015719,0.249267028,0.05766856498804533,0.0007486910000000097,True
11,0.9281314163454844,-0.22999945565984006,0.247390643,0.248621013,0.248005828,0.057086477600784856,0.0006151850000000042,True
11,0.9281314163454844,-0.22562308156018326,0.245981386,0.247437535,0.24670946,0.05649123623159289,0.000728074499999995,True
11,0.9281314163454844,-0.22126577543936563,0.244841219,0.245978304,0.245409761,0.05589759701126025,0.000568542500000005,True
11,0.9281314163454844,-0.21692737433766898,0.243426164,0.244842988,0.244134576,0.055318202068835406,0.0007084120000000055,True
11,0.9281314163454844,-0.21260771368577047,0.242330196,0.24343668,0.242883438,0.05475266677490957,0.0005532419999999955,True
11,0.9281314163454844,-0.20830663104317856,0.24084903,0.242285707,0.241567369,0.054160917388198414,0.0007183384999999987,True
11,0.9281314163454844,-0.20402396974065606,0.239792599,0.240869936,0.240331267,0.053608051901374396,0.0005386685000000058,True
11,0.9281314163454844,-0.19975957021840202,0.238302602,0.239757687,0.239030145,0.053029169209781804,0.0007275424999999974,True
11,0.9281314163454844,-0.1955132798233249,0.237225247,0.238329983,0.237777615,0.052474874255903275,0.0005523679999999975,True
11,0.9281314163454844,-0.1912849441960733,0.23577924,0.237197043,0.236488142,0.05190727280735182,0.0007089014999999976,True
11,0.9281314163454844,-0.18707441093222968,0.234678991,0.235755758,0.235217374,0.051350924593333486,0.0005383835000000031,True
11,0.9281314163454844,-0.18288153315145358,0.233271808,0.234653957,0.233962882,0.05080464233340785,0.0006910744999999996,True
11,0.9281314163454844,-0.1787061610205697,0.232146829,0.233249283,0.232698056,0.05025681750991979,0.0005512270000000014,True
11,0.9281314163454844,-0.1745481513481892,0.230721687,0.232069944,0.231395816,0.049695890518532064,0.0006741284999999958,True
11,0.9281314163454844,-0.1704073591545048,0.229622187,0.230697831,0.230160009,0.049166490002220564,0.0005378219999999934,True
11,0.9281314163454844,-0.16628364125819411,0.228177043,0.229543473,0.228860258,0.048612755614267485,0.0006832150000000009,True
11,0.9281314163454844,-0.16217685977500004,0.227098872,0.228148941,0.227623907,0.04808894176741056,0.0005250344999999934,True
11,0.9281314163454844,-0.158086873817834,0.225631767,0.226966152,0.226298959,0.0475307410789092,0.0006671924999999967,True
11,0.9281314163454844,-0.15401354889680086,0.224522125,0.225596719,0.225059422,0.04701147437095807,0.000537297000000006,True
11,0.9281314163454844,-0.14995674866401096,0.223080063,0.224432147,0.223756105,0.046468564914154076,0.0006760420000000017,True
11,0.9281314163454844,-0.14591633842899868,0.221985265,0.223035555,0.22251041,0.045952605553413114,0.0005251450000000046,True
11,0.9281314163454844,-0.14189218858932479,0.220516395,0.221885515,0.221200955,0.04541334257713623,0.0006845600000000007,True
11,0.9281314163454844,-0.13788416650031454,0.219432887,0.220506718,0.219969803,0.04490922961231932,0.0005369154999999987,True
11,0.9281314163454844,-0.13389214568808488,0.217981682,0.219321057,0.218651369,0.044372497649645785,0.0006696875000000019,True
11,0.9281314163454844,-0.12991599776212384,0.216859839,0.217910734,0.217385287,0.04386011512630603,0.0005254474999999981,True
11,0.9281314163454844,-0.12595559586188712,0.215422583,0.21673374,0.216078161,0.0433342439007029,0.0006555785000000036,True
11,0.9281314163454844,-0.12201081802188418,0.214305889,0.215334968,0.214820428,0.04283123809087216,0.0005145394999999942,True
11,0.9281314163454844,-0.11808153920413485,0.212834229,0.214162903,0.213498566,0.042305749943049926,0.0006643369999999871,True
11,0.9281314163454844,-0.11416764033137451,0.21171955,0.212771797,0.212245674,0.04181067392347963,0.0005261235000000031,True
11,0.9281314163454844,-0.11026900036060387,0.210255276,0.211601102,0.210928189,0.041293217254274955,0.0006729130000000111,True
11,0.9281314163454844,-0.10638549966339367,0.209139138,0.210170977,0.209655057,0.04079624187241495,0.0005159195000000033,True
11,0.9281314163454844,-0.10251702332779691,0.207678466,0.208998654,0.20833856,0.04028550290154532,0.000660094,True
11,0.9281314163454844,-0.09866345334703326,0.206557532,0.207570087,0.207063809,0.03979402521690071,0.0005062774999999992,True
11,0.9281314163454844,-0.094824677479654,0.205222296,0.206518137,0.205870216,0.03933657229498889,0.000647920499999996,True
11,0.9281314163454844,-0.09100058147767982,0.203967848,0.205003646,0.204485747,0.038809277532225725,0.0005178990000000022,True
11,0.9281314163454844,-0.08719105240301746,0.202462417,0.203817798,0.203140108,0.03830018144204577,0.0006776904999999944,True
11,0.9281314163454844,-0.08339598186842809,0.201322645,0.2023407,0.201831673,0.037808383861141784,0.0005090275000000088,True
11,0.9281314163454844,-0.07961525837633877,0.199851544,0.201184208,0.200517876,0.03731776836868487,0.0006663320000000056,True
11,0.9281314163454844,-0.07584877601238167,0.198697478,0.199738937,0.199218207,0.03683558127026312,0.0005207294999999973,True
11,0.9281314163454844,-0.07209642682211861,0.197215804,0.198566977,0.19789139,0.036346556470929964,0.0006755865000000055,True
11,0.9281314163454844,-0.06835810406585405,0.196044366,0.197109125,0.196576746,0.035865241284287974,0.0005323794999999992,True
11,0.9281314163454844,-0.06463370540078278,0.194548672,0.195918657,0.195233665,0.035376827794578736,0.0006849924999999951,True
11,0.9281314163454844,-0.06092312536418623,0.193395638,0.194444857,0.193920248,0.034902439998202583,0.0005246094999999951,True
11,0.9281314163454844,-0.057226263906418225,0.191920777,0.19323281,0.192576794,0.0344205161161738,0.000656016500000009,True
11,0.9281314163454844,-0.05354301891056555,0.190781412,0.191816291,0.191298852,0.03396520193472775,0.0005174394999999943,True
11,0.9281314163454844,-0.04987328938782883,0.189246188,0.190579032,0.18991261,0.03347472964452256,0.0006664219999999998,True
11,0.9281314163454844,-0.046216978602871724,0.188078578,0.189138214,0.188608396,0.0330165367850442,0.0005298180000000013,True
11,0.9281314163454844,-0.0425739866959897,0.186593541,0.187947821,0.187270681,0.03254985460063249,0.0006771399999999927,True
11,0.9281314163454844,-0.03894421906129597,0.185394078,0.186478831,0.185936454,0.03208769802526868,0.0005423765000000108,True
11,0.9281314163454844,-0.035327579003989674,0.183916221,0.185255549,0.184585885,0.03162324622847782,0.0006696640000000004,True
11,0.9281314163454844,-0.03172397087837042,0.182755488,0.18382888,0.183292184,0.031181526002765497,0.0005366960000000032,True
11,0.9281314163454844,-0.028133303158315012,0.181242953,0.182605883,0.181924418,0.030717895726656775,0.0006814649999999922,True
11,0.9281314163454844,-0.02455548119331138,0.180079131,0.181142576,0.180610853,0.03027590688346307,0.0005317224999999981,True
11,0.9281314163454844,-0.020990415437300118,0.178564465,0.179952138,0.179258301,0.02982414657922751,0.000693836500000003,True
11,0.9281314163454844,-0.017438014238520132,0.177429539,0.178520868,0.177975203,0.029398723070785893,0.000545664500000001,True
11,0.9281314163454844,-0.013898186922122403,0.175907725,0.177285251,0.176596488,0.0289450029567584,0.0006887630000000089,True
11,0.9281314163454844,-0.010370846807609819,0.17486894,0.175953058,0.175410999,0.02855769278509982,0.0005420589999999975,True
11,0.9281314163454844,-0.006855904093910463,0.173226647,0.174668136,0.173947391,0.02808311716321408,0.0007207444999999951,True
11,0.9281314163454844,-0.0033532739440519494,0.172242523,0.173357025,0.172799774,0.027713783098835796,0.0005572509999999947,True
11,0.9281314163454844,0.00013713059716995065,0.169955738,0.171570302,0.17076302,0.027064320453371933,0.0008072820000000064,True
11,0.9281314163454844,0.0036153955741068306,0.168896023,0.170149823,0.169522923,0.026672660525798315,0.0006268999999999997,True
11,0.9281314163454844,0.007081603154105141,0.167447454,0.169057638,0.168252546,0.026274397305237944,0.0008050920000000072,True
11,0.9281314163454844,0.01053583762843939,0.166432295,0.167648025,0.16704016,0.025897108002438586,0.0006078649999999991,True
11,0.9281314163454844,0.013978182414484022,0.16499082,0.16656373,0.165777275,0.025507004950956,0.0007864549999999915,True
11,0.9281314163454844,0.01740871711952723,0.163944249,0.165159956,0.164552102,0.025131380297190427,0.0006078535000000052,True
11,0.9281314163454844,0.02082752445862875,0.162719438,0.164222254,0.163470846,0.02480219363440911,0.000751408000000009,True
11,0.9281314163454844,0.024234682390486775,0.16152978,0.162712012,0.162120896,0.024394249645723984,0.0005911159999999888,True
11,0.9281314163454844,0.02763027100451091,0.160302508,0.161809755,0.161056132,0.024074872882446346,0.0007536234999999947,True
11,0.9281314163454844,0.03101436957371474,0.159144164,0.160331144,0.159737654,0.023682310836825572,0.0005934900000000021,True
11,0.9281314163454844,0.03438705366718079,0.157801628,0.159280539,0.158541083,0.02332883838488145,0.0007394554999999997,True
11,0.9281314163454844,0.03774840195025254,0.156814957,0.157973147,0.157394052,0.02299249525977638,0.0005790950000000017,True
11,0.9281314163454844,0.04109848845228469,0.155496498,0.156950018,0.156223258,0.022651702792381063,0.000726759999999993,True
11,0.9281314163454844,0.04443738933710471,0.154571213,0.155702835,0.155137024,0.022337799350452672,0.0005658109999999994,True
11,0.9281314163454844,0.047765180004971805,0.153309845,0.154704224,0.154007035,0.022013575772574172,0.0006971895000000006,True
11,0.9281314163454844,0.05108193225214802,0.152407416,0.153477737,0.152942576,0.02171032249811305,0.0005351605000000065,True
11,0.9281314163454844,0.05438772095739519,0.151163665,0.152538117,0.151850891,0.021401497483652835,0.0006872259999999991,True
11,0.9281314163454844,0.057682616477291136,0.150281946,0.151329495,0.150805721,0.021107903889873977,0.0005237745000000044,True
11,0.9281314163454844,0.06096669130399608,0.149090623,0.15044801,0.149769316,0.020818774738092353,0.0006786934999999938,True
11,0.9281314163454844,0.06424001721470783,0.148266282,0.149330958,0.14879862,0.020549784896460976,0.0005323380000000072,True
11,0.9281314163454844,0.0675026624768561,0.147126918,0.148470031,0.147798475,0.020274463898837806,0.0006715565000000034,True
11,0.9281314163454844,0.07075469842467551,0.1463223,0.147368667,0.146845483,0.020013850783288777,0.0005231835000000101,True
11,0.9281314163454844,0.07399619197797935,0.145235168,0.14656683,0.145900999,0.01975722767362204,0.0006658310000000056,True
11,0.9281314163454844,0.07722721219095156,0.14449021,0.145520065,0.145005138,0.019515345987538575,0.0005149274999999981,True
11,0.9281314163454844,0.08044782744759205,0.143457204,0.144780116,0.14411866,0.019277464154884554,0.0006614559999999908,True
11,0.9281314163454844,0.08365810271112487,0.142734958,0.143750039,0.143242498,0.0190437839353661,0.0005075405000000005,True
11,0.9281314163454844,0.0868581059942308,0.141758934,0.143075824,0.142417379,0.018825020212264964,0.0006584449999999936,True
11,0.9281314163454844,0.09004790099736006,0.141103752,0.142147233,0.141625492,0.018616255745520692,0.0005217405000000064,True
11,0.9281314163454844,0.09322755355208592,0.140147316,0.141460846,0.140804081,0.01840093783473069,0.0006567650000000036,True
11,0.9281314163454844,0.09639712886110981,0.139565681,0.140598551,0.140082116,0.018212722061824095,0.0005164349999999956,True
11,0.9281314163454844,0.09955668879052884,0.138676307,0.139988826,0.139332566,0.018018338603504852,0.000656259500000006,True
11,0.9281314163454844,0.10270629823713756,0.13813294,0.13915652,0.13864473,0.01784087728594005,0.0005117899999999981,True
11,0.9281314163454844,0.10897591053445935,0.136821858,0.137837167,0.137329512,0.01750399686854611,0.0005076545000000099,True
11,0.9281314163454844,0.11520646046890164,0.135605581,0.136613481,0.136109531,0.017194381103664308,0.000503950000000003,True
11,0.9281314163454844,0.1213984308983599,0.134505027,0.135505967,0.135005497,0.016916572614308633,0.0005004700000000029,True
11,0.9281314163454844,0.1275522966520477,0.133441706,0.134488433,0.13396507,0.016656840383377253,0.0005233634999999986,True
11,0.9281314163454844,0.13366852384660685,0.132488563,0.13353121,0.133009886,0.016420157399354745,0.0005213235000000038,True
11,0.9281314163454844,0.13974756922838732,0.131618817,0.132714601,0.132166709,0.01621263574804649,0.0005478919999999943,True
11,0.9281314163454844,0.14578988386245614,0.130861778,0.131955363,0.131408571,0.01602717055532321,0.0005467924999999901,True
11,0.9281314163454844,0.15776607525902345,0.129566655,0.13065273,0.130109692,0.015711902337570343,0.000543037499999996,True
11,0.9281314163454844,0.1696005324036443,0.128361398,0.129889792,0.129125595,0.015475124255477582,0.0007641970000000081,True
11,0.9281314163454844,0.18129657251032472,0.127735643,0.129206513,0.128471078,0.015318639997792373,0.0007354349999999926,True
11,0.9281314163454844,0.19285739524699352,0.127148285,0.128726982,0.127937633,0.015191690233860928,0.000789348499999995,True
11,0.9281314163454844,0.20428609058335284,0.126823178,0.128516962,0.12767007,0.015128214246102646,0.0008468920000000019,True
11,0.9281314163454844,0.2155856461670418,0.126702444,0.128516865,0.127609654,0.01511389969401179,0.0009072105000000052,True
11,0.9281314163454844,0.2267589462904819,0.126637773,0.128726652,0.127682212,0.015131091905872035,0.001044439499999994,True
12,1.0239561947031066,-0.585966577466619,0.346979405,0.349531902,0.348255654,0.12418745576195735,0.0012762484999999935,False
12,1.0239561947031066,-0.561273964700957,0.339826825,0.342210265,0.341018545,0.11907960130895211,0.0011917200000000072,False
12,1.0239561947031066,-0.5491526032182426,0.336394935,0.338697314,0.337546125,0.11666689271753299,0.0011511895000000105,False
12,1.0239561947031066,-0.5371764129549534,0.332895612,0.335121718,0.334008665,0.11423438421690597,0.0011130530000000027,False
12,1.0239561947031066,-0.5253419543819063,0.329334279,0.331630945,0.330482612,0.11183522263829732,0.0011483330000000014,False
12,1.0239561947031066,-0.5136459153855808,0.325995642,0.328215702,0.327105672,0.109561388465839,0.0011100300000000118,False
12,1.0239561947031066,-0.5020850920815787,0.322721388,0.324734151,0.32372777,0.10731027034621517,0.0010063815000000143,True
12,1.0239561947031066,-0.4906563970089389,0.319372925,0.321449197,0.320411061,0.10512266876935406,0.0010381360000000228,True
12,1.0239561947031066,-0.4793568424891126,0.31608216,0.318091013,0.317086587,0.10295255298748551,0.0010044264999999886,True
12,1.0239561947031066,-0.46818354101169024,0.312841863,0.314906313,0.313874088,0.1008770341887174,0.0010322249999999977,True
12,1.0239561947031066,-0.4571337055446736,0.309645356,0.311643173,0.310644265,0.09881162879745738,0.0009989085000000064,True
12,1.0239561947031066,-0.44620463415403755,0.306486485,0.308533148,0.307509816,0.09682763949377218,0.001023331500000002,True
12,1.0239561947031066,-0.43539371875540894,0.303470272,0.305340884,0.304405578,0.0948826029400005,0.0009353059999999969,True
12,1.0239561947031066,-0.42469842880010633,0.30036655,0.302283803,0.301325177,0.09297200960562951,0.0009586265000000038,True
12,1.0239561947031066,-0.41411632016170147,0.297388569,0.299244408,0.298316488,0.0911246541081297,0.0009279195000000129,True
12,1.0239561947031066,-0.40886696386363264,0.29581469,0.298246518,0.297030604,0.09034076720790593,0.0012159140000000124,True
12,1.0239561947031066,-0.40364501947484654,0.294321234,0.296218586,0.29526991,0.08927292429043075,0.0009486760000000094,True
12,1.0239561947031066,-0.39845020368384676,0.292904057,0.295258658,0.294081358,0.08855566895556705,0.0011773005000000059,True
12,1.0239561947031066,-0.39328223311847493,0.291364764,0.293298752,0.292331758,0.0875051017902333,0.0009669939999999988,True
12,1.0239561947031066,-0.3881408332153008,0.289995755,0.292276437,0.291136096,0.08679075888069818,0.0011403409999999892,True
12,1.0239561947031066,-0.3830257321498845,0.288506212,0.290379218,0.289442715,0.08578406543287598,0.0009365030000000052,True
12,1.0239561947031066,-0.377936663707085,0.287086708,0.28902182,0.288054264,0.08496303046893199,0.0009675559999999805,True
12,1.0239561947031066,-0.37287336135255555,0.285824666,0.287457115,0.28664089,0.08413131264107113,0.0008162244999999901,True
12,1.0239561947031066,-0.3678355669286153,0.284174077,0.28613869,0.285156383,0.08326214068097654,0.0009823064999999742,True
12,1.0239561947031066,-0.3628230261524092,0.283035681,0.284529784,0.283782733,0.08246189514193902,0.0007470515000000122,True
12,1.0239561947031066,-0.3578354842480569,0.281342226,0.283332637,0.282337432,0.08162407980647907,0.0009952055000000126,True
12,1.0239561947031066,-0.3528726945165087,0.280231388,0.281764519,0.280997954,0.08085142769616001,0.0007665654999999827,True
12,1.0239561947031066,-0.3479344124903436,0.278580733,0.280593588,0.27958716,0.08004161134237202,0.00100642749999999,True
12,1.0239561947031066,-0.34302039871530987,0.277658501,0.27914352,0.278401011,0.07936389865351072,0.0007425094999999882,True
12,1.0239561947031066,-0.33813041303616653,0.275879952,0.277831315,0.276855633,0.07848526088638208,0.0009756815000000196,True
12,1.0239561947031066,-0.33326422300377945,0.274730399,0.276251673,0.275491036,0.07771347376171828,0.0007606369999999807,True
12,1.0239561947031066,-0.32842159815046057,0.273151769,0.275044529,0.274098149,0.07692961928908362,0.0009463799999999967,True
12,1.0239561947031066,-0.3236023127227085,0.272098673,0.273496468,0.272797571,0.07620129917221134,0.0006988974999999897,True
12,1.0239561947031066,-0.31880614008227975,0.270471963,0.272384383,0.271428173,0.07543818389374769,0.0009562100000000129,True
12,1.0239561947031066,-0.3140328609562762,0.269431314,0.270862643,0.270146978,0.07472769819203935,0.0007156645000000184,True
12,1.0239561947031066,-0.3092822591903183,0.267832685,0.269688438,0.268760562,0.07396264928432843,0.00092787649999998,True
12,1.0239561947031066,-0.30455411762162743,0.266727774,0.268190238,0.267459006,0.07324800998575937,0.0007312320000000261,True
12,1.0239561947031066,-0.29984822621496976,0.265226683,0.267027937,0.26612731,0.07252041255572174,0.0009006269999999872,True
12,1.0239561947031066,-0.2951643765367493,0.264129924,0.265549662,0.264839793,0.07182040623063003,0.0007098690000000019,True
12,1.0239561947031066,-0.29050236440564575,0.262647257,0.264465853,0.263556555,0.07112610426181162,0.0009092979999999751,True
12,1.0239561947031066,-0.2858619844839174,0.261555734,0.262934448,0.262245091,0.07042001486044049,0.0006893570000000016,True
12,1.0239561947031066,-0.28124303826576286,0.260088216,0.261854583,0.260971399,0.06973763339565701,0.0008831834999999955,True
12,1.0239561947031066,-0.2766453286585933,0.258999245,0.260405389,0.259702317,0.06906102603698869,0.000703071999999999,True
12,1.0239561947031066,-0.27206866258859275,0.257543831,0.259260114,0.258401973,0.06837117261302914,0.0008581414999999926,True
12,1.0239561947031066,-0.26751284569472916,0.256454936,0.257821487,0.257138212,0.0677040451033883,0.0006832754999999968,True
12,1.0239561947031066,-0.26297769017457495,0.254944422,0.256677085,0.255810754,0.06700681468569995,0.0008663315000000116,True
12,1.0239561947031066,-0.2584630107634196,0.253981098,0.25524631,0.254613704,0.06638117376710628,0.00063260599999998,True
12,1.0239561947031066,-0.25396862082135946,0.252603296,0.254349272,0.253476284,0.0657894174874099,0.000872988000000019,True
12,1.0239561947031066,-0.24949434007538024,0.251382727,0.252736436,0.252059581,0.06505606602371806,0.0006768545000000181,True
12,1.0239561947031066,-0.24503998937806248,0.249947365,0.251646773,0.250797069,0.06440599457783827,0.0008497039999999928,True
12,1.0239561947031066,-0.2406053932373572,0.248905619,0.250222677,0.249564148,0.06377431000910883,0.0006585290000000049,True
12,1.0239561947031066,-0.23619037468081666,0.247471316,0.249125115,0.248298216,0.06312895148209113,0.0008268995000000057,True
12,1.0239561947031066,-0.23179476286340256,0.24647738,0.247701029,0.247089205,0.0625156745849062,0.0006118244999999967,True
12,1.0239561947031066,-0.2274183879222352,0.244983629,0.246651214,0.245817421,0.061873786386474616,0.0008337924999999996,True
12,1.0239561947031066,-0.2230610834647763,0.243975999,0.245224365,0.244600182,0.06126253017324266,0.0006241830000000004,True
12,1.0239561947031066,-0.21872268152529725,0.242536862,0.244161083,0.243348972,0.060637377411913294,0.0008121105000000045,True
12,1.0239561947031066,-0.21440302004283845,0.241513348,0.242784771,0.242149059,0.06004086620248128,0.0006357115000000108,True
12,1.0239561947031066,-0.21010193904221003,0.240068591,0.241651442,0.240860016,0.0594033311422371,0.0007914254999999981,True
12,1.0239561947031066,-0.20581927691275867,0.239027908,0.240267299,0.239647603,0.05880680120976264,0.0006196954999999893,True
12,1.0239561947031066,-0.2015548777917224,0.237629094,0.239225361,0.238427228,0.058209393861505275,0.0007981334999999923,True
12,1.0239561947031066,-0.19730858657852798,0.236569319,0.237830455,0.237199887,0.057611652614372996,0.000630567999999998,True
12,1.0239561947031066,-0.19308025135304316,0.23515949,0.236716646,0.235938068,0.057000335958458805,0.000778578000000002,True
12,1.0239561947031066,-0.18886971848542367,0.234182185,0.235361284,0.234771734,0.05643817904526429,0.0005895495000000084,True
12,1.0239561947031066,-0.18467683989688377,0.232707871,0.234278137,0.233493004,0.05582505028671768,0.0007851329999999934,True
12,1.0239561947031066,-0.18050146935845457,0.231706161,0.23290724,0.232306701,0.05525923299509136,0.0006005394999999969,True
12,1.0239561947031066,-0.17634345888175787,0.230268039,0.231801298,0.231034669,0.05465572852252508,0.0007666294999999906,True
12,1.0239561947031066,-0.17220266589040434,0.2292404,0.230462364,0.229851382,0.05409730328822974,0.000610981999999996,True
12,1.0239561947031066,-0.1680789483838977,0.227834156,0.229380301,0.228607228,0.0535132457262803,0.0007730724999999994,True
12,1.0239561947031066,-0.16397216728942596,0.226779143,0.22797332,0.227376232,0.05293848496790465,0.0005970885000000092,True
12,1.0239561947031066,-0.15988218171570423,0.225400701,0.226912027,0.226156364,0.05237198130474386,0.0007556629999999898,True
12,1.0239561947031066,-0.1558088560084913,0.224363688,0.225531249,0.224947469,0.05181357993316922,0.0005837804999999918,True
12,1.0239561947031066,-0.15175205499588745,0.222916178,0.224440567,0.223678372,0.05123059077175222,0.0007621945000000074,True
12,1.0239561947031066,-0.14771164630362807,0.221894308,0.223036611,0.222465459,0.05067649361612308,0.0005711514999999917,True
12,1.0239561947031066,-0.14368749568733977,0.220469088,0.221960875,0.221214981,0.05010838978750269,0.0007458934999999972,True
12,1.0239561947031066,-0.1396794739757706,0.219413844,0.220621474,0.220017659,0.04956743624161574,0.0006038150000000075,True
12,1.0239561947031066,-0.13568745354002898,0.218007324,0.219512318,0.218759821,0.04900230356664286,0.0007524970000000047,True
12,1.0239561947031066,-0.13171130484678895,0.216961345,0.218100441,0.217530893,0.048453289102159035,0.000569548000000003,True
12,1.0239561947031066,-0.12775090331957045,0.215526238,0.217000888,0.216263563,0.04789035819919831,0.000737324999999997,True
12,1.0239561947031066,-0.12380612471988234,0.214486554,0.215645923,0.215066238,0.047361544261213535,0.0005796844999999967,True
12,1.0239561947031066,-0.11987684740110005,0.2130213,0.214509646,0.213765473,0.04679037199292235,0.0007441730000000008,True
12,1.0239561947031066,-0.11596294777170173,0.211985049,0.213122144,0.212553597,0.04626134927508924,0.0005685475000000023,True
12,1.0239561947031066,-0.11206430705018135,0.210529817,0.212031706,0.211280762,0.04570895439149573,0.0007509444999999892,True
12,1.0239561947031066,-0.10818080672029183,0.209493826,0.210651099,0.210072462,0.04518763668672407,0.0005786365000000071,True
12,1.0239561947031066,-0.10431233075117008,0.208045085,0.209519556,0.20878232,0.04463430904065756,0.0007372355000000025,True
12,1.0239561947031066,-0.10045876113207915,0.206965699,0.208142857,0.207554278,0.04411078191701378,0.0005885789999999919,True
12,1.0239561947031066,-0.09661998452413524,0.205520391,0.207009218,0.206264805,0.04356439015265487,0.0007444134999999991,True
12,1.0239561947031066,-0.09279588888448718,0.20447626,0.205633155,0.205054707,0.04305472935128423,0.0005784475000000094,True
12,1.0239561947031066,-0.08898636016743498,0.203030707,0.204533979,0.203782343,0.042522078044992584,0.000751636,True
12,1.0239561947031066,-0.08519128890077463,0.20193874,0.203115827,0.202527284,0.0419999192077249,0.0005885434999999967,True
12,1.0239561947031066,-0.08141056576500959,0.200490019,0.201969133,0.201229576,0.04146340864843135,0.0007395570000000018,True
12,1.0239561947031066,-0.07764408375663615,0.199426242,0.200584842,0.200005542,0.04096051772566624,0.0005793000000000048,True
12,1.0239561947031066,-0.073891733842603,0.197970839,0.199465618,0.198718229,0.04043493914128056,0.0007473895000000008,True
12,1.0239561947031066,-0.07015341143871838,0.196892911,0.198034251,0.197463581,0.03992596255079708,0.0005706699999999953,True
12,1.0239561947031066,-0.06642901205663887,0.195427663,0.196900797,0.19616423,0.03940224920907736,0.0007365669999999935,True
12,1.0239561947031066,-0.06271843343588937,0.194332831,0.195495635,0.194914233,0.03890169139191423,0.0005814019999999948,True
12,1.0239561947031066,-0.05902157126382606,0.192854568,0.194382141,0.193618355,0.038386138834413656,0.0007637865000000021,True
12,1.0239561947031066,-0.055338325558930125,0.191777081,0.192961573,0.192369327,0.0378924799047476,0.0005922460000000046,True
12,1.0239561947031066,-0.05166859743650915,0.190319155,0.191827288,0.191073221,0.03738359191559093,0.0007540665000000113,True
12,1.0239561947031066,-0.04801228594516151,0.189218254,0.19038824,0.189803247,0.03688830101570417,0.000584992999999992,True
12,1.0239561947031066,-0.04436929438051945,0.187739984,0.189266727,0.188503355,0.03638476264639867,0.0007633714999999985,True
12,1.0239561947031066,-0.040739526045873234,0.186685188,0.187878132,0.18728166,0.03591466981110312,0.0005964720000000007,True
12,1.0239561947031066,-0.03712288633148889,0.185182925,0.186729199,0.185956062,0.03540805399027588,0.0007731370000000071,True
12,1.0239561947031066,-0.03351927854446957,0.184097904,0.185278652,0.184688278,0.03492690008317471,0.0005903739999999907,True
12,1.0239561947031066,-0.029928610132054098,0.182639539,0.184170834,0.183405187,0.034443288222312345,0.0007656475000000079,True
12,1.0239561947031066,-0.026350788504495258,0.181521067,0.182761946,0.182141507,0.03397028799408589,0.0006204395000000001,True
12,1.0239561947031066,-0.02278572308536219,0.180030935,0.181619755,0.180825345,0.03348112038676082,0.0007944099999999954,True
12,1.0239561947031066,-0.01923332120165164,0.178981502,0.180177343,0.179579422,0.033021326590302595,0.0005979205000000015,True
12,1.0239561947031066,-0.015693494219159027,0.177490677,0.179067838,0.178279257,0.03254490503453933,0.0007885804999999968,True
12,1.0239561947031066,-0.012166154438015882,0.176435257,0.177692956,0.177064106,0.03210276500636219,0.0006288495000000005,True
12,1.0239561947031066,-0.008651212053537138,0.174974182,0.176576646,0.175775414,0.0316371706227861,0.0008012319999999989,True
12,1.0239561947031066,-0.00514858122723812,0.17387412,0.175125068,0.174499594,0.03117957702947801,0.0006254740000000009,True
12,1.0239561947031066,-0.0016581760142896967,0.172403336,0.174032994,0.173218165,0.030723327112967984,0.000814829000000003,True
12,1.0239561947031066,0.001820087635136295,0.170672401,0.172091438,0.17138192,0.03007539816417895,0.0007095185000000059,True
12,1.0239561947031066,0.005286295884481762,0.169288572,0.171051241,0.170169907,0.029651515877444138,0.0008813344999999972,True
12,1.0239561947031066,0.008740531023546981,0.168292649,0.169673745,0.168983197,0.029239397694872465,0.0006905479999999992,True
12,1.0239561947031066,0.012182875483634843,0.166889044,0.168683397,0.16778622,0.0288266355806502,0.0008971765000000131,True
12,1.0239561947031066,0.015613409863188174,0.16590519,0.167285221,0.166595205,0.028418841654328043,0.0006900155000000019,True
12,1.0239561947031066,0.01903221688078125,0.164546389,0.166271877,0.165409133,0.028015627109663155,0.0008627440000000125,True
12,1.0239561947031066,0.022439375469374672,0.163570849,0.164952216,0.164261533,0.02762823370487075,0.0006906835000000111,True
12,1.0239561947031066,0.02583496376118577,0.162217979,0.163946714,0.163082346,0.027232986975533984,0.0008643674999999906,True
12,1.0239561947031066,0.02921906201209594,0.161281761,0.162597763,0.161939762,0.026852725421597702,0.0006580010000000053,True
12,1.0239561947031066,0.03259174675560884,0.159930582,0.161631168,0.160780875,0.026469769131764968,0.000850293000000002,True
12,1.0239561947031066,0.03595309472140985,0.159030545,0.160352841,0.159691693,0.026112354198712388,0.0006611480000000003,True
12,1.0239561947031066,0.039303180906568716,0.157711826,0.159387389,0.158549608,0.025740188497082338,0.0008377814999999955,True
12,1.0239561947031066,0.04264208243488232,0.156810262,0.158106609,0.157458436,0.025387108813493806,0.0006481735000000016,True
12,1.0239561947031066,0.045969872788609575,0.155590872,0.15717419,0.156382531,0.025041356625750102,0.0007916590000000001,True
12,1.0239561947031066,0.049286625673927456,0.154720466,0.155957829,0.155339147,0.024708319572072878,0.0006186814999999957,True
12,1.0239561947031066,0.0525924131172723,0.153492502,0.155056411,0.154274456,0.024370779767984452,0.0007819545000000011,True
12,1.0239561947031066,0.055887309273163245,0.152651313,0.153866968,0.153259141,0.024051056128487562,0.0006078274999999911,True
12,1.0239561947031066,0.059171384731692735,0.151447339,0.152994889,0.152221114,0.023726362944284304,0.0007737750000000043,True
12,1.0239561947031066,0.062444709392854625,0.150634049,0.151830201,0.151232125,0.023419061489421245,0.0005980760000000029,True
12,1.0239561947031066,0.06570735528472324,0.149488581,0.151022804,0.150255693,0.023117626855347715,0.0007671115000000006,True
12,1.0239561947031066,0.06895939092648382,0.148702706,0.14991829,0.149310498,0.022827695229666437,0.0006077920000000098,True
12,1.0239561947031066,0.07220088510438491,0.147615819,0.149139752,0.148377786,0.02254338617935268,0.0007619664999999887,True
12,1.0239561947031066,0.07543190501058177,0.146895186,0.148058577,0.147476882,0.022270464321558388,0.0005816954999999929,True
12,1.0239561947031066,0.08186279584615522,0.145139392,0.146327724,0.145733558,0.021747058056875844,0.0005941659999999932,True
12,1.0239561947031066,0.08825259352824286,0.143476557,0.144654337,0.144065447,0.02125206031927476,0.0005888899999999947,True
12,1.0239561947031066,0.09460182170522768,0.141913537,0.143082643,0.14249809,0.020792153091870866,0.0005845530000000015,True
12,1.0239561947031066,0.10091099048653707,0.140418501,0.1415808,0.14099965,0.020357172042541484,0.0005811495000000028,True
12,1.0239561947031066,0.10718060399168965,0.139043473,0.140200511,0.139621992,0.019961309912021514,0.0005785189999999996,True
12,1.0239561947031066,0.11341115333499321,0.137760657,0.138913903,0.13833728,0.019595657599844784,0.0005766229999999983,True
12,1.0239561947031066,0.11960312406788316,0.136586298,0.137736936,0.137161617,0.019264004475733915,0.0005753190000000047,True
12,1.0239561947031066,0.1318732158589883,0.134450044,0.135598742,0.135024393,0.01866834614587044,0.0005743490000000018,True
12,1.0239561947031066,0.14399457647581027,0.132644526,0.133848053,0.13324629,0.018179905825557962,0.000601763499999991,True
12,1.0239561947031066,0.15597076760499193,0.131140836,0.132410292,0.131775564,0.017780793779751124,0.0006347280000000011,True
12,1.0239561947031066,0.16780522533252035,0.129972808,0.131251671,0.13061224,0.017468239312555547,0.0006394314999999956,True
12,1.0239561947031066,0.17950126517436452,0.128884077,0.130544044,0.129714061,0.017228818267586456,0.0008299834999999922,True
12,1.0239561947031066,0.1910620876522853,0.128158563,0.129945108,0.129051836,0.017053351858068517,0.0008932725000000002,True
12,1.0239561947031066,0.20249078355100636,0.127638293,0.129471052,0.128554673,0.01692221130528913,0.0009163794999999947,True
12,1.0239561947031066,0.22496363954825505,0.12739851,0.129392691,0.128395601,0.016880358535527662,0.0009970905000000058,True
12,1.0239561947031066,0.24694254640590774,0.127522186,0.129960965,0.128741575,0.01697145252247212,0.001219389500000001,True
13,1.1006160157753697,-0.6051361347390777,0.335498672,0.338492036,0.336995354,0.12499241384595586,0.0014966819999999992,False
13,1.1006160157753697,-0.5925573535624372,0.33221398,0.335383452,0.333798716,0.12263237853629698,0.0015847360000000033,False
13,1.1006160157753697,-0.5801348327823828,0.329009611,0.33207647,0.33054304,0.12025187650527833,0.0015334295000000164,False
13,1.1006160157753697,-0.5678647394281322,0.325877107,0.328716784,0.327296946,0.11790160958409944,0.0014198384999999925,False
13,1.1006160157753697,-0.5557433798949595,0.322808656,0.325803675,0.324306165,0.11575672666688709,0.0014975094999999938,False
13,1.1006160157753697,-0.5437671881011426,0.319797054,0.322455918,0.321126486,0.11349796692609675,0.0013294319999999915,False
13,1.1006160157753697,-0.5319327314268364,0.316717685,0.319524868,0.318121277,0.11138360307108544,0.0014035914999999954,False
13,1.1006160157753697,-0.5202366909312949,0.31380425,0.316521458,0.315162854,0.10932157437921536,0.0013586039999999855,True
13,1.1006160157753697,-0.5144395728871438,0.312151479,0.315490812,0.313821146,0.10839275036443848,0.0016696665,True
13,1.1006160157753697,-0.5086758694777921,0.310818631,0.313559813,0.312189222,0.10726835956372772,0.0013705910000000043,True
13,1.1006160157753697,-0.49724717293601794,0.307980328,0.310634723,0.309307525,0.10529719445836921,0.001327197499999988,True
13,1.1006160157753697,-0.4859476169800713,0.305066709,0.307639301,0.306353005,0.10329519445315789,0.0012862959999999923,True
13,1.1006160157753697,-0.4803453627029103,0.303532271,0.306869442,0.305200857,0.10251969979320308,0.001668585499999986,True
13,1.1006160157753697,-0.4747743173031845,0.302284053,0.30477644,0.303530246,0.1014004251698029,0.0012461934999999924,True
13,1.1006160157753697,-0.4692341365811692,0.300714984,0.304046837,0.302380911,0.10063396178996516,0.0016659264999999979,True
13,1.1006160157753697,-0.4637244804276061,0.299521302,0.302032626,0.300776964,0.09956918924526695,0.0012556620000000185,True
13,1.1006160157753697,-0.4582450159054276,0.297918622,0.301149167,0.299533895,0.09874787895605341,0.0016152724999999868,True
13,1.1006160157753697,-0.45279541079410296,0.296774801,0.299209352,0.297992077,0.09773390750631292,0.0012172755000000035,True
13,1.1006160157753697,-0.4473753429847199,0.295139497,0.298455348,0.296797423,0.09695184536456146,0.0016579255000000181,True
13,1.1006160157753697,-0.4419844940134561,0.294041186,0.296492276,0.295266731,0.09595439243884449,0.0012255449999999946,True
13,1.1006160157753697,-0.4366225505392812,0.292464341,0.295679803,0.294072072,0.09517949393189369,0.0016077310000000011,True
13,1.1006160157753697,-0.4312892057739098,0.291405971,0.293607605,0.292506788,0.09416894957458083,0.001100817000000004,True
13,1.1006160157753697,-0.42598415321030736,0.289794446,0.292999613,0.29139703,0.09345575927474598,0.0016025835000000044,True
13,1.1006160157753697,-0.42070709577906906,0.288686415,0.290907901,0.289797158,0.09243236654217343,0.0011107430000000251,True
13,1.1006160157753697,-0.4154577395659904,0.287127247,0.290321086,0.288724166,0.09174916052341982,0.0015969195000000158,True
13,1.1006160157753697,-0.41023579526130954,0.286471066,0.288210293,0.28734068,0.09087199415812862,0.0008696135000000049,True
13,1.1006160157753697,-0.4050409795633927,0.284871184,0.287155851,0.286013517,0.09003449748671885,0.001142333500000009,True
13,1.1006160157753697,-0.3998730090803455,0.283824053,0.285592566,0.284708309,0.08921463684760389,0.0008842564999999858,True
13,1.1006160157753697,-0.39473160925865164,0.282349772,0.284566897,0.283458334,0.08843298584729266,0.0011085624999999932,True
13,1.1006160157753697,-0.3896165082738842,0.281329374,0.283045663,0.282187519,0.08764182867776406,0.000858144499999991,True
13,1.1006160157753697,-0.38452743992056443,0.279815686,0.282044736,0.280930211,0.08686257886138202,0.001114525000000005,True
13,1.1006160157753697,-0.37946413764500975,0.278819338,0.280485755,0.279652546,0.08607427698306605,0.0008332084999999878,True
13,1.1006160157753697,-0.3744263432992508,0.277342627,0.279507047,0.278424837,0.08532018262738986,0.0010822100000000001,True
13,1.1006160157753697,-0.3694138011630628,0.276292793,0.277984853,0.277138823,0.08453383359801346,0.0008460299999999976,True
13,1.1006160157753697,-0.36442625934249084,0.274850014,0.276952717,0.275901365,0.08378061161353202,0.0010513515000000195,True
13,1.1006160157753697,-0.35946347112645416,0.273820406,0.275464343,0.274642374,0.08301774206099825,0.0008219684999999921,True
13,1.1006160157753697,-0.35452518917536596,0.272407736,0.274520951,0.273464343,0.08230708893347502,0.0010566075000000008,True
13,1.1006160157753697,-0.34961117406547526,0.27139508,0.273061772,0.272228426,0.08156479940637555,0.0008333459999999848,True
13,1.1006160157753697,-0.3447211884668215,0.269940187,0.27206273,0.271001458,0.0808312105632964,0.0010612714999999884,True
13,1.1006160157753697,-0.33985499991888657,0.268942499,0.27063024,0.26978637,0.08010799049598959,0.0008438705000000102,True
13,1.1006160157753697,-0.3350123751377194,0.267580538,0.269643874,0.268612206,0.07941221602224044,0.0010316680000000134,True
13,1.1006160157753697,-0.3301930883993278,0.266593971,0.268169436,0.267381703,0.07868631340958746,0.0007877324999999991,True
13,1.1006160157753697,-0.32539691583628616,0.265187166,0.267258522,0.266222844,0.07800572280750938,0.001035678000000012,True
13,1.1006160157753697,-0.32062363678693273,0.264210119,0.265806346,0.265008232,0.07729556172606168,0.0007981135000000028,True
13,1.1006160157753697,-0.31587303510590764,0.262823232,0.264838516,0.263830874,0.07661028192696273,0.001007642000000003,True
13,1.1006160157753697,-0.3111448936123815,0.261853277,0.263406529,0.262629903,0.07591440190389112,0.0007766260000000025,True
13,1.1006160157753697,-0.3064390022801829,0.260483532,0.262505937,0.261494734,0.07525956834889606,0.0010112025000000024,True
13,1.1006160157753697,-0.3017551526757257,0.25951843,0.26103036,0.260274395,0.07455876737113137,0.0007559649999999973,True
13,1.1006160157753697,-0.2970931392806,0.258163236,0.260132201,0.259147718,0.07391466382298599,0.0009844824999999946,True
13,1.1006160157753697,-0.2924527607771718,0.257200919,0.258731873,0.257966396,0.07324232140501245,0.0007654770000000144,True
13,1.1006160157753697,-0.28783381463070973,0.255857861,0.257775493,0.256816677,0.07259091534455656,0.0009588160000000012,True
13,1.1006160157753697,-0.2832361050945748,0.254896416,0.256387733,0.255642075,0.07192841596053624,0.000745658499999996,True
13,1.1006160157753697,-0.2786594377822833,0.253563237,0.255488018,0.254525628,0.07130153237156447,0.0009623904999999933,True
13,1.1006160157753697,-0.27410362227948365,0.25260089,0.254109918,0.253355404,0.07064739822202151,0.0007545139999999839,True
13,1.1006160157753697,-0.26956846682840535,0.251275476,0.253151551,0.252213514,0.07001200809264128,0.0009380374999999885,True
13,1.1006160157753697,-0.2650537861907653,0.25036519,0.251781719,0.251073455,0.06938050011460685,0.0007082644999999999,True
13,1.1006160157753697,-0.26055939632235176,0.249044904,0.250873951,0.249959428,0.0687661757011745,0.0009145234999999863,True
13,1.1006160157753697,-0.25608511564936154,0.248075218,0.249509788,0.248792503,0.06812561046944696,0.0007172850000000119,True
13,1.1006160157753697,-0.251630766310505,0.246758877,0.248595489,0.247677183,0.06751617454040006,0.0009183060000000076,True
13,1.1006160157753697,-0.24719616896378993,0.245835641,0.247235183,0.246535412,0.06689512156680504,0.0006997710000000018,True
13,1.1006160157753697,-0.2427811504782808,0.244520881,0.246364134,0.245442508,0.06630333724423902,0.0009216265000000085,True
13,1.1006160157753697,-0.23838553873127472,0.243588903,0.245005394,0.244297148,0.06568597066997556,0.000708245499999996,True
13,1.1006160157753697,-0.2340091638599006,0.242274106,0.244073615,0.243173861,0.06508330652629626,0.0008997545000000023,True
13,1.1006160157753697,-0.22965185947989317,0.241332217,0.242764719,0.242048468,0.06448229774739105,0.0007162510000000011,True
13,1.1006160157753697,-0.22531345760896554,0.24006478,0.241822186,0.240943483,0.0638949002334001,0.0008787029999999946,True
13,1.1006160157753697,-0.22099379619446746,0.23911128,0.240510608,0.239810944,0.06329564437755764,0.0006996639999999887,True
13,1.1006160157753697,-0.2166927140274125,0.237839139,0.239556278,0.238697709,0.06270935439217004,0.0008585695000000032,True
13,1.1006160157753697,-0.21241005320668985,0.236920256,0.238240626,0.237580441,0.06212368322178483,0.0006601850000000076,True
13,1.1006160157753697,-0.208145654151852,0.235594864,0.23732003,0.236457447,0.06153777941650094,0.0008625830000000001,True
13,1.1006160157753697,-0.20389936300429481,0.23466134,0.235998466,0.235329903,0.06095229462479043,0.000668562999999997,True
13,1.1006160157753697,-0.19967102663091327,0.233375403,0.235108076,0.234241739,0.06038991180675081,0.0008663364999999951,True
13,1.1006160157753697,-0.19546049383292677,0.232425824,0.233778869,0.233102347,0.059803846861553815,0.0006765224999999986,True
13,1.1006160157753697,-0.19126761652422059,0.231175611,0.232870843,0.232023227,0.059251418726672785,0.0008476159999999955,True
13,1.1006160157753697,-0.1870922448514036,0.230252849,0.23153281,0.23089283,0.058675489564308764,0.0006399804999999981,True
13,1.1006160157753697,-0.18293423444258053,0.228946906,0.230649996,0.229798451,0.05812059103735297,0.0008515449999999952,True
13,1.1006160157753697,-0.17879344151853982,0.228005063,0.229301537,0.2286533,0.05754277150201826,0.000648236999999996,True
13,1.1006160157753697,-0.17466972526964492,0.226730283,0.228398236,0.227564259,0.056995941851632384,0.0008339764999999999,True
13,1.1006160157753697,-0.17056294305832262,0.225768169,0.227080524,0.226424346,0.056426364794880196,0.0006561775000000075,True
13,1.1006160157753697,-0.1664729575502402,0.2245213,0.226155625,0.225338462,0.05588644439544382,0.000817162499999996,True
13,1.1006160157753697,-0.16239963190813303,0.223537778,0.224865477,0.224201628,0.05532397187452466,0.0006638495000000078,True
13,1.1006160157753697,-0.15834283096010765,0.222274605,0.22395894,0.223116772,0.054789869281656925,0.0008421675000000045,True
13,1.1006160157753697,-0.15430242233957106,0.221309713,0.222611661,0.221960687,0.054223550200750426,0.0006509739999999986,True
13,1.1006160157753697,-0.15027827178679515,0.220028891,0.221681041,0.220854966,0.053684654957281384,0.0008260749999999956,True
13,1.1006160157753697,-0.14627025013823022,0.219079978,0.220397218,0.219738598,0.05314330094951453,0.0006586199999999987,True
13,1.1006160157753697,-0.14227822861966705,0.217780193,0.219480623,0.218630408,0.05260862592778822,0.0008502150000000014,True
13,1.1006160157753697,-0.13830207999297814,0.216844733,0.218137794,0.217491263,0.05206183348456281,0.0006465304999999921,True
13,1.1006160157753697,-0.13434167967556834,0.21556356,0.217233198,0.216398379,0.05153993122313874,0.0008348190000000005,True
13,1.1006160157753697,-0.1303969011368823,0.214600269,0.215908753,0.215254511,0.050996497742153576,0.0006542419999999993,True
13,1.1006160157753697,-0.12646762275126552,0.213335049,0.21497538,0.214155215,0.05047695371932786,0.0008201654999999974,True
13,1.1006160157753697,-0.12255372318632174,0.212342984,0.213628894,0.212985939,0.049927255562791574,0.0006429550000000006,True
13,1.1006160157753697,-0.11865508365473587,0.211053622,0.21270363,0.211878626,0.049409461891537144,0.0008250040000000042,True
13,1.1006160157753697,-0.11477158338393911,0.210106565,0.211370985,0.210738775,0.04887927219002168,0.000632210000000008,True
13,1.1006160157753697,-0.11090310636350705,0.20879152,0.210451333,0.209621427,0.04836232536033276,0.0008299064999999911,True
13,1.1006160157753697,-0.10704953680687068,0.207812517,0.209129745,0.208471131,0.04783300588293761,0.0006586140000000018,True
13,1.1006160157753697,-0.10321076026090263,0.206543487,0.208177044,0.207360265,0.04732459506944354,0.0008167785000000038,True
13,1.1006160157753697,-0.09938666469001313,0.205567327,0.206864108,0.206215718,0.0468036106082952,0.0006483904999999984,True
13,1.1006160157753697,-0.09557713603396852,0.204268701,0.205913173,0.205090937,0.04629443271918274,0.000822236000000004,True
13,1.1006160157753697,-0.09178206482785357,0.203293322,0.204570805,0.203932063,0.045772733991822925,0.000638741499999998,True
13,1.1006160157753697,-0.08800134175217701,0.201999107,0.203654839,0.202826973,0.045278001212037906,0.0008278659999999965,True
13,1.1006160157753697,-0.08423485872270234,0.201022219,0.202316474,0.201669347,0.04476263175665958,0.0006471274999999971,True
13,1.1006160157753697,-0.08048250995571685,0.199695127,0.201362581,0.200528854,0.044257774531477515,0.0008337270000000063,True
13,1.1006160157753697,-0.0767441876105538,0.198749257,0.200025942,0.199387599,0.0437554460610548,0.0006383424999999998,True
13,1.1006160157753697,-0.07301978828675937,0.197422021,0.199101681,0.198261851,0.043262751919357446,0.0008398299999999997,True
13,1.1006160157753697,-0.06930920865913637,0.196435698,0.197730011,0.197082855,0.04274974397865628,0.0006471565000000096,True
13,1.1006160157753697,-0.06561234761624087,0.195139913,0.196798548,0.19596923,0.04226799044979831,0.0008293174999999958,True
13,1.1006160157753697,-0.061929101968323394,0.194145496,0.195457719,0.194801608,0.041765809488513994,0.0006561115000000006,True
13,1.1006160157753697,-0.058259372849436664,0.19284422,0.194516766,0.193680493,0.041286454771518266,0.0008362729999999985,True
13,1.1006160157753697,-0.054603061418080134,0.191872831,0.193203349,0.19253809,0.040800843980058434,0.0006652590000000014,True
13,1.1006160157753697,-0.050960069912993115,0.190563457,0.19225067,0.191407064,0.04032289932708287,0.0008436065000000104,True
13,1.1006160157753697,-0.047330302685938505,0.189579144,0.190895552,0.190237348,0.039831567195516594,0.0006582039999999956,True
13,1.1006160157753697,-0.04371366198864493,0.188259257,0.189962013,0.189110635,0.03936114596596383,0.0008513779999999999,True
13,1.1006160157753697,-0.04011005425987525,0.18729249,0.188596026,0.187944258,0.038877108079096646,0.000651767999999997,True
13,1.1006160157753697,-0.036519385905291746,0.185959486,0.187678764,0.186819125,0.038413023816371364,0.0008596389999999954,True
13,1.1006160157753697,-0.03294156536864202,0.185007371,0.186331591,0.185669481,0.03794170780032076,0.0006621099999999935,True
13,1.1006160157753697,-0.02937649897979387,0.183658628,0.185395534,0.184527081,0.03747624347184519,0.0008684530000000051,True
13,1.1006160157753697,-0.025824097152665208,0.182718346,0.184064022,0.183391184,0.03701627704941969,0.000672837999999995,True
13,1.1006160157753697,-0.022284270226354725,0.181383125,0.183138899,0.182261012,0.036561447619954855,0.0008778869999999939,True
13,1.1006160157753697,-0.0187569294887574,0.180451803,0.181819838,0.18113582,0.03611141540750928,0.0006840175000000087,True
13,1.1006160157753697,-0.015241988178583972,0.179126857,0.180871174,0.179999016,0.03565956902997023,0.0008721584999999976,True
13,1.1006160157753697,-0.011739357407269252,0.178170083,0.179529895,0.178849989,0.035205755114678126,0.000679905999999994,True
13,1.1006160157753697,-0.00824895224892185,0.176852309,0.178650151,0.17775123,0.034774513069451056,0.000898920999999997,True
13,1.1006160157753697,-0.004770687655536055,0.175930676,0.177315247,0.176622961,0.03433445441270858,0.0006922855000000006,True
13,1.1006160157753697,-0.0013044794634911139,0.174616825,0.176406802,0.175511813,0.033903812146997975,0.0008949884999999991,True
13,1.1006160157753697,0.00214975462081601,0.173159225,0.174757931,0.173958578,0.03330638716065364,0.0007993530000000026,True
13,1.1006160157753697,0.005592099027818893,0.171942781,0.173883489,0.172913135,0.03290726570733748,0.0009703540000000066,True
13,1.1006160157753697,0.009022634339158328,0.171053665,0.172585698,0.171819682,0.03249238945448326,0.000766016500000008,True
13,1.1006160157753697,0.012441441301029582,0.169802981,0.171739877,0.170771429,0.0320971338537005,0.0009684480000000106,True
13,1.1006160157753697,0.01584859885000383,0.168940119,0.170438904,0.169689511,0.031691721042573735,0.0007493925000000012,True
13,1.1006160157753697,0.019244188064679885,0.167683537,0.169650375,0.168666956,0.031310921001623325,0.0009834189999999993,True
13,1.1006160157753697,0.022628286261015665,0.16684439,0.16837443,0.16760941,0.03091951143100047,0.0007650199999999913,True
13,1.1006160157753697,0.02600097095032168,0.16561015,0.167547153,0.166578651,0.03054038514695268,0.0009685014999999964,True
13,1.1006160157753697,0.02936231886227941,0.164792353,0.166293312,0.165542832,0.030161753709956822,0.0007504794999999981,True
13,1.1006160157753697,0.03271240498759787,0.163577603,0.165487485,0.164532544,0.02979472997582713,0.0009549410000000008,True
13,1.1006160157753697,0.03605130646280608,0.162747624,0.16425296,0.163500292,0.02942204757902462,0.000752667999999998,True
13,1.1006160157753697,0.039379096763781235,0.16158104,0.163466529,0.162523785,0.029071650188594648,0.0009427444999999951,True
13,1.1006160157753697,0.04269584959669594,0.160799633,0.162185701,0.161492667,0.028703935262670736,0.0006930339999999952,True
13,1.1006160157753697,0.04600163793675063,0.159647547,0.161416633,0.16053209,0.02836348217826747,0.0008845430000000015,True
13,1.1006160157753697,0.04929653308590694,0.158849954,0.160244483,0.159547218,0.02801652712415974,0.0006972645000000027,True
13,1.1006160157753697,0.05258060849308167,0.157519007,0.159300543,0.158409775,0.02761848058556578,0.0008907680000000001,True
13,1.1006160157753697,0.0558539340426891,0.156925944,0.158299445,0.157612695,0.0273412407047284,0.0006867504999999996,True
13,1.1006160157753697,0.05911657988081062,0.155827934,0.157592713,0.156710323,0.027029066060860488,0.000882389499999997,True
13,1.1006160157753697,0.062368614529636546,0.155088435,0.156442854,0.155765644,0.026704175787049048,0.0006772094999999978,True
13,1.1006160157753697,0.06561010865752573,0.153998939,0.155749835,0.154874387,0.026399459124538713,0.0008754480000000009,True
13,1.1006160157753697,0.0688411294413763,0.153271004,0.15464092,0.153955962,0.026087283134747688,0.0006849579999999994,True
13,1.1006160157753697,0.07206174434252076,0.152221132,0.153928093,0.153074613,0.025789455240937023,0.0008534804999999895,True
13,1.1006160157753697,0.07527202017258211,0.151504057,0.152859245,0.152181651,0.02548944685755926,0.0006775940000000036,True
13,1.1006160157753697,0.07847202217726156,0.150493423,0.152224826,0.151359125,0.02521465585843735,0.0008657015000000101,True
13,1.1006160157753697,0.08166181774557787,0.149820415,0.151162806,0.15049161,0.02492644850411066,0.0006711954999999992,True
13,1.1006160157753697,0.08484147086190273,0.148849427,0.150541414,0.14969542,0.02466339477014155,0.000845993500000003,True
13,1.1006160157753697,0.08801104582086759,0.148187748,0.149519299,0.148853524,0.024386758058391206,0.0006657754999999932,True
13,1.1006160157753697,0.09432021449578282,0.146642196,0.147964746,0.147303471,0.02388151032835381,0.0006612750000000028,True
13,1.1006160157753697,0.10058982790181203,0.145152816,0.146432733,0.145792775,0.02339418031021178,0.0006399585000000096,True
13,1.1006160157753697,0.10682037714131981,0.14372355,0.145033649,0.144378599,0.02294253879375061,0.0006550494999999906,True
13,1.1006160157753697,0.11301234777756254,0.142359832,0.143666359,0.143013095,0.0225106190894069,0.0006532635000000009,True
13,1.1006160157753697,0.11916621373549756,0.141068822,0.142373423,0.141721122,0.022105736663754424,0.0006523004999999943,True
13,1.1006160157753697,0.12528244024956534,0.139859691,0.141163871,0.140511781,0.0217300790045626,0.0006520899999999941,True
13,1.1006160157753697,0.13740380066498578,0.137651172,0.138958744,0.138304958,0.021052870858902284,0.0006537860000000034,True
13,1.1006160157753697,0.14937999159756105,0.135659937,0.137021347,0.136340642,0.020459098703041273,0.0006807049999999898,True
13,1.1006160157753697,0.16121444998421855,0.133999185,0.135327055,0.13466312,0.019958742403047944,0.0006639350000000044,True
13,1.1006160157753697,0.1729104896286504,0.132510299,0.133905946,0.133208123,0.01952977526931042,0.0006978234999999999,True
13,1.1006160157753697,0.18447131191369706,0.131332532,0.132746735,0.132039633,0.01918865105633187,0.0007071015000000014,True
13,1.1006160157753697,0.19590000762392734,0.130336977,0.131768448,0.131052712,0.01890287461075616,0.0007157355000000087,True
13,1.1006160157753697,0.20719956276701657,0.129401651,0.13127684,0.130339245,0.018697615738256932,0.0009375944999999997,True
13,1.1006160157753697,0.21837286325676086,0.128908971,0.130833116,0.129871044,0.018563526899340918,0.0009620724999999941,True
13,1.1006160157753697,0.24035176976584235,0.128340447,0.130439099,0.129389773,0.01842619785222531,0.0010493260000000032,True
13,1.1006160157753697,0.2618579755556557,0.128358396,0.130736306,0.129547351,0.01847110606092841,0.0011889549999999915,True
13,1.1006160157753697,0.2829113845450493,0.12896771,0.131777106,0.130372408,0.018707131642920625,0.001404697999999996,True
14,1.3470225874426425,-0.7398875437076636,0.34023012,0.345276166,0.342753143,0.15824783241437196,0.0025230229999999854,False
14,1.3470225874426425,-0.7117166672066784,0.334330318,0.339307915,0.336819117,0.15281582985602182,0.0024887985,False
14,1.3470225874426425,-0.6843176914766826,0.328612316,0.333393549,0.331002932,0.1475837562636731,0.002390616499999998,False
14,1.3470225874426425,-0.6576494448640416,0.323041283,0.327636249,0.325338766,0.14257602693118523,0.002297482999999989,False
14,1.3470225874426425,-0.6316739589062231,0.317697294,0.3221131,0.319905197,0.13785339591992996,0.0022079029999999833,False
14,1.3470225874426425,-0.6063561513451035,0.312432988,0.316580585,0.314506787,0.13324009141205434,0.0020737985000000014,False
14,1.3470225874426425,-0.5816635373682476,0.307325585,0.311318719,0.309322152,0.1288833821089139,0.0019965670000000046,False
14,1.3470225874426425,-0.5695421779351754,0.304820115,0.308784531,0.306802323,0.1267920913946137,0.0019822079999999853,True
14,1.3470225874426425,-0.5575659862151424,0.302341823,0.306188376,0.304265099,0.12470364746572425,0.0019232764999999874,True
14,1.3470225874426425,-0.5457315296365355,0.29997509,0.303620663,0.301797876,0.12268945467807718,0.0018227865000000065,True
14,1.3470225874426425,-0.5340354892110916,0.297538751,0.301244958,0.299391854,0.12074101921569157,0.0018531035000000085,True
14,1.3470225874426425,-0.5224746661629873,0.295203015,0.298800897,0.297001956,0.11882108047793322,0.0017989409999999983,True
14,1.3470225874426425,-0.5110459713740753,0.292797652,0.296293176,0.294545414,0.11686363984243894,0.001747761999999986,True
14,1.3470225874426425,-0.4997464154832974,0.290483231,0.293879066,0.292181148,0.11499508019915336,0.0016979175000000069,True
14,1.3470225874426425,-0.4885731142624798,0.288250831,0.291698431,0.289974631,0.11326478035355923,0.0017237999999999976,True
14,1.3470225874426425,-0.4775232790789649,0.285945243,0.289369452,0.287657348,0.11146174109672177,0.0017121045000000057,True
14,1.3470225874426425,-0.46659420793348455,0.283785512,0.287113704,0.285449608,0.10975739227703213,0.0016640960000000038,True
14,1.3470225874426425,-0.45578329280657626,0.281896736,0.28458216,0.283239448,0.10806432793301533,0.001342711999999996,True
14,1.3470225874426425,-0.44508800308571456,0.279715511,0.282327976,0.281021743,0.10637871119528501,0.0013062325000000041,True
14,1.3470225874426425,-0.4345058931637819,0.27759191,0.280133751,0.278862831,0.10475050905815969,0.0012709204999999946,True
14,1.3470225874426425,-0.4240345942455259,0.275456018,0.277993375,0.276724697,0.10315035319997222,0.0012686784999999812,True
14,1.3470225874426425,-0.4136718066270903,0.27336937,0.27583975,0.27460456,0.10157582717644681,0.0012351899999999971,True
14,1.3470225874426425,-0.4034153073858364,0.271266081,0.273672388,0.272469234,0.10000226112298331,0.0012031534999999982,True
14,1.3470225874426425,-0.3932629353472398,0.269204738,0.271607475,0.270406106,0.09849356711398373,0.001201368499999994,True
14,1.3470225874426425,-0.3832125989306513,0.267123134,0.26952205,0.268322592,0.09698160324803524,0.0011994580000000143,True
14,1.3470225874426425,-0.37326226897801174,0.265133029,0.26747146,0.266302244,0.0955266461408356,0.001169215499999987,True
14,1.3470225874426425,-0.3634099719796457,0.263062308,0.26545152,0.264256914,0.09406489957578744,0.001194605999999987,True
14,1.3470225874426425,-0.35365379648971024,0.261074782,0.263458341,0.262266561,0.09265326357726449,0.0011917794999999898,True
14,1.3470225874426425,-0.34399188645444223,0.259058892,0.26143683,0.260247861,0.09123242433564076,0.001188969000000012,True
14,1.3470225874426425,-0.3344224349009327,0.257116245,0.259437537,0.258276891,0.08985577165543282,0.0011606459999999874,True
14,1.3470225874426425,-0.3249436918031215,0.25514096,0.25745719,0.256299075,0.08848485749576267,0.0011581149999999873,True
14,1.3470225874426425,-0.3155539509229828,0.253230129,0.255492739,0.254361434,0.08715200997815052,0.0011313049999999991,True
14,1.3470225874426425,-0.30625155774019,0.251283091,0.253541331,0.252412211,0.08582140107022569,0.0011291199999999835,True
14,1.3470225874426425,-0.2970349034701991,0.24939272,0.251600296,0.250496508,0.08452364752885781,0.0011037879999999944,True
14,1.3470225874426425,-0.2879024193930519,0.247463144,0.249622286,0.248542715,0.0832102744538454,0.0010795710000000014,True
14,1.3470225874426425,-0.27885258469013074,0.245583296,0.247739482,0.246661389,0.08195533385072222,0.0010780930000000022,True
14,1.3470225874426425,-0.26988391419996566,0.243661698,0.245815136,0.244738417,0.08068246745951155,0.0010767189999999899,True
14,1.3470225874426425,-0.2609949662842954,0.241783607,0.243892001,0.242837804,0.07943419010841632,0.0010541969999999928,True
14,1.3470225874426425,-0.2521843373992938,0.239902971,0.242009295,0.240956133,0.07820794019054562,0.0010531620000000103,True
14,1.3470225874426425,-0.24345065693818557,0.238058535,0.240122287,0.239090411,0.07700150177314968,0.001031876000000001,True
14,1.3470225874426425,-0.23479259371120625,0.236166634,0.238229278,0.237197956,0.07578735716964496,0.0010313220000000012,True
14,1.3470225874426425,-0.22620885079805883,0.234305988,0.236367461,0.235336725,0.074602655926915,0.001030736500000004,True
14,1.3470225874426425,-0.2176981606519918,0.232434536,0.234456907,0.233445722,0.07340856214249501,0.0010111854999999975,True
14,1.3470225874426425,-0.20925929276876976,0.230588344,0.232610445,0.231599394,0.0722519737702294,0.0010110504999999992,True
14,1.3470225874426425,-0.20089104262569335,0.228727113,0.230749144,0.229738128,0.07109532340086022,0.0010110154999999899,True
14,1.3470225874426425,-0.19259223934624936,0.226885718,0.228871739,0.227878729,0.06994915221786739,0.0009930105000000022,True
14,1.3470225874426425,-0.18436174095505453,0.224989922,0.226976981,0.225983452,0.0687904507256249,0.0009935294999999927,True
14,1.3470225874426425,-0.17619842985642054,0.22314515,0.225133303,0.224139226,0.06767224963195313,0.0009940765000000101,True
14,1.3470225874426425,-0.1681012191717391,0.221277964,0.223267516,0.22227274,0.06654988120221894,0.0009947760000000028,True
14,1.3470225874426425,-0.1600690482032375,0.219387256,0.221378533,0.220382894,0.06542302813756486,0.0009956384999999929,True
14,1.3470225874426425,-0.15210087810697798,0.217538414,0.219498434,0.218518424,0.06432073484936593,0.0009800099999999895,True
14,1.3470225874426425,-0.14419569931493295,0.215661735,0.217624585,0.21664316,0.06322150669451425,0.000981425000000008,True
14,1.3470225874426425,-0.13635252141171644,0.213756175,0.215754453,0.214755314,0.06212447279784955,0.00099913900000001,True
14,1.3470225874426425,-0.12857038053432654,0.211884234,0.213853853,0.212869043,0.06103794360301174,0.0009848095000000029,True
14,1.3470225874426425,-0.12084833514023245,0.20997941,0.211953037,0.210966224,0.05995159440350826,0.0009868135000000028,True
14,1.3470225874426425,-0.11318546196395589,0.20807156,0.210049645,0.209060602,0.058873420875029336,0.0009890425000000092,True
14,1.3470225874426425,-0.10558086326591083,0.206188861,0.208141368,0.207165115,0.057810686817850655,0.0009762534999999961,True
14,1.3470225874426425,-0.09803365720436884,0.204267574,0.206256057,0.205261815,0.056753311566441096,0.0009942414999999927,True
14,1.3470225874426425,-0.09054298505541275,0.202366132,0.204360649,0.20336339,0.05570836646579266,0.0009972585000000006,True
14,1.3470225874426425,-0.08310800724097467,0.200451809,0.202423568,0.201437689,0.05465832754827293,0.0009858794999999948,True
14,1.3470225874426425,-0.07572789952786475,0.198522409,0.200501817,0.199512113,0.05361834621086168,0.000989703999999994,True
14,1.3470225874426425,-0.06840185902637001,0.196604538,0.198621083,0.19761281,0.05260234020291878,0.0010082725000000042,True
14,1.3470225874426425,-0.06112910035683827,0.194666583,0.196691939,0.195679261,0.05157799756248483,0.001012678000000003,True
14,1.3470225874426425,-0.05390885197802086,0.192734597,0.194769585,0.193752091,0.050567056546699886,0.0010174939999999938,True
14,1.3470225874426425,-0.04674036314771828,0.190833604,0.192851086,0.191842345,0.04957512604299243,0.0010087410000000074,True
14,1.3470225874426425,-0.03962289497755006,0.188904375,0.19096135,0.189932863,0.048593156157145524,0.0010284874999999943,True
14,1.3470225874426425,-0.03255572735880565,0.186999847,0.18904173,0.188020789,0.04761969613569882,0.0010209414999999972,True
14,1.3470225874426425,-0.02553815533590765,0.185061734,0.187144818,0.186103276,0.04665335862138078,0.0010415419999999925,True
14,1.3470225874426425,-0.01856948562799007,0.18314216,0.18526729,0.184204725,0.045706336242618245,0.0010625650000000014,True
14,1.3470225874426425,-0.011649043408713762,0.18126485,0.183351717,0.182308284,0.044770060852293354,0.0010434334999999961,True
14,1.3470225874426425,-0.004776163732895809,0.179345211,0.18150363,0.180424421,0.04384958815910148,0.0010792094999999974,True
14,1.3470225874426425,0.002049801720280297,0.176242595,0.178661577,0.177452086,0.04241672134775332,0.001209490999999993,True
14,1.3470225874426425,0.008829488092053191,0.174490773,0.176875981,0.175683377,0.041575379294693134,0.0011926039999999999,True
14,1.3470225874426425,0.015563520652584768,0.172766449,0.175093339,0.173929894,0.040749599318629766,0.001163444999999999,True
14,1.3470225874426425,0.022252509177513043,0.171013261,0.17333752,0.17217539,0.039931629139857726,0.0011621294999999976,True
14,1.3470225874426425,0.028897051293841347,0.169335293,0.171578951,0.170457122,0.039138590495770335,0.0011218290000000047,True
14,1.3470225874426425,0.03549773569590366,0.167622944,0.169868315,0.168745629,0.038356585781399076,0.001122685499999998,True
14,1.3470225874426425,0.04205513564911032,0.165926965,0.168176302,0.167051634,0.03759034695531383,0.001124668499999995,True
14,1.3470225874426425,0.04856981703764298,0.164298505,0.166473594,0.165386049,0.03684449621360547,0.0010875444999999956,True
14,1.3470225874426425,0.05504233190585934,0.162654834,0.16483837,0.163746602,0.03611764883680067,0.0010917680000000068,True
14,1.3470225874426425,0.061473221653722175,0.161047549,0.163214911,0.16213123,0.035408557389166796,0.0010836809999999891,True
14,1.3470225874426425,0.06786302011187338,0.159474952,0.161628385,0.160551669,0.03472198358282874,0.001076716500000005,True
14,1.3470225874426425,0.07421224721688852,0.157963107,0.16004996,0.159006534,0.034056876950342554,0.0010434264999999998,True
14,1.3470225874426425,0.0805214167663605,0.156428452,0.158505516,0.157466984,0.033400571439289144,0.0010385320000000087,True
14,1.3470225874426425,0.08679103013171056,0.154952598,0.157022091,0.155987344,0.03277582295338819,0.0010347465000000028,True
14,1.3470225874426425,0.09302157931855777,0.153507567,0.155571778,0.154539673,0.03217028113002229,0.0010321054999999912,True
14,1.3470225874426425,0.0992135499151997,0.152121876,0.154183047,0.153152461,0.03159532579379353,0.0010305855000000003,True
14,1.3470225874426425,0.10536741583402005,0.150709735,0.152770401,0.151740068,0.031015260051716696,0.0010303329999999944,True
14,1.3470225874426425,0.11148364229719163,0.149387308,0.151449682,0.150418495,0.030477360797708512,0.0010311870000000029,True
14,1.3470225874426425,0.12360500262476995,0.146875594,0.148918106,0.14789685,0.029464069255110744,0.0010212559999999982,True
14,1.3470225874426425,0.1355811943448029,0.144517851,0.146547911,0.145532881,0.028529695200016792,0.00101503,True
14,1.3470225874426425,0.14741565178634491,0.142341939,0.144399406,0.143370673,0.02768825117187788,0.0010287335000000036,True
14,1.3470225874426425,0.15911169134885375,0.140354385,0.142414005,0.141384195,0.026926295344012217,0.001029810000000006,True
14,1.3470225874426425,0.17067251355386048,0.138571155,0.140638281,0.139604718,0.02625276612419715,0.0010335630000000012,True
14,1.3470225874426425,0.18210121001938714,0.136979797,0.139058807,0.138019302,0.025659874720589382,0.00103950500000001,True
14,1.3470225874426425,0.19340076507664794,0.135570112,0.137664183,0.136617148,0.02514115976451609,0.0010470355000000015,True
14,1.3470225874426425,0.20457406548247106,0.134332686,0.136488025,0.135410356,0.024698958360273665,0.001077669500000003,True
14,1.3470225874426425,0.22655297262646076,0.132434602,0.134626147,0.133530375,0.024017899073429383,0.0010957724999999946,True
14,1.3470225874426425,0.24805917747423076,0.131069265,0.133823176,0.132446221,0.023629472191774345,0.0013769554999999989,True
14,1.3470225874426425,0.2586412866240636,0.13063338,0.133493698,0.132063539,0.023493122357406734,0.0014301590000000003,True
14,1.3470225874426425,0.2638906428053031,0.130487642,0.133400907,0.131944274,0.02345070880292027,0.001456632500000013,True
14,1.3470225874426425,0.26911258631441937,0.130358663,0.133325681,0.131842172,0.0234144292769332,0.001483508999999994,True
14,1.3470225874426425,0.28973187392257316,0.130212122,0.133468588,0.131840355,0.023413783903390148,0.0016282329999999928,True
14,1.3470225874426425,0.309934580895799,0.130574221,0.134313404,0.132443813,0.0236286129864099,0.0018695915000000035,True
14,1.3470225874426425,0.3297372085802996,0.13112297,0.135299608,0.133211289,0.0239032492252154,0.0020883189999999913,True
14,1.3470225874426425,0.3491552941055031,0.132117613,0.136729247,0.13442343,0.02434023819127941,0.0023058170000000017,True
15,1.8480492830084605,-0.7994855986529803,0.319059389,0.329372607,0.324215998,0.19425957312105904,0.005156608999999979,False
15,1.8480492830084605,-0.7704980609535236,0.314533642,0.324232352,0.319382997,0.18851118886981236,0.004849355,False
15,1.8480492830084605,-0.742327185307342,0.309989898,0.319298237,0.314644067,0.1829585217457045,0.004654169499999999,False
15,1.8480492830084605,-0.7149282103243231,0.305514907,0.314539242,0.310027074,0.17762855858523457,0.004512167499999997,False
15,1.8480492830084605,-0.6882599624890945,0.301175663,0.309853777,0.30551472,0.1724955232033402,0.004339057000000007,False
15,1.8480492830084605,-0.6622844773106028,0.297023312,0.305372872,0.301198092,0.16765556804281634,0.004174780000000017,True
15,1.8480492830084605,-0.6369666685991062,0.292885468,0.299646467,0.296265968,0.16220979771643332,0.0033804995000000226,True
15,1.8480492830084605,-0.6122740571616232,0.288957007,0.296710995,0.292834001,0.15847346406212878,0.0038769939999999947,True
15,1.8480492830084605,-0.5881765048798497,0.285076694,0.292619837,0.288848265,0.15418888756263188,0.003771571499999987,True
15,1.8480492830084605,-0.5646460067996272,0.281293535,0.288635862,0.284964698,0.1500706186090593,0.0036711635000000187,True
15,1.8480492830084605,-0.5416564896542073,0.27758933,0.284740947,0.281165139,0.1460953838095058,0.0035758084999999995,True
15,1.8480492830084605,-0.5191836331528048,0.27400245,0.280971802,0.277487126,0.14229814096447516,0.003484675999999992,True
15,1.8480492830084605,-0.4972047258129178,0.270511696,0.277307556,0.273909626,0.13865263851297696,0.0033979299999999935,True
15,1.8480492830084605,-0.47569852160641074,0.267098784,0.273730054,0.270414419,0.13513667815838373,0.003315635000000011,True
15,1.8480492830084605,-0.45464511180515166,0.263794713,0.270269186,0.267031949,0.13177711635913925,0.0032372364999999903,True
15,1.8480492830084605,-0.43402582556707775,0.260400613,0.267036555,0.263718584,0.12852719188840572,0.003317971000000003,True
15,1.8480492830084605,-0.4138231176630439,0.25717921,0.263705059,0.260442135,0.12535337817451828,0.003262924500000014,True
15,1.8480492830084605,-0.3940204898033505,0.254062129,0.260442059,0.257252094,0.12230138795739565,0.003189964999999989,True
15,1.8480492830084605,-0.37460240485882174,0.25103056,0.257233984,0.254132272,0.11935295802460513,0.0031017120000000065,True
15,1.8480492830084605,-0.3555542093392922,0.24799246,0.253062785,0.250527622,0.11599113038658175,0.002535162500000007,True
15,1.8480492830084605,-0.3368620771991776,0.245014861,0.25097189,0.247993376,0.11365635140992837,0.0029785144999999874,True
15,1.8480492830084605,-0.31851293799622726,0.242049506,0.248068047,0.245058777,0.11098238976553135,0.003009270500000008,True
15,1.8480492830084605,-0.30049443197789333,0.23908845,0.244897368,0.241992909,0.10822281571657816,0.002904458999999998,True
15,1.8480492830084605,-0.2827948557077631,0.236189763,0.241931923,0.239060843,0.10561617666825313,0.002871079999999998,True
15,1.8480492830084605,-0.26540311249261234,0.233277347,0.238958184,0.236117765,0.10303170246352665,0.002840418499999997,True
15,1.8480492830084605,-0.24830867864709127,0.230406693,0.236031014,0.233218854,0.10051731112904544,0.0028121605000000077,True
15,1.8480492830084605,-0.23150156112118753,0.227507759,0.233080961,0.23029436,0.0980122034225653,0.0027866009999999997,True
15,1.8480492830084605,-0.21497225869470984,0.224604693,0.23013188,0.227368286,0.0955373794114491,0.0027635935000000084,True
15,1.8480492830084605,-0.1987117385828237,0.221690621,0.227204674,0.224447648,0.09309871060580203,0.0027570264999999955,True
15,1.8480492830084605,-0.1827113967716854,0.21875907,0.224263681,0.221511376,0.09067876954447321,0.0027523054999999963,True
15,1.8480492830084605,-0.16696303935337073,0.215830357,0.221302904,0.218566631,0.08828385011794307,0.002736273499999997,True
15,1.8480492830084605,-0.15145885354461203,0.212870724,0.218342315,0.215606519,0.08590873505158995,0.002735795499999999,True
15,1.8480492830084605,-0.13619138097309233,0.209874433,0.215349327,0.21261188,0.08353887146348982,0.002737447000000004,True
15,1.8480492830084605,-0.12115350318097681,0.20686047,0.212318424,0.209589447,0.08118062156187864,0.0027289770000000074,True
15,1.8480492830084605,-0.10633841809303497,0.20384574,0.209364963,0.206605352,0.07888540936911786,0.002759611499999995,True
15,1.8480492830084605,-0.09173961825279318,0.200797863,0.206334131,0.203565997,0.07658152701300998,0.0027681340000000054,True
15,1.8480492830084605,-0.0773508814739994,0.197756408,0.203315165,0.200535786,0.07431856540689095,0.0027793784999999988,True
15,1.8480492830084605,-0.06316624607117867,0.194688852,0.200299002,0.197493927,0.07208103924820548,0.002805075000000004,True
15,1.8480492830084605,-0.049180003696987266,0.191609531,0.197435535,0.194522533,0.06992836610161031,0.002913001999999998,True
15,1.8480492830084605,-0.03538668221216414,0.188553842,0.194262397,0.191408119,0.0677071072842635,0.002854277500000002,True
15,1.8480492830084605,-0.02178102976437781,0.18548874,0.191268443,0.188378592,0.06558078965255205,0.0028898514999999986,True
15,1.8480492830084605,-0.008358010059076076,0.182448067,0.188307057,0.185377562,0.06350791883390675,0.002929495000000004,True
15,1.8480492830084605,0.004887217075726049,0.177731325,0.183612089,0.180671707,0.06032451574168019,0.0029403820000000053,True
15,1.8480492830084605,0.0179592990178662,0.175140743,0.180752542,0.177946643,0.05851849487802862,0.0028058995000000003,True
15,1.8480492830084605,0.030862703249342552,0.172578602,0.178043295,0.175310948,0.05679781450749901,0.0027323464999999963,True
15,1.8480492830084605,0.04360172939497829,0.169389071,0.174783946,0.172086508,0.054727699458943686,0.0026974374999999967,True
15,1.8480492830084605,0.05618051196083903,0.167484736,0.172757291,0.170121013,0.053484688257929125,0.002636277500000006,True
15,1.8480492830084605,0.08087312432063286,0.162298598,0.168518704,0.165408651,0.05056266871796946,0.0031100530000000015,True
15,1.8480492830084605,0.10497067568009559,0.157533079,0.163725795,0.160629437,0.04768302761628927,0.0030963580000000074,True
15,1.8480492830084605,0.12850117288090576,0.153194268,0.159263952,0.15622911,0.04510632720819721,0.003034841999999996,True
15,1.8480492830084605,0.1514906917651638,0.149426516,0.155163375,0.152294946,0.042863194124366025,0.0028684294999999915,True
15,1.8480492830084605,0.1739635474071405,0.145761814,0.151444627,0.14860322,0.04081031891817787,0.0028414065000000044,True
15,1.8480492830084605,0.19594245392496787,0.142445189,0.148144713,0.145294951,0.039013471303700135,0.0028497620000000057,True
15,1.8480492830084605,0.21744865895353457,0.139564929,0.145292437,0.142428683,0.03748939791322664,0.002863753999999996,True
15,1.8480492830084605,0.2280307685889609,0.138252653,0.144051477,0.141152065,0.036820359188557326,0.002899412000000004,True
15,1.8480492830084605,0.23328012462515474,0.137651894,0.143458718,0.140555306,0.03650968101966977,0.002903412000000008,True
15,1.8480492830084605,0.23850206796698653,0.137083342,0.142898805,0.139991074,0.036217147301594296,0.0029077314999999965,True
15,1.8480492830084605,0.259121355764597,0.135010742,0.141005591,0.138008166,0.03519841583189045,0.002997424500000012,True
15,1.8480492830084605,0.2793240628969014,0.133171848,0.138533949,0.135852899,0.034107616355774556,0.00268105049999999,True
15,1.8480492830084605,0.2991266900151294,0.132036176,0.138402903,0.13521954,0.033790331854450115,0.0031833634999999944,True
15,1.8480492830084605,0.3185447757011236,0.131320753,0.137770994,0.134545873,0.03345448205777358,0.0032251204999999977,True
15,1.8480492830084605,0.33759297122065307,0.130702885,0.137837621,0.134270253,0.033317558052343516,0.0035673680000000013,True
15,1.8480492830084605,0.3562851040610406,0.130434109,0.137669286,0.134051698,0.03320918270604143,0.0036175885000000046,True
15,1.8480492830084605,0.3746342425637181,0.130337384,0.136932123,0.133634754,0.03300292144499315,0.003297369499999994,True
15,1.8480492830084605,0.3926527479067887,0.130333005,0.138856644,0.134594825,0.03347883006170482,0.0042618195,True
15,1.8480492830084605,0.41035232551559875,0.130749056,0.13975812,0.135253588,0.03380735066792759,0.0045045320000000055,True
15,1.8480492830084605,0.46164561943875776,0.133910375,0.139419166,0.13666477,0.03451649576724557,0.0027543955000000064,True
16,2.8446269650902916,-0.6449810605894065,0.266780629,0.295274253,0.281027441,0.2246584613201273,0.014246811999999998,True
16,2.8446269650902916,-0.6208835085111685,0.263936338,0.291690387,0.277813362,0.21954906044798703,0.013877024500000001,True
16,2.8446269650902916,-0.5973530106250141,0.261139995,0.288241846,0.27469092,0.21464161646713356,0.013550925500000005,True
16,2.8446269650902916,-0.5743634937219897,0.258430091,0.28486772,0.271648905,0.20991392057431696,0.013218814500000009,True
16,2.8446269650902916,-0.5518906373963313,0.255791232,0.281641717,0.268716474,0.20540636966266712,0.012925242500000017,True
16,2.8446269650902916,-0.5299117302245473,0.252592918,0.279227306,0.265910112,0.20113841728125964,0.013317194000000004,True
16,2.8446269650902916,-0.5084055245698521,0.2501286,0.27610173,0.263115165,0.1969323586468456,0.012986565000000005,True
16,2.8446269650902916,-0.48735211658436,0.247695619,0.273084912,0.260390265,0.19287449843416538,0.012694646500000004,True
16,2.8446269650902916,-0.46673282894970597,0.24532487,0.270163172,0.257744021,0.188974202679956,0.012419151000000003,True
16,2.8446269650902916,-0.44653012121754504,0.242967939,0.267324388,0.255146163,0.18518397657419325,0.012178224500000015,True
16,2.8446269650902916,-0.4267274935229841,0.240654941,0.264524489,0.252589715,0.1814916497214454,0.011934773999999981,True
16,2.8446269650902916,-0.4073094087855928,0.238137809,0.261821664,0.249979736,0.17776036472582124,0.011841927500000002,True
16,2.8446269650902916,-0.3882612134179405,0.236027866,0.259172894,0.24760038,0.17439255330228834,0.011572513999999992,True
16,2.8446269650902916,-0.36956908002353217,0.233769901,0.25657057,0.245170236,0.17098610239652962,0.011400334499999998,True
16,2.8446269650902916,-0.35121994098698023,0.231498056,0.253978609,0.242738332,0.1676108193791607,0.011240276500000007,True
16,2.8446269650902916,-0.3332014365245302,0.229239559,0.251450264,0.240344911,0.1643218002992143,0.011105352499999985,True
16,2.8446269650902916,-0.31550185905791134,0.226960717,0.248949811,0.237955264,0.1610704810611647,0.010994546999999993,True
16,2.8446269650902916,-0.29811011599148696,0.22468741,0.246499056,0.235593233,0.15788866274011124,0.010905822999999995,True
16,2.8446269650902916,-0.28101568228965024,0.222415347,0.244039025,0.233227186,0.15473325701938784,0.01081183899999999,True
16,2.8446269650902916,-0.2725768147901794,0.221275228,0.242785536,0.232030382,0.15314930580659245,0.010755154000000003,True
16,2.8446269650902916,-0.26420856494455025,0.220140608,0.241593096,0.230866852,0.15161720446212873,0.01072624400000001,True
16,2.8446269650902916,-0.24767926265172657,0.21783414,0.239132536,0.228483338,0.1485027145390243,0.010649197999999999,True
16,2.8446269650902916,-0.23141874144935304,0.215494582,0.236703981,0.226099282,0.14541984886316478,0.010604699500000009,True
16,2.8446269650902916,-0.21541839978281369,0.213144629,0.234254873,0.223699751,0.1423496238540256,0.010555122,True
16,2.8446269650902916,-0.19967004372557903,0.210780991,0.231829928,0.22130546,0.13931875355292098,0.010524468499999995,True
16,2.8446269650902916,-0.18416585687027545,0.208377484,0.229401844,0.218889664,0.13629371573803847,0.010512179999999996,True
16,2.8446269650902916,-0.16889838442982544,0.205977551,0.226967686,0.216472619,0.13330034257663156,0.010495067499999997,True
16,2.8446269650902916,-0.15386050793119527,0.203532548,0.224524608,0.214028578,0.13030733254123453,0.01049602999999999,True
16,2.8446269650902916,-0.13904542183732077,0.201083944,0.222069824,0.211576884,0.12733909413889935,0.010492940000000006,True
16,2.8446269650902916,-0.12444662211638288,0.198584948,0.21962167,0.209103309,0.12437902080916304,0.01051836099999999,True
16,2.8446269650902916,-0.1100578843730635,0.195866889,0.217176385,0.206521637,0.12132671535083624,0.010654748000000006,True
16,2.8446269650902916,-0.08188700793352896,0.191026006,0.212279995,0.201653,0.11567371863725041,0.0106269945,True
16,2.8446269650902916,-0.06809368551870923,0.188457394,0.209841777,0.199149585,0.11281949047776127,0.010692191500000003,True
16,2.8446269650902916,-0.054488033188081264,0.185899705,0.207431188,0.196665447,0.1100224849519709,0.010765741499999995,True
16,2.8446269650902916,-0.04106501363034048,0.183327552,0.205024106,0.194175829,0.10725453355304466,0.010848277000000003,True
16,2.8446269650902916,-0.02781978660613046,0.18075488,0.202635924,0.191695402,0.10453186877463617,0.010940521999999994,True
16,2.8446269650902916,-0.01474770477171,0.178175807,0.200281425,0.189228616,0.10185889219126111,0.01105280900000001,True
16,2.8446269650902916,-0.0018442996755824227,0.175301347,0.197956022,0.186628685,0.09907911404928253,0.011327337500000006,True
16,2.8446269650902916,0.010894725366314915,0.173448734,0.195622778,0.184535756,0.09686934859101712,0.011087022000000002,True
16,2.8446269650902916,0.02347350783283064,0.171480838,0.193283149,0.182381993,0.0946213711179155,0.010901155499999995,True
16,2.8446269650902916,0.04816612092351416,0.167606001,0.188688692,0.178147346,0.09027843792928045,0.010541345499999993,True
16,2.8446269650902916,0.07226367204877686,0.163826476,0.184261679,0.174044077,0.08616756467427714,0.010217601500000006,True
16,2.8446269650902916,0.09579416902628006,0.15865366,0.182399496,0.170526578,0.0827198001742904,0.011872917999999996,True
16,2.8446269650902916,0.11878368772595557,0.155128357,0.178328774,0.166728565,0.0790761191518981,0.0116002085,True
16,2.8446269650902916,0.14125654316361408,0.151756022,0.174471245,0.163113633,0.07568430794628339,0.011357611500000003,True
16,2.8446269650902916,0.16323545033539805,0.148259587,0.171234176,0.159746882,0.07259222414571756,0.011487294499999995,True
16,2.8446269650902916,0.1847416551587743,0.145361837,0.167614987,0.156488412,0.06966099758054818,0.011126575,True
16,2.8446269650902916,0.19532376470807936,0.144071232,0.166072521,0.155071876,0.0684055602584908,0.011000644500000004,True
16,2.8446269650902916,0.20057312070188899,0.14337178,0.165330965,0.154351373,0.06777137804428426,0.010979592499999996,True
16,2.8446269650902916,0.20579506478958523,0.142671892,0.164596278,0.153634085,0.0671429593457722,0.010962193000000009,True
16,2.8446269650902916,0.22641435161023934,0.14001858,0.161843413,0.150930997,0.06480107406153984,0.010912416499999994,True
16,2.8446269650902916,0.2466170593424003,0.13757488,0.159411458,0.148493169,0.0627246539245508,0.010918288999999998,True
16,2.8446269650902916,0.2664196862708436,0.135333319,0.157235441,0.14628438,0.06087251330326125,0.010951060999999998,True
16,2.8446269650902916,0.2858377725257371,0.133265948,0.155397336,0.144331642,0.05925819617791297,0.011065694000000001,True
16,2.8446269650902916,0.3235781005364131,0.129630042,0.152606299,0.14111817,0.05664886259406163,0.0114881285,True
