mat,T,k,bid,ask,mid,w,half_spread,in_cone,iv_rough,iv_classic
1,0.1040383288648205,-0.161203573781056,0.263922336,0.264951746,0.264437041,0.0072750828804571,0.000514705,True,0.2599193995895276,0.25991939024487487
1,0.1040383288648205,-0.1595271282252781,0.262798845,0.263814489,0.263306667,0.007213019047775,0.0005078219999999,True,0.25906616595932563,0.2590661568043809
1,0.1040383288648205,-0.158689957610996,0.262230097,0.263238983,0.26273454,0.0071817074249544,0.0005044429999999,True,0.25863852891772826,0.25863851985894554
1,0.1040383288648205,-0.1578534872651481,0.261656737,0.262658947,0.262157842,0.0071502145663998,0.000501105,True,0.2582101557956321,0.25821014683375865
1,0.1040383288648205,-0.1561826426995728,0.260496352,0.261731569,0.26111396,0.0070933852922876,0.0006176085,True,0.25735106541019315,0.2573510566441808
1,0.1040383288648205,-0.1545145863665452,0.259318014,0.260294299,0.259806157,0.0070225080475866,0.0004881425,True,0.256488688583691,0.2564886800156706
1,0.1040383288648205,-0.1528493066474492,0.258122033,0.259804125,0.258963079,0.0069770055392474,0.000841046,True,0.25562292909593937,0.2556229207272819
1,0.1040383288648205,-0.1511867954751302,0.256908701,0.258569528,0.257739114,0.0069112090575356,0.0008304134999999,True,0.25475380585801405,0.25475379768920614
1,0.1040383288648205,-0.1503565763825332,0.256532615,0.257945987,0.257239301,0.0068844303296779,0.0007066859999999,True,0.25431801771171814,0.25431800964279827
1,0.1040383288648205,-0.1495270448206675,0.255913799,0.257085236,0.256499518,0.0068448900171392,0.0005857184999999,True,0.25388144027261217,0.25388143230343474
1,0.1040383288648205,-0.1478700432150479,0.254663645,0.256280609,0.255472127,0.0067901663700715,0.0008084819999999,True,0.2530060329893604,0.2530060252189865
1,0.1040383288648205,-0.1462157827223471,0.253626292,0.254539676,0.254082984,0.0067165233679612,0.000456692,True,0.25212783841629777,0.25212783084349366
1,0.1040383288648205,-0.1445642554440449,0.252340586,0.253915767,0.253128177,0.0066661387739544,0.0007875905,True,0.25124712947536937,0.2512471220987853
1,0.1040383288648205,-0.1429154500578948,0.251262285,0.252816083,0.252039184,0.0066089048214611,0.000776899,True,0.25036416181254467,0.2503641546309201
1,0.1040383288648205,-0.1420920657051954,0.250825852,0.252148684,0.251487268,0.0065799921219552,0.0006614159999999,True,0.249921899547065,0.24992189246253957
1,0.1040383288648205,-0.1412693599082972,0.250162515,0.251477478,0.250819997,0.0065451210676888,0.0006574815,True,0.24947914729561252,0.2494791403080203
1,0.1040383288648205,-0.1396259737693085,0.249041672,0.25033918,0.249690426,0.0064863017438649,0.000648754,True,0.24859222445936063,0.2485922176653815
1,0.1040383288648205,-0.1379852839178858,0.247900129,0.248967974,0.248434052,0.0064211913696228,0.0005339225,True,0.24770344673953124,0.24770344013939732
1,0.1040383288648205,-0.1363472826670539,0.246738242,0.248002105,0.247370173,0.0063663136789567,0.0006319315,True,0.2468127743123818,0.2468127679070285
1,0.1040383288648205,-0.1347119589330605,0.245556347,0.247010912,0.246283629,0.0063105099562808,0.0007272824999999,True,0.24592007589689488,0.24592006968795566
1,0.1040383288648205,-0.1338952988303547,0.245061696,0.246300504,0.2456811,0.0062796706010383,0.000619404,True,0.24547290503602276,0.2454728989260694
1,0.1040383288648205,-0.1330793051171956,0.244354761,0.245790866,0.245072814,0.0062486132106796,0.0007180524999999,True,0.24502514530250752,0.24502513929217773
1,0.1040383288648205,-0.1314493136560419,0.243337181,0.244753358,0.24404527,0.0061963245503013,0.0007080884999999,True,0.24412771973001748,0.24412771392097946
1,0.1040383288648205,-0.1298219736053797,0.242094554,0.243294131,0.242694342,0.0061279141294115,0.0005997885,True,0.24322750296298554,0.24322749735815924
1,0.1040383288648205,-0.1281972774883616,0.241031247,0.242410903,0.241721075,0.0060788636425482,0.000689828,True,0.24232419631463728,0.24232419091705948
1,0.1040383288648205,-0.1265752178626764,0.23994431,0.241305513,0.240624912,0.0060238554752229,0.0006806015,True,0.24141752312367382,0.2414175179362018
1,0.1040383288648205,-0.1257651730711091,0.239392112,0.240744266,0.240068189,0.0059960134757761,0.000676077,True,0.240962848626728,0.24096284354529407
1,0.1040383288648205,-0.1249557839210429,0.238834161,0.240177381,0.239505771,0.005967952150822,0.00067161,True,0.240507249734096,0.24050724475928778
1,0.1040383288648205,-0.1233389683060652,0.237701194,0.239026881,0.238364038,0.0059111888666173,0.0006628434999999,True,0.23959320653708815,0.23959320177708618
1,0.1040383288648205,-0.1217247636941467,0.236545781,0.237668065,0.237106923,0.0058490029022016,0.000561142,True,0.23867529614561955,0.23867529160197734
1,0.1040383288648205,-0.1201131594124115,0.235368272,0.236660164,0.236014218,0.0057952169758915,0.000645946,True,0.2377534936497409,0.23775348932353443
1,0.1040383288648205,-0.118504148220563,0.234351825,0.235626028,0.234988926,0.0057449752277049,0.0006371014999999,True,0.23682784491701903,0.23682784080875427
1,0.1040383288648205,-0.1177006135531783,0.23374297,0.23500919,0.23437608,0.0057150487619532,0.00063311,True,0.23636360888410912,0.23636360488485197
1,0.1040383288648205,-0.1168977229113855,0.233128801,0.234387131,0.233757966,0.0056849442095031,0.000629165,True,0.23589845226027523,0.235898448370017
1,0.1040383288648205,-0.115293872943935,0.232062766,0.233304297,0.232683532,0.005632804297722,0.0006207654999999,True,0.23496545473663943,0.23496545106414665
1,0.1040383288648205,-0.1136925911927188,0.230971341,0.232022015,0.231496678,0.0055754881113567,0.000525337,True,0.23402901099554993,0.2340290075404402
1,0.1040383288648205,-0.1120938705646249,0.229854945,0.23106418,0.230459562,0.0055256431183013,0.0006046175,True,0.23308927520211709,0.23308927196402374
1,0.1040383288648205,-0.1104977006482257,0.228713971,0.22990767,0.22931082,0.0054706944896135,0.0005968495,True,0.23214637408932964,0.232146371068071
1,0.1040383288648205,-0.1097005700838773,0.228049364,0.229404881,0.228727122,0.0054428792357783,0.0006777585,True,0.23167376537630602,0.2316737624634886
1,0.1040383288648205,-0.1089040744305921,0.227548789,0.228895076,0.228221932,0.0054188623940803,0.0006731435,True,0.23120039315269328,0.2312003903483919
1,0.1040383288648205,-0.1073129849304932,0.226526447,0.227689156,0.227107802,0.0053660841122604,0.0005813545,True,0.23025136177141184,0.23025135918463416
1,0.1040383288648205,-0.1057244218636585,0.225311783,0.226296483,0.225804133,0.005304654967151,0.00049235,True,0.22929924421333692,0.22929924184513467
1,0.1040383288648205,-0.1041383783275365,0.224236384,0.225369668,0.224803026,0.0052577226547339,0.0005666419999999,True,0.22834394300677016,0.22834394085870774
1,0.1040383288648205,-0.1025548474506073,0.223133984,0.224252635,0.22369331,0.0052059424080813,0.0005593254999999,True,0.22738530252633865,0.2273853006004425
1,0.1040383288648205,-0.1017640208057218,0.222572788,0.223684266,0.223128527,0.0051796875682426,0.0005557389999999,True,0.2269046673316001,0.22690466551767574
1,0.1040383288648205,-0.1009738190734536,0.222004993,0.223266654,0.222635824,0.0051568376890606,0.0006308304999999,True,0.22642311793439043,0.22642311623309594
1,0.1040383288648205,-0.0993952864017669,0.220849793,0.222095595,0.221472694,0.0051030960722415,0.000622901,True,0.22545715428842272,0.22545715281443593
1,0.1040383288648205,-0.0978192426716204,0.219668739,0.220745691,0.220207215,0.0050449452372798,0.0005384759999999,True,0.22448716210489467,0.22448716086106926
1,0.1040383288648205,-0.0962456778461987,0.218614463,0.219828813,0.219221638,0.0049998871764466,0.000607175,True,0.2235128935595847,0.22351289254879697
1,0.1040383288648205,-0.094674585237353,0.217531148,0.218729944,0.218130546,0.0049502409734482,0.000599398,True,0.2225341237024585,0.22253412292743094
1,0.1040383288648205,-0.0938899646874151,0.216904064,0.218095658,0.217499861,0.0049216569041858,0.0005957969999999,True,0.22204299028481164,0.22204298962861754
1,0.1040383288648205,-0.0931059581866812,0.216419222,0.217602877,0.217011049,0.0048995597720776,0.0005918275,True,0.22155066284738123,0.22155066231060072
1,0.1040383288648205,-0.0915397867777711,0.215279082,0.21644799,0.215863536,0.0048478808947904,0.0005844539999999,True,0.22056236488790026,0.2205623645914982
1,0.1040383288648205,-0.090757619948767,0.214625738,0.215932625,0.215279182,0.0048216694811465,0.0006534434999999,True,0.2200663709713495,0.22006637079583377
1,0.1040383288648205,-0.0899760655207468,0.214111097,0.215121644,0.21461637,0.0047920248069388,0.0005052735,True,0.21956913764675967,0.21956913759250085
1,0.1040383288648205,-0.0891951203497654,0.21358866,0.214592708,0.214090684,0.0047685781781183,0.0005020239999999,True,0.21907065986650004,0.219070659933832
1,0.1040383288648205,-0.0884147845782675,0.212915604,0.214198289,0.213556947,0.0047448312876855,0.0006413424999999,True,0.21857093762182836,0.21857093781104403
1,0.1040383288648205,-0.0876350572559223,0.212378661,0.213511955,0.212945308,0.0047176912860847,0.000566647,True,0.21806997289692903,0.21806997320826635
1,0.1040383288648205,-0.0868559374346197,0.211834078,0.213100627,0.212467352,0.0046965373252673,0.0006332744999999,True,0.21756777003881914,0.2175677704724775
1,0.1040383288648205,-0.0860774241684645,0.211281908,0.212540553,0.21191123,0.004671983627774,0.0006293225,True,0.21706433537696848,0.21706433593309488
1,0.1040383288648205,-0.0852995176028123,0.210722201,0.211973047,0.211347624,0.0046471651564908,0.000625423,True,0.21655967750585528,0.2165596781845942
1,0.1040383288648205,-0.0845222146172429,0.210155004,0.211398156,0.21077658,0.0046220865618899,0.0006215759999999,True,0.216053803997275,0.21605380479873593
1,0.1040383288648205,-0.0837455153623537,0.209580363,0.210815923,0.210198143,0.0045967524635212,0.0006177799999999,True,0.21554672515974677,0.21554672608400788
1,0.1040383288648205,-0.0829694189010378,0.208998323,0.210226389,0.209612356,0.0045711674062958,0.0006140329999999,True,0.21503845072131955,0.2150384517684657
1,0.1040383288648205,-0.0821939242983691,0.208544857,0.209494263,0.20901956,0.0045453489086484,0.0004747029999999,True,0.21452899004502776,0.21452899121514343
1,0.1040383288648205,-0.0814190306215946,0.207947323,0.209025575,0.208486449,0.0045221923647427,0.000539126,True,0.21401835165147107,0.21401835294463378
1,0.1040383288648205,-0.0806447380241133,0.207342521,0.20854803,0.207945276,0.0044987461198732,0.0006027544999999,True,0.21350654348301834,0.21350654489932475
1,0.1040383288648205,-0.0798710434086894,0.206863924,0.20792889,0.207396407,0.0044750286919943,0.000532483,True,0.2129935696161855,0.21299357115576847
1,0.1040383288648205,-0.0790979469338752,0.206243905,0.207434674,0.20683929,0.0044510189606694,0.0005953845,True,0.21247943418745852,0.2124794358504605
1,0.1040383288648205,-0.078325447675544,0.20561673,0.206800582,0.206208656,0.0044239188405358,0.000591926,True,0.21196413820493348,0.2119641399915381
1,0.1040383288648205,-0.0775535447117095,0.205113473,0.206289902,0.205701688,0.0044021929987158,0.0005882145,True,0.211447680000481,0.21144768191089752
1,0.1040383288648205,-0.0767822371225188,0.204471322,0.205641012,0.205056167,0.0043746069422922,0.000584845,True,0.210930055030274,0.21093005706477755
1,0.1040383288648205,-0.0760115250692204,0.203951587,0.205114057,0.204532822,0.004352305665914,0.0005812349999999,True,0.21041125647089243,0.21041125862978333
1,0.1040383288648205,-0.0752414054774279,0.203423284,0.204578639,0.204000961,0.0043296998863147,0.0005776774999999,True,0.20989127225031415,0.20989127453394935
1,0.1040383288648205,-0.0744718785134562,0.202886465,0.203780033,0.203333249,0.0043014033397928,0.000446784,True,0.20937008941707141,0.20937009182585384
1,0.1040383288648205,-0.0737029432659201,0.202341184,0.203356017,0.2028486,0.0042809228093388,0.0005074164999999,True,0.20884769131479555,0.2088476938491849
1,0.1040383288648205,-0.0729345988255355,0.201661138,0.202796256,0.202228697,0.0042547978869392,0.000567559,True,0.20832405845398527,0.20832406111447382
1,0.1040383288648205,-0.0721668442851127,0.201099829,0.202228213,0.201664021,0.0042310700187909,0.0005641919999999,True,0.20779916872040177,0.20779917150754132
1,0.1040383288648205,-0.07139967981356,0.200530186,0.2017763,0.201153243,0.0042096641121864,0.0006230569999999,True,0.2072729983781374,0.20727300129251425
1,0.1040383288648205,-0.0706331023590133,0.199952253,0.201191094,0.200571673,0.0041853575167919,0.0006194204999999,True,0.20674551943525876,0.20674552247749137
1,0.1040383288648205,-0.0698671120953618,0.199366067,0.200597735,0.199981901,0.0041607799927874,0.0006158339999999,True,0.2062167044222519,0.20621670759299332
1,0.1040383288648205,-0.069101708123729,0.198894353,0.199996259,0.199445306,0.0041384813909546,0.000550953,True,0.20568652383640168,0.20568652713633465
1,0.1040383288648205,-0.0683368895473008,0.198291072,0.199386698,0.198838885,0.0041133532321358,0.0005478129999999,True,0.20515494729171027,0.20515495072152787
1,0.1040383288648205,-0.067572655471319,0.197679655,0.198889895,0.198284775,0.0040904595779726,0.00060512,True,0.2046219439466857,0.20462194750708482
1,0.1040383288648205,-0.0668090060721668,0.197180687,0.198143445,0.197662066,0.0040648079228338,0.000481379,True,0.20408748368556698,0.20408748737727186
1,0.1040383288648205,-0.0660459383201818,0.196552413,0.19774871,0.197150562,0.0040437975655859,0.0005981484999999,True,0.2035515345479007,0.20355153837162304
1,0.1040383288648205,-0.0652834523966445,0.196035266,0.19710579,0.196570528,0.0040200381640144,0.0005352619999999,True,0.20301406762944474,0.20301407158588533
1,0.1040383288648205,-0.0645215474149589,0.195390278,0.196573019,0.195981648,0.0039959880266373,0.0005913704999999,True,0.20247505447520506,0.20247505856504305
1,0.1040383288648205,-0.063760222490554,0.194855122,0.196031017,0.19544307,0.0039740554212801,0.0005879475,True,0.20193446817854854,0.20193447240244894
1,0.1040383288648205,-0.0629994778059036,0.19431068,0.195479831,0.194895255,0.0039518085735876,0.0005845754999999,True,0.20139228445227786,0.20139228881087182
1,0.1040383288648205,-0.0622393103496063,0.193756997,0.194803428,0.194280212,0.0039269059959421,0.0005232155,True,0.2008484788521352,0.20084848334600644
1,0.1040383288648205,-0.061479720308966,0.193194113,0.194119184,0.193656649,0.0039017388044949,0.0004625354999999,True,0.20030303154281717,0.20030303617253462
1,0.1040383288648205,-0.0607207068074497,0.19262207,0.193656789,0.193139429,0.0038809250350571,0.0005173594999999,True,0.19975592441594378,0.199755929182019
1,0.1040383288648205,-0.0599622689705193,0.192040903,0.193184043,0.192612473,0.0038597767187406,0.0005715699999999,True,0.1992071419412878,0.19920714684419108
1,0.1040383288648205,-0.059204405925625,0.191450647,0.192360422,0.191905534,0.0038314958991391,0.0004548875,True,0.1986566711985841,0.1986566762387334
1,0.1040383288648205,-0.0584471178623879,0.190851331,0.191982015,0.191416673,0.0038120000237908,0.0005653419999999,True,0.19810450262247847,0.19810450780024844
1,0.1040383288648205,-0.0576904017910371,0.190242986,0.191367573,0.190805279,0.0037876874931425,0.0005622935,True,0.19755062681748703,0.19755063213319798
1,0.1040383288648205,-0.0569342579059437,0.189737641,0.19085589,0.190296765,0.0037675253097929,0.0005591244999999,True,0.19699503905119906,0.1969950445051308
1,0.1040383288648205,-0.056178685342451,0.189110714,0.190223042,0.189666878,0.0037426253838296,0.0005561639999999,True,0.1964377359636086,0.1964377415559926
1,0.1040383288648205,-0.0554236832378612,0.188585623,0.189691803,0.189138713,0.0037218102423856,0.0005530899999999,True,0.1958787160913115,0.19587872182234198
1,0.1040383288648205,-0.0546692507314285,0.187940231,0.189040658,0.188490444,0.0036963411105754,0.0005502134999999,True,0.1953179795777711,0.19531798544758847
1,0.1040383288648205,-0.0539153880197493,0.187395534,0.188489996,0.187942765,0.0036748920939207,0.0005472309999999,True,0.1947555286375653,0.1947555346463017
1,0.1040383288648205,-0.0531620921343803,0.186840785,0.187929374,0.187385079,0.0036531153023742,0.0005442945,True,0.19419136405149573,0.19419137019923743
1,0.1040383288648205,-0.0524093632765894,0.186276018,0.187250666,0.186763342,0.0036289137068901,0.000487324,True,0.19362548952247693,0.193625495809292
1,0.1040383288648205,-0.0516572005933826,0.185701265,0.18645552,0.186078393,0.0036023446509088,0.0003771275,True,0.19305790814659907,0.1930579145725398
1,0.1040383288648205,-0.0509056032336893,0.185116555,0.18618806,0.185652307,0.0035858660983366,0.0005357525,True,0.19248862281792217,0.19248862938301609
1,0.1040383288648205,-0.0501545703483561,0.184521914,0.185587896,0.185054905,0.0035628256420733,0.0005329909999999,True,0.191917635854322,0.19191764255861413
1,0.1040383288648205,-0.0494041021407866,0.183917364,0.184977906,0.184447635,0.0035394807095669,0.0005302709999999,True,0.19134494944270947,0.19134495628622894
1,0.1040383288648205,-0.0486541956635682,0.18340855,0.184463498,0.183936024,0.0035198726960139,0.000527474,True,0.19077056209466445,0.19077056907745601
1,0.1040383288648205,-0.0479048511246995,0.182783707,0.183833383,0.183308545,0.0034958982850663,0.0005248379999999,True,0.19019447315688343,0.19019448027900399
1,0.1040383288648205,-0.04715606768264,0.182149013,0.183297822,0.182723417,0.0034736158187751,0.0005744045,True,0.18961667934217857,0.18961668660368444
1,0.1040383288648205,-0.0464078444977387,0.181608509,0.182647659,0.182128084,0.0034510178470146,0.0005195749999999,True,0.1890371753117899,0.1890371827127785
1,0.1040383288648205,-0.0456601807322271,0.181057135,0.182091043,0.181574089,0.0034300552488884,0.000516954,True,0.18845595350653666,0.18845596104711618
1,0.1040383288648205,-0.0449130765961523,0.180494919,0.181523671,0.181009295,0.0034087497680575,0.0005143759999999,True,0.18787300484907146,0.18787301252937638
1,0.1040383288648205,-0.0441665291628412,0.179819411,0.180843283,0.180331347,0.0033832634814106,0.0005119359999999,True,0.18728831541654087,0.18728832323674136
1,0.1040383288648205,-0.0434205386468609,0.179236082,0.180356746,0.179796414,0.0033632210983244,0.000560332,True,0.1867018713376647,0.18670187929794962
1,0.1040383288648205,-0.0426751042179208,0.178743442,0.179757227,0.179250334,0.0033428224854437,0.0005068924999999,True,0.1861136555858406,0.18611366368642496
1,0.1040383288648205,-0.0419302250475853,0.178138062,0.179147021,0.178642542,0.0033201916075828,0.0005044794999999,True,0.18552364890775308,0.18552365714888122
1,0.1040383288648205,-0.0411859003092689,0.177521926,0.178626466,0.178074196,0.0032990990296028,0.00055227,True,0.18493182999152538,0.1849318383734615
1,0.1040383288648205,-0.0404421302195017,0.176995063,0.177994441,0.177494752,0.0032776637740944,0.0004996889999999,True,0.18433817651900636,0.18433818504203603
1,0.1040383288648205,-0.0396989118720655,0.176356962,0.177451143,0.176904053,0.0032558840761637,0.0005470904999999,True,0.18374266210423384,0.18374267076865058
1,0.1040383288648205,-0.0389562454879374,0.175807212,0.176797334,0.176302273,0.0032337704689701,0.000495061,True,0.1831452615903027,0.18314527039641315
1,0.1040383288648205,-0.0382141302478766,0.175147171,0.176231344,0.175689257,0.0032113214487697,0.0005420865,True,0.18254594807029495,0.18254595701841464
1,0.1040383288648205,-0.0374725653344648,0.174574572,0.175653792,0.175114182,0.0031903329344511,0.0005396099999999,True,0.18194469409014463,0.18194470318057887
1,0.1040383288648205,-0.0367315509695153,0.173990332,0.174967085,0.174478709,0.0031672201077363,0.0004883764999999,True,0.18134147288882707,0.18134148212187384
1,0.1040383288648205,-0.0359910842636419,0.173394454,0.174464034,0.173929244,0.0031473032206429,0.0005347899999999,True,0.18073625542387256,0.18073626479980545
1,0.1040383288648205,-0.0352511654430452,0.172883811,0.173851831,0.173367821,0.0031270177690066,0.00048401,True,0.18012901585320623,0.18012902537227468
1,0.1040383288648205,-0.0345117936975434,0.172264239,0.173324392,0.172794315,0.0031063634492832,0.0005300764999999,True,0.17951972856911655,0.1795197382315404
1,0.1040383288648205,-0.0337729682187504,0.171633028,0.172688663,0.172160845,0.0030836291242064,0.0005278174999999,True,0.1789083694416126,0.17890837924756384
1,0.1040383288648205,-0.0330346882000704,0.171085784,0.172136864,0.171611324,0.0030639752407871,0.00052554,True,0.17829491620022914,0.17829492614983394
1,0.1040383288648205,-0.0322969538695172,0.170430856,0.17157268,0.171001768,0.0030422476820612,0.000570912,True,0.17767934965406507,0.17767935974738597
1,0.1040383288648205,-0.0315597623576507,0.169859065,0.170901415,0.17038024,0.0030201729879275,0.0005211749999999,True,0.17706165056495302,0.17706166080200125
1,0.1040383288648205,-0.0308231138968013,0.169274791,0.170312848,0.16979382,0.0029994189151832,0.0005190284999999,True,0.1764418051069168,0.17644181548762483
1,0.1040383288648205,-0.0300870076874826,0.168678026,0.169711877,0.169194952,0.0029782981431558,0.0005169255,True,0.17581980166481834,0.17581981218903184
1,0.1040383288648205,-0.0293514429319721,0.168068756,0.169004918,0.168536837,0.0029551739228816,0.0004680809999999,True,0.17519563189238987,0.1751956425598852
1,0.1040383288648205,-0.0286164188343067,0.167446964,0.168472658,0.167959811,0.0029349730799288,0.0005128469999999,True,0.1745692908600094,0.17456930167047524
1,0.1040383288648205,-0.0278819356285512,0.16690555,0.168020036,0.167462793,0.002917628738616,0.0005572429999999,True,0.17394077803273247,0.17394078898575843
1,0.1040383288648205,-0.027147990464942,0.166258283,0.167368553,0.166813418,0.0028950450746358,0.0005551349999999,True,0.17331009379040815,0.17331010488550122
1,0.1040383288648205,-0.0264145835817918,0.165690631,0.16679669,0.166243661,0.0028753025946644,0.0005530294999999,True,0.17267724470163454,0.17267725593820746
1,0.1040383288648205,-0.025681714190122,0.165109655,0.166211598,0.165660626,0.0028551699487152,0.0005509714999999,True,0.17204223994837578,0.1720422513257323
1,0.1040383288648205,-0.0249493815026873,0.16451533,0.165613253,0.165064292,0.0028346512480221,0.0005489615,True,0.17140509210004487,0.17140510361741199
1,0.1040383288648205,-0.0242175847339708,0.16399883,0.165092755,0.164545792,0.0028168708033411,0.0005469624999999,True,0.17076581696568344,0.17076582862217965
1,0.1040383288648205,-0.0234863241239433,0.163377398,0.164467495,0.163922446,0.0027955690218529,0.0005450484999999,True,0.17012443430750054,0.17012444610215244
1,0.1040383288648205,-0.0227555968422527,0.162742523,0.163828884,0.163285704,0.0027738929302702,0.0005431805,True,0.16948096402621995,0.16948097595797612
1,0.1040383288648205,-0.02202540313305,0.162184413,0.163086676,0.162635545,0.0027518471424932,0.0004511315,True,0.16883543130627351,0.1688354433739752
1,0.1040383288648205,-0.0212957422176813,0.161522207,0.16269121,0.162106708,0.0027339800452977,0.0005845015,True,0.1681878627626992,0.16818787496511953
1,0.1040383288648205,-0.0205666133191957,0.160936068,0.162101268,0.161518668,0.0027141810658612,0.0005826,True,0.16753828706443602,0.1675382994002579
1,0.1040383288648205,-0.0198380156623405,0.160425069,0.161407879,0.160916474,0.0026939800987809,0.000491405,True,0.16688673465848075,0.16688674712631502
1,0.1040383288648205,-0.0191099494928503,0.159810141,0.160878957,0.160344549,0.002674864386442,0.000534408,True,0.16623323841682383,0.16623325101519762
1,0.1040383288648205,-0.0183824119995254,0.159180882,0.160157699,0.159669291,0.0026523825457052,0.0004884084999999,True,0.1655778297179262,0.1655778424453022
1,0.1040383288648205,-0.0176554034322146,0.158537228,0.159688221,0.159112725,0.0026339237291964,0.0005754964999999,True,0.16492054370655368,0.16492055656132498
1,0.1040383288648205,-0.0169289230224088,0.157967412,0.159115087,0.15854125,0.0026150375155497,0.0005738374999999,True,0.16426141543539668,0.1642614284158884
1,0.1040383288648205,-0.0162029700032731,0.157382555,0.15852702,0.157954788,0.0025957266596765,0.0005722324999999,True,0.1636004806180485,0.16360049372253008
1,0.1040383288648205,-0.0154775436096411,0.156870406,0.157923959,0.157397183,0.0025774323689364,0.0005267765,True,0.16293777551461996,0.16293778874129394
1,0.1040383288648205,-0.0147526440928726,0.156167456,0.157218277,0.156692867,0.0025544171505206,0.0005254104999999,True,0.16227333780204936,0.16227335114905844
1,0.1040383288648205,-0.0140282686606655,0.155624421,0.156759885,0.156192153,0.0025381178910641,0.0005677319999999,True,0.16160720284667635,0.1616072163120902
1,0.1040383288648205,-0.0133044175684292,0.154978468,0.156198279,0.155588374,0.0025185330361677,0.0006099054999999,True,0.16093940934804904,0.16093942292989427
1,0.1040383288648205,-0.0125810900576244,0.154490952,0.155534027,0.15501249,0.0024999236932128,0.0005215375,True,0.16026999574651876,0.16027000944273606
1,0.1040383288648205,-0.0118582853713569,0.15381363,0.15494107,0.15437735,0.0024794795516165,0.0005637199999999,True,0.15959900134923508,0.15959901515770505
1,0.1040383288648205,-0.0111360037655708,0.153207215,0.1543322,0.153769707,0.0024599990609651,0.0005624924999999,True,0.15892646754042858,0.15892648145895483
1,0.1040383288648205,-0.010414242463521,0.152584672,0.153793666,0.153189169,0.0024414592963485,0.0006044969999999,True,0.15825243434952355,0.15825244837581942
1,0.1040383288648205,-0.0096930017251482,0.152032083,0.153152492,0.152592287,0.0024224706942485,0.0005602044999999,True,0.1575769465097231,0.15757696064141846
1,0.1040383288648205,-0.0089722808000902,0.151462809,0.152581101,0.152021955,0.0024043959853406,0.0005591459999999,True,0.15690005016643604,0.15690006440105253
1,0.1040383288648205,-0.0082520789396056,0.150876746,0.151993043,0.151434895,0.0023858618298043,0.0005581484999999,True,0.15622179435493105,0.15622180868988628
1,0.1040383288648205,-0.0075323953965701,0.150359508,0.151302482,0.150830995,0.0023668708427348,0.0004714869999999,True,0.15554223159514585,0.15554224602773384
1,0.1040383288648205,-0.0068132304323076,0.14956819,0.150852043,0.150210116,0.0023474250278712,0.0006419265,True,0.15486141949263965,0.1548614340200098
1,0.1040383288648205,-0.0060945812885163,0.149102088,0.150213129,0.149657609,0.0023301880598003,0.0005555205,True,0.15417941761417522,0.154179432233336
1,0.1040383288648205,-0.0053764482304546,0.148447492,0.149557035,0.149002263,0.0023098251004046,0.0005547715,True,0.1534962939366164,0.15349630864440844
1,0.1040383288648205,-0.0046588305174178,0.147945916,0.149054083,0.148499999,0.0022942792068098,0.0005540834999999,True,0.15281212179009235,0.15281213658317538
1,0.1040383288648205,-0.0039417274102947,0.147426312,0.148448088,0.1479372,0.0022769220180779,0.000510888,True,0.15212698158408564,0.15212699645892863
1,0.1040383288648205,-0.0032251381715633,0.146803487,0.147909304,0.147356395,0.0022590786127409,0.0005529084999999,True,0.15144096158868414,0.15144097654154215
1,0.1040383288648205,-0.002509063067798,0.146077527,0.147352349,0.146714938,0.002239453434644,0.0006374109999999,True,0.15075415967544378,0.15075417470234698
1,0.1040383288648205,-0.0017934993588991,0.14550321,0.146777071,0.14614014,0.0022219404012849,0.0006369305,True,0.15006668023368425,0.15006669533041944
1,0.1040383288648205,-0.0010784473153145,0.145079981,0.146183303,0.145631642,0.0022065047163781,0.0005516609999999,True,0.14937864068242027,0.14937865584451587
1,0.1040383288648205,-0.0003639062058321,0.14446809,0.145486036,0.144977063,0.0021867138842447,0.000508973,True,0.14869016832899912,0.1486901835517038
1,0.1040383288648205,0.0003501246991933,0.143782836,0.144885212,0.144334024,0.0021673587691518,0.000551188,True,0.14800140198983908,0.14800141726812993
1,0.1040383288648205,0.0010636461278458,0.143189342,0.144291469,0.143740406,0.0021495675733128,0.0005510635,True,0.14731249259395518,0.14731250792249595
1,0.1040383288648205,0.0017766578084265,0.142661141,0.143763173,0.143212157,0.0021337971932683,0.000551016,True,0.1466236046856025,0.1466236200587426
1,0.1040383288648205,0.0024891624630698,0.142113244,0.143130563,0.142621903,0.0021162443981113,0.0005086594999999,True,0.1459349130286769,0.14593492844045444
1,0.1040383288648205,0.0032011598162633,0.141545444,0.142562969,0.142054206,0.0020994307873949,0.0005087625,True,0.14524660877705847,0.1452466242211744
1,0.1040383288648205,0.0039126505898879,0.140957515,0.142060221,0.141508868,0.0020833425374631,0.0005513529999999,True,0.14455889590673832,0.14455891137655405
1,0.1040383288648205,0.0046236355042843,0.140349215,0.141537342,0.140943279,0.0020667222243105,0.0005940635,True,0.143871992376708,0.14387200786524237
1,0.1040383288648205,0.0053341152782582,0.139805203,0.140994112,0.140399657,0.0020508101643389,0.0005944545,True,0.14318613022444587,0.14318614572436889
1,0.1040383288648205,0.0060440896351099,0.139325405,0.140430291,0.139877848,0.0020355944209326,0.0005524429999999,True,0.14250155651475033,0.14250157201838698
1,0.1040383288648205,0.0067535612792406,0.138824731,0.139760551,0.139292641,0.0020185974165161,0.00046791,True,0.14181852939069223,0.14181854489001347
1,0.1040383288648205,0.0074625299301959,0.138217761,0.13932499,0.138771376,0.0020035175767959,0.0005536145,True,0.14113732360262157,0.14113733908926282
1,0.1040383288648205,0.0081709963006829,0.13767447,0.138783151,0.138228811,0.0019878815932557,0.0005543405,True,0.14045822633861058,0.14045824180386526
1,0.1040383288648205,0.0088789611018961,0.137109495,0.138219822,0.137664659,0.0019716884588266,0.0005551634999999,True,0.13978153774457872,0.13978155317939875
1,0.1040383288648205,0.0095864250435196,0.136608085,0.137634702,0.137121394,0.001956157445942,0.0005133085,True,0.13910757037974839,0.1391075857747837
1,0.1040383288648205,0.0102933878439731,0.136084663,0.137198859,0.136641761,0.0019424966054325,0.000557098,True,0.13843664950800774,0.13843666485358874
1,0.1040383288648205,0.010999852190153,0.135538917,0.136569494,0.136054206,0.0019258271808285,0.0005152885,True,0.13776910860039307,0.13776912388655957
1,0.1040383288648205,0.0117058177967814,0.13497051,0.136175481,0.135572996,0.0019122283593822,0.0006024854999999,True,0.13710529413879566,0.13710530935530618
1,0.1040383288648205,0.0124112853675477,0.134465371,0.135500693,0.134983032,0.001895621936477,0.000517661,True,0.13644556093231014,0.1364455760686724
1,0.1040383288648205,0.0131162556046526,0.133937266,0.135061746,0.134499506,0.0018820655535348,0.00056224,True,0.13579027206029118,0.13579028710576718
1,0.1040383288648205,0.0138207282225389,0.133385826,0.134340001,0.133862914,0.0018642919190864,0.0004770874999999,True,0.13513979870999973,0.135139813653648
1,0.1040383288648205,0.0145247058936864,0.132897678,0.13402864,0.133463159,0.0018531738699063,0.000565481,True,0.13449451540660814,0.13449453023728505
1,0.1040383288648205,0.015228188328887,0.132385932,0.133520489,0.132953211,0.0018390393791193,0.0005672784999999,True,0.13385480429269722,0.13385481899909737
1,0.1040383288648205,0.0159311762244303,0.131850187,0.132988602,0.132419395,0.0018243012945702,0.0005692075,True,0.13322105024372477,0.1332210648144035
1,0.1040383288648205,0.0166336702751393,0.131377928,0.132432559,0.131905243,0.0018101621692681,0.0005273155,True,0.13259364051201344,0.13259365493541359
1,0.1040383288648205,0.0173356711743726,0.130881448,0.132028277,0.131454863,0.0017978219620479,0.0005734144999999,True,0.13197296342764098,0.13197297769212943
1,0.1040383288648205,0.0180371786319057,0.13036031,0.131423238,0.130891774,0.0017824529513652,0.0005314639999999,True,0.13135940793331843,0.13135942202720585
1,0.1040383288648205,0.0187381953031207,0.129903036,0.130970445,0.130436741,0.0017700814313518,0.0005337044999999,True,0.13075335882599812,0.13075337273757281
1,0.1040383288648205,0.0194387208941977,0.129420929,0.130493099,0.129957014,0.0017570851802399,0.000536085,True,0.13015520057829683,0.1301552142958537
1,0.1040383288648205,0.0201387560926834,0.128913511,0.129990739,0.129452125,0.0017434589868391,0.0005386139999999,True,0.12956531255909587,0.12956532607096793
1,0.1040383288648205,0.0208383015846819,0.128470533,0.12955302,0.129011777,0.0017316179619943,0.0005412434999999,True,0.12898406857676614,0.1289840818713665
1,0.1040383288648205,0.021537358054858,0.127911382,0.129090175,0.128500779,0.0017179277246468,0.0005893965,True,0.1284118355749936,0.12841184864083455
1,0.1040383288648205,0.0222359252084325,0.127507747,0.128601702,0.128054724,0.0017060218004247,0.0005469775,True,0.12784897313306653,0.12784898595878635
1,0.1040383288648205,0.0236315991829586,0.126531146,0.127729941,0.127130543,0.0016814856740207,0.0005993975,True,0.1267527429684299,0.12675275528054908
1,0.1040383288648205,0.0243287063845392,0.126141677,0.127254989,0.126698333,0.0016700719016979,0.000556656,True,0.12622004179827506,0.12622005383731877
1,0.1040383288648205,0.025025327966179,0.125632713,0.12675322,0.126192967,0.0016567755260364,0.0005602534999999,True,0.1256980395967857,0.12569805135224488
1,0.1040383288648205,0.0264171159987586,0.12472,0.125855735,0.125287868,0.0016330948363729,0.0005678674999999,True,0.12468731767706848,0.12468732883497835
1,0.1040383288648205,0.0278069706219247,0.12388789,0.124944188,0.124416039,0.0016104457850295,0.0005281489999999,True,0.12372278871106429,0.12372279923313872
1,0.1040383288648205,0.0291948962299577,0.123041971,0.124212174,0.123627073,0.0015900857356455,0.0005851014999999,True,0.1228063941691073,0.12280640402008372
1,0.1040383288648205,0.0305808972002148,0.122181276,0.123371134,0.122776205,0.0015682734066517,0.0005949289999999,True,0.12193977558462182,0.12193978473265144
1,0.1040383288648205,0.0312731784604331,0.121907874,0.12290798,0.122407927,0.001558879169848,0.000500053,True,0.12152555660964764,0.12152556539542304
1,0.1040383288648205,0.0319649807988374,0.121405923,0.122516114,0.121961019,0.0015475170984963,0.0005550954999999,True,0.12112424903796398,0.12112425745495616
1,0.1040383288648205,0.0333471513575544,0.120720692,0.121748888,0.12123479,0.0015291422806972,0.0005140979999999,True,0.12036078905346563,0.12036079671537742
1,0.1040383288648205,0.0347274131914941,0.120026172,0.120970034,0.120498103,0.0015106149811427,0.000471931,True,0.11965001134924852,0.11965001823636821
1,0.1040383288648205,0.0361057734928845,0.119215033,0.120286052,0.119750543,0.0014919296683763,0.0005355095,True,0.11899216117962808,0.11899216727672038
1,0.1040383288648205,0.0374822365319655,0.1186093,0.119594475,0.119101887,0.0014758106915372,0.0004925875,True,0.11838711147014011,0.11838711676658892
1,0.1040383288648205,0.0381697572463824,0.118152211,0.119259732,0.118705971,0.0014660152814659,0.0005537605,True,0.11810424524731493,0.1181042501409145
1,0.1040383288648205,0.0388568065626938,0.117999472,0.118895594,0.118447533,0.0014596388266741,0.0004480609999999,True,0.1178343623814849,0.11783436687133247
1,0.1040383288648205,0.0402294907045315,0.117156231,0.11830431,0.117730271,0.0014420145918507,0.0005740394999999,True,0.11733304822353499,0.11733305190542709
1,0.1040383288648205,0.0416002931672722,0.116653204,0.11759519,0.117124197,0.00142720586072,0.000470993,True,0.116881954928434,0.11688195780547499
1,0.1040383288648205,0.042969218144735,0.116033972,0.117001304,0.116517638,0.0014124618028361,0.000483666,True,0.11647954154205803,0.11647954362160126
1,0.1040383288648205,0.0443362726847424,0.115415226,0.116533707,0.115974466,0.0013993235096285,0.0005592405,True,0.11612397018931642,0.11612397148257941
1,0.1040383288648205,0.045019099778554,0.115122428,0.116256979,0.115689704,0.0013924601892585,0.0005672754999999,True,0.11596310455229143,0.11596310545773342
1,0.1040383288648205,0.0457014609376602,0.114927271,0.115950321,0.115438796,0.0013864267995649,0.0005115249999999,True,0.11581314611608615,0.11581314663776444
1,0.1040383288648205,0.0470647870381843,0.114319491,0.115505238,0.114912364,0.0013738106725714,0.0005928735,True,0.11554476221480543,0.11554476198250405
1,0.1040383288648205,0.0484262579635997,0.113992366,0.114943063,0.114467715,0.0013631994265059,0.0004753485,True,0.11531635028141608,0.11531634931510482
1,0.1040383288648205,0.049785877805845,0.113412188,0.114534111,0.11397315,0.0013514452950891,0.0005609614999999,True,0.11512533853916092,0.11512533686047127
1,0.1040383288648205,0.0511436506414836,0.112993095,0.114007875,0.113500485,0.0013402592161431,0.0005073899999999,True,0.11496911019806522,0.11496910782966896
1,0.1040383288648205,0.0518218468290955,0.112812996,0.113844565,0.113328781,0.0013362071841318,0.0005157844999999,True,0.1149032244063691,0.11490322170173001
1,0.1040383288648205,0.0524995833783458,0.112754753,0.113653395,0.113204074,0.0013332680771266,0.000449321,True,0.11484506310194348,0.1148450600668095
1,0.1040383288648205,0.0538536800509197,0.112251706,0.113337438,0.112794572,0.0013236396525655,0.0005428659999999,True,0.11475066839386902,0.11475066471467675
1,0.1040383288648205,0.0552059446786098,0.111943092,0.112907598,0.112425345,0.001314988108715,0.000482253,True,0.11468352370828641,0.11468351940680796
1,0.1040383288648205,0.0565563841008507,0.111518908,0.112685888,0.112102398,0.0013074442311216,0.0005834899999999,True,0.1146413998546424,0.11464139495128335
1,0.1040383288648205,0.0579050022956394,0.111143633,0.112355788,0.11174971,0.0012992304100238,0.0006060774999999,True,0.1146222786910441,0.11462227320441645
1,0.1040383288648205,0.0585786290234303,0.110999616,0.112234844,0.11161723,0.0012961517439794,0.000617614,True,0.11462077788853652,0.11462077211662608
1,0.1040383288648205,0.059251803226173,0.111189303,0.112086723,0.111638013,0.0012966344728485,0.0004487099999999,True,0.11462437949151441,0.11462437343823201
1,0.1040383288648205,0.0605967936645296,0.110957335,0.111889752,0.111423543,0.0012916572779559,0.0004662084999999,True,0.11464617322387152,0.11464616661842175
1,0.1040383288648205,0.0619399765932145,0.110808772,0.11177732,0.111293046,0.0012886335239133,0.0004842739999999,True,0.11468638356640815,0.114686376421241
1,0.1040383288648205,0.0632813587399686,0.110554761,0.111563467,0.111059114,0.0012832219405352,0.0005043529999999,True,0.1147439748667892,0.11474396719250153
1,0.1040383288648205,0.0646209439907144,0.110397937,0.111447882,0.110922909,0.0012800763352696,0.0005249724999999,True,0.11481812723192597,0.11481811903756076
1,0.1040383288648205,0.0652900642832605,0.109954414,0.11124601,0.110600212,0.0012726391712925,0.000645798,True,0.1148612079673764,0.11486119951600843
1,0.1040383288648205,0.065958736217034,0.109912479,0.111230209,0.110571344,0.0012719749094013,0.000658865,True,0.11490820058109055,0.11490819187462148
1,0.1040383288648205,0.0672947420809987,0.109753399,0.111127725,0.110440562,0.0012689677461039,0.0006871629999999,True,0.11501368972161377,0.11501368051044994
1,0.1040383288648205,0.068628965414501,0.109969966,0.11115968,0.110564823,0.0012718248831197,0.0005948569999999,True,0.11513417229159811,0.11513416258309243
1,0.1040383288648205,0.0719567553737939,0.109363437,0.110961584,0.11016251,0.0012625861260058,0.0007990735,True,0.11549830909569272,0.11549829818079571
1,0.1040383288648205,0.0752735078672894,0.109795223,0.110977943,0.110386583,0.0012677276062629,0.0005913599999999,True,0.11594574593776158,0.11594573388699181
1,0.1040383288648205,0.0785792958701648,0.109713069,0.111363372,0.11053822,0.0012712129292269,0.0008251515,True,0.11646365791765828,0.11646364482830207
1,0.1040383288648205,0.0818741916362594,0.110500513,0.111599347,0.11104993,0.0012830097180062,0.000549417,True,0.11703309784532165,0.11703308383154784
1,0.1040383288648205,0.0851582667075486,0.11003526,0.112101966,0.111068613,0.0012834414605018,0.001033353,True,0.1176316024424341,0.11763158761073042
1,0.1040383288648205,0.0884315928388321,0.110747449,0.112587621,0.111667535,0.001297320337873,0.000920086,True,0.11823888170446026,0.1182388661241464
1,0.1040383288648205,0.0916942383424559,0.111048532,0.113113032,0.112080782,0.0013069400672457,0.0010322499999999,True,0.11884342656627893,0.11884341024899761
1,0.1040383288648205,0.0949462735984927,0.111741493,0.113755193,0.112748343,0.0013225548840895,0.00100685,True,0.11944717193031776,0.11944715483147672
2,0.1806981520530949,-0.2082463563449733,0.281793796,0.283608792,0.282701294,0.0144414002204532,0.000907498,True,0.27497487993079367,0.2749748748283137
2,0.1806981520530949,-0.2038699818365971,0.279120437,0.280448196,0.279784316,0.0141449182548388,0.0006638794999999,True,0.2729995587614653,0.2729995540207001
2,0.1806981520530949,-0.199512676558269,0.276595988,0.278101639,0.277348814,0.0138997291396905,0.0007528254999999,True,0.2710148568288548,0.2710148524499867
2,0.1806981520530949,-0.1951742750495139,0.273995049,0.275252137,0.274623593,0.0136279145236064,0.000628544,True,0.2690210817199319,0.2690210777032566
2,0.1806981520530949,-0.1925802391985762,0.27239899,0.27363617,0.27301758,0.0134689870939491,0.00061859,True,0.26782053045383597,0.26782052665504863
2,0.1806981520530949,-0.1908546139940659,0.271320524,0.272544736,0.27193263,0.0133621504444638,0.000612106,True,0.2670183559395173,0.26701835228640997
2,0.1806981520530949,-0.1891319602347523,0.270433334,0.272244215,0.271338774,0.0133038527062487,0.0009054404999999,True,0.2662146990512912,0.26621469554431126
2,0.1806981520530949,-0.1874122689088973,0.26933022,0.271122509,0.270226364,0.0131949924642686,0.0008961445,True,0.2654095163876525,0.2654095130273042
2,0.1806981520530949,-0.1865535321829792,0.268774526,0.270557641,0.269666084,0.0131403329102594,0.0008915575,True,0.26500633726853207,0.2650063339816828
2,0.1806981520530949,-0.1856955310491012,0.268414285,0.270185913,0.269300099,0.0131046895603692,0.000885814,True,0.2646027559733412,0.26460275276015244
2,0.1806981520530949,-0.183981734126031,0.267287279,0.269041016,0.268164147,0.0129943672697623,0.0008768685,True,0.2637943594801317,0.26379435641464255
2,0.1806981520530949,-0.1822708704785276,0.2663435,0.267501675,0.266922587,0.012874321846448,0.0005790874999999,True,0.2629842704935222,0.26298426757623306
2,0.1806981520530949,-0.1805629276890253,0.265385016,0.266909947,0.266147482,0.0127996600306496,0.0007624655,True,0.26217243413873276,0.2621724313701333
2,0.1806981520530949,-0.1788578969951094,0.264222502,0.265920063,0.265071282,0.0126963553246857,0.0008487804999999,True,0.2613588046179264,0.26135880199839256
2,0.1806981520530949,-0.1780064705840411,0.263826024,0.265326608,0.264576316,0.0126489839393134,0.000750292,True,0.26095130560349955,0.2609513030586442
2,0.1806981520530949,-0.1771557696770701,0.263237436,0.264916299,0.264076867,0.0126012732478768,0.0008394315,True,0.26054334607793794,0.2605433436078177
2,0.1806981520530949,-0.1754565334822562,0.262238322,0.263898864,0.263068593,0.012505230904054,0.0008302709999999,True,0.25972603220708573,0.25972602988660437
2,0.1806981520530949,-0.1737601797937213,0.261408756,0.262686314,0.262047535,0.0124083452488426,0.0006387789999999,True,0.2589068496354959,0.25890684746482523
2,0.1806981520530949,-0.1720667000362792,0.260198802,0.261644068,0.260921435,0.0123019293320958,0.000722633,True,0.258085794887088,0.2580857928663497
2,0.1806981520530949,-0.1703760821189819,0.259338256,0.260766518,0.260052387,0.0122201180164244,0.000714131,True,0.25726287020177385,0.25726286833104167
2,0.1806981520530949,-0.1695318437745625,0.258723096,0.260321401,0.259522249,0.0121703453865452,0.0007991525,True,0.2568507091584372,0.25685070736273974
2,0.1806981520530949,-0.1686883187511052,0.258283107,0.259872107,0.259077607,0.0121286779688808,0.0007945,True,0.2564380843367049,0.25643808261605583
2,0.1806981520530949,-0.1670033979477594,0.257214935,0.258787367,0.258001151,0.0120280991130252,0.000786216,True,0.25561144430446425,0.25561144273397585
2,0.1806981520530949,-0.165321311327822,0.256307569,0.257517915,0.256912742,0.0119268291980762,0.0006051729999999,True,0.254782955797827,0.2547829543776242
2,0.1806981520530949,-0.1636420505504083,0.255212061,0.256750631,0.255981346,0.0118405083352453,0.000769285,True,0.2539526182521004,0.2539526169823605
2,0.1806981520530949,-0.1619656037871556,0.254273977,0.255795329,0.255034653,0.0117530910381025,0.000760676,True,0.25312042064313395,0.25312041952410946
2,0.1806981520530949,-0.161128433156639,0.253798928,0.25531181,0.254555369,0.0117089576206623,0.0007564409999999,True,0.2527036186924988,0.25270361764892535
2,0.1806981520530949,-0.1602919627945839,0.253319916,0.254657928,0.253988922,0.0116569050987758,0.0006690059999999,True,0.25228634354061025,0.2522863425725963
2,0.1806981520530949,-0.1586211193685689,0.252183967,0.253673457,0.252928712,0.0115597908384797,0.0007447449999999,True,0.251450357050098,0.25145035623347667
2,0.1806981520530949,-0.1569530618342711,0.251364851,0.252510737,0.251937794,0.0114693909305465,0.0005729429999999,True,0.25061241985651905,0.2506124191917284
2,0.1806981520530949,-0.1552877820830522,0.250201749,0.251659169,0.250930459,0.011377857054388,0.00072871,True,0.2497724845538471,0.24977248404135588
2,0.1806981520530949,-0.1536252720447705,0.249187905,0.250629772,0.249908839,0.0112853996928596,0.0007209334999999,True,0.24893049846793272,0.24893049810821613
2,0.1806981520530949,-0.1527950517729889,0.248675391,0.250268219,0.249471805,0.0112459629860764,0.000796414,True,0.24850871852051254,0.24850871823736365
2,0.1806981520530949,-0.1519655201951788,0.248318282,0.249743594,0.249030938,0.0112062503372362,0.000712656,True,0.24808640491620895,0.24808640470973906
2,0.1806981520530949,-0.1503085197199428,0.2472732,0.248683603,0.247978401,0.0111117233900767,0.0007052015,True,0.24724015050529652,0.2472401504525284
2,0.1806981520530949,-0.1486542591936169,0.246369294,0.247454895,0.246912095,0.0110163681250123,0.0005428005,True,0.2463916833190261,0.24639168342034629
2,0.1806981520530949,-0.1470027307262645,0.24529386,0.246674097,0.245983978,0.0109337050043013,0.0006901185,True,0.2455409594644971,0.24554095972024884
2,0.1806981520530949,-0.1453539264650633,0.244356658,0.245721693,0.245039176,0.0108498755794094,0.0006825174999999,True,0.24468794291137858,0.24468794332183447
2,0.1806981520530949,-0.1445305420957008,0.243805893,0.245164016,0.244484954,0.0108008512596093,0.0006790615,True,0.2442605652397463,0.24426056572763916
2,0.1806981520530949,-0.1437078351304324,0.243251673,0.244752473,0.244002073,0.0107582279799969,0.0007503999999999,True,0.24383260437658905,0.24383260494196343
2,0.1806981520530949,-0.1420644489601456,0.242282072,0.24361875,0.242950411,0.0106656907535706,0.000668339,True,0.24297492463380602,0.2429749253542431
2,0.1806981520530949,-0.140423760228289,0.241590459,0.242325113,0.241957786,0.0105787149508187,0.000367327,True,0.24211489152964072,0.24211489240523543
2,0.1806981520530949,-0.1387857577984008,0.240293017,0.241746217,0.241019617,0.010496838011156,0.0007266,True,0.24125249621264097,0.24125249724346184
2,0.1806981520530949,-0.1371504351804119,0.239418292,0.240711979,0.240065135,0.0104138638164668,0.0006468434999999,True,0.24038773488238668,0.2403877360685144
2,0.1806981520530949,-0.1363337750613096,0.238830244,0.240260186,0.239545215,0.0103688051035888,0.0007149709999999,True,0.2399544649131447,0.23995446617694355
2,0.1806981520530949,-0.1355177813317807,0.238381721,0.239661992,0.239021856,0.0103235470136933,0.0006401354999999,True,0.23952060121408603,0.23952060255557994
2,0.1806981520530949,-0.1338877886974875,0.237329322,0.238736724,0.238033023,0.010238306706806,0.000703701,True,0.23865108791400746,0.23865108941096408
2,0.1806981520530949,-0.1322604497575322,0.23654069,0.237515498,0.237028094,0.0101520409223513,0.0004874039999999,True,0.23777918253972183,0.23777918419227423
2,0.1806981520530949,-0.1306357536080619,0.235454342,0.236694182,0.236074262,0.0100704990441825,0.0006199199999999,True,0.2369048638513201,0.23690486565964686
2,0.1806981520530949,-0.1290136928150951,0.234352739,0.23558021,0.234966475,0.009976208434616,0.0006137355,True,0.23602810441142963,0.23602810637577296
2,0.1806981520530949,-0.1282036491450972,0.233864313,0.235220487,0.2345424,0.009940230171962,0.000678087,True,0.23558879898682578,0.23558880102926977
2,0.1806981520530949,-0.1273942599789208,0.23337143,0.234720456,0.234045943,0.009898193644743,0.000674513,True,0.23514886850806083,0.23514887062867817
2,0.1806981520530949,-0.1257774443318005,0.232506289,0.23384038,0.233173335,0.0098245231383011,0.0006670454999999,True,0.23426711087263427,0.23426711314984563
2,0.1806981520530949,-0.1241632385584,0.231620778,0.232677043,0.23214891,0.0097383865444261,0.0005281325,True,0.23338278170414595,0.23338278413829272
2,0.1806981520530949,-0.1225516353769256,0.230453177,0.231760033,0.231106605,0.0096511358021149,0.0006534279999999,True,0.2324958267341865,0.23249582932560278
2,0.1806981520530949,-0.1209426241532397,0.229530623,0.230823487,0.230177055,0.0095736549234232,0.000646432,True,0.23160618763539376,0.23160619038440428
2,0.1806981520530949,-0.1201390883450674,0.228997483,0.23028385,0.229640667,0.0095290874032181,0.0006431835,True,0.23116034392988508,0.2311603467578086
2,0.1806981520530949,-0.1193361988150712,0.228460146,0.229867662,0.229163904,0.0094895613008463,0.0007037579999999,True,0.2307138088013972,0.23071381170830632
2,0.1806981520530949,-0.117732348815983,0.227500019,0.228892798,0.228196409,0.0094096034859955,0.0006963895,True,0.22981863465052832,0.2298186377155822
2,0.1806981520530949,-0.1161310670332303,0.226646421,0.22764914,0.22714778,0.0093233224454992,0.0005013595,True,0.22892061595843427,0.2289206191818398
2,0.1806981520530949,-0.1145323463764315,0.225522609,0.22688685,0.22620473,0.0092460678264803,0.0006821204999999,True,0.2280197094045755,0.2280197127864585
2,0.1806981520530949,-0.1129361764286924,0.224628858,0.225856182,0.22524252,0.0091675748877476,0.000613662,True,0.22711587641812422,0.22711587995854648
2,0.1806981520530949,-0.1121390458487116,0.22405164,0.225394898,0.224723269,0.0091253556344186,0.000671629,True,0.22666285293105534,0.22666285655075882
2,0.1806981520530949,-0.1113425501798189,0.223592283,0.224928465,0.224260374,0.0090878007248665,0.0006680909999999,True,0.22620908700145814,0.22620909070043319
2,0.1806981520530949,-0.1097514606512972,0.222658003,0.223860366,0.223259185,0.0090068386179243,0.0006011815,True,0.2252993171641683,0.22529932102163835
2,0.1806981520530949,-0.1081628975534162,0.221703181,0.222774427,0.222238804,0.0089246972705488,0.0005356229999999,True,0.2243865456984967,0.224386549714364
2,0.1806981520530949,-0.10657685509881,0.220609956,0.221905927,0.221257941,0.0088460918491375,0.0006479855,True,0.22347075688014295,0.22347076105428892
2,0.1806981520530949,-0.1049933230812727,0.219615945,0.220898869,0.220257407,0.0087662682385928,0.0006414619999999,True,0.2225519332810264,0.22255193761330366
2,0.1806981520530949,-0.1042024964209966,0.21922778,0.220387971,0.219807876,0.0087305219904567,0.0005800954999999,True,0.2220913783434683,0.22209138275475848
2,0.1806981520530949,-0.1034122946733621,0.218833449,0.219756984,0.219295216,0.0086898449226293,0.0004617674999999,True,0.22163005812861772,0.22163006261888446
2,0.1806981520530949,-0.1018337630782153,0.217683018,0.218940109,0.218311564,0.0086120628999492,0.0006285454999999,True,0.2207051113921736,0.2207051160402987
2,0.1806981520530949,-0.1002577182129987,0.216742185,0.217760706,0.217251446,0.0085286258558381,0.0005092604999999,True,0.2197770661659756,0.2197770709718509
2,0.1806981520530949,-0.0986841533571057,0.215667517,0.216899878,0.216283697,0.0084528133677108,0.0006161804999999,True,0.21884589139885027,0.21884589636238774
2,0.1806981520530949,-0.0971130618198695,0.214684894,0.216015683,0.215350289,0.0083800117779916,0.0006653944999999,True,0.21791154938870233,0.21791155450983513
2,0.1806981520530949,-0.0963284401554763,0.214240941,0.215454822,0.214847881,0.0083409565825012,0.0006069405,True,0.21744317629111348,0.2174431814910233
2,0.1806981520530949,-0.0955444336396122,0.213681117,0.214998868,0.214339992,0.0083015680355232,0.0006588755,True,0.21697399388087105,0.21697399915955612
2,0.1806981520530949,-0.0939782632990482,0.21265638,0.213961372,0.213308876,0.0082218881752408,0.000652496,True,0.21603317536552089,0.21603318080170664
2,0.1806981520530949,-0.0924145409160638,0.211826685,0.212903366,0.212365026,0.0081492886608435,0.0005383405,True,0.21508903705919796,0.2150890426528376
2,0.1806981520530949,-0.0908532599435791,0.210865331,0.211825007,0.211345169,0.0080712046872179,0.000479838,True,0.21414152118592067,0.21414152693695232
2,0.1806981520530949,-0.0892944138634215,0.209881515,0.210831889,0.210356702,0.0079958827616469,0.000475187,True,0.21319056892135746,0.2131905748296617
2,0.1806981520530949,-0.0885159005814943,0.209275977,0.210431957,0.209853967,0.0079577094438844,0.00057799,True,0.21271378516646908,0.21271379115336
2,0.1806981520530949,-0.0877379929110513,0.208770675,0.210025501,0.209398088,0.0079231729299692,0.000627413,True,0.2122361203591409,0.21223612642456532
2,0.1806981520530949,-0.086183990640862,0.207743522,0.20898649,0.208365006,0.0078451865831581,0.0006214839999999,True,0.2112781203726045,0.21127812659491824
2,0.1806981520530949,-0.084632400635556,0.2069,0.207823373,0.207361686,0.0077698161362852,0.0004616865,True,0.21031651818530134,0.21031652456419964
2,0.1806981520530949,-0.083083213246083,0.205725434,0.207046493,0.206385964,0.0076968678072075,0.0006605294999999,True,0.20935126646245303,0.20935127299754283
2,0.1806981520530949,-0.0815364221263854,0.204732894,0.206041534,0.205387214,0.0076225541631933,0.0006543199999999,True,0.20838232595941836,0.20838233265021974
2,0.1806981520530949,-0.0807639239374736,0.204278048,0.205380355,0.204829201,0.0075811912553059,0.0005511534999999,True,0.20789646230064115,0.2078964690690959
2,0.1806981520530949,-0.0799920209581297,0.203717007,0.205013507,0.204365257,0.0075468869193547,0.00064825,True,0.20740966353497692,0.2074096703809334
2,0.1806981520530949,-0.0784500002057183,0.202776925,0.203962568,0.203369747,0.0074735407671628,0.0005928215,True,0.2064332495589581,0.20643325655942124
2,0.1806981520530949,-0.0769103547007073,0.202008019,0.202791093,0.202399556,0.0074024046523905,0.0003915369999999,True,0.20545306167229627,0.20545306882655187
2,0.1806981520530949,-0.0753730749820255,0.200725232,0.201986221,0.201355727,0.0073262491499853,0.0006304944999999,True,0.20446907789541086,0.20446908520267765
2,0.1806981520530949,-0.0738381548653728,0.199808293,0.200961603,0.200384948,0.0072557766157673,0.0005766549999999,True,0.20348127979270517,0.2034812872521632
2,0.1806981520530949,-0.0730715784721584,0.199292114,0.200440251,0.199866182,0.0072182570518074,0.0005740685,True,0.2029859450707855,0.2029859526060143
2,0.1806981520530949,-0.0723055881932301,0.19876987,0.200007993,0.199388931,0.0071838259401448,0.0006190615,True,0.20248964870379363,0.20248965631457239
2,0.1806981520530949,-0.071540184206344,0.198241576,0.199474223,0.1988579,0.0071456116396379,0.0006163235,True,0.2019923886640122,0.20199239635011718
2,0.1806981520530949,-0.0707753656146856,0.197707248,0.198934481,0.198320865,0.0071070689229231,0.0006136164999999,True,0.20149416202495612,0.20149416978615914
2,0.1806981520530949,-0.070011131523497,0.197261022,0.19848262,0.197871821,0.007074921285395,0.0006107989999999,True,0.20099496562188754,0.2009949734579581
2,0.1806981520530949,-0.0692474810400702,0.196901615,0.197837131,0.197369373,0.0070390367741324,0.0004677579999999,True,0.20049479602458625,0.20049480393529043
2,0.1806981520530949,-0.068484414344624,0.196161503,0.197372581,0.196767042,0.0069961389278524,0.000605539,True,0.19999365022215548,0.19999365820725956
2,0.1806981520530949,-0.0677219284059474,0.195695652,0.196993895,0.196344774,0.0069661432983733,0.0006491215,True,0.19949152279610352,0.19949153085536894
2,0.1806981520530949,-0.0669600234091457,0.195223018,0.196331081,0.195777049,0.0069259167524517,0.0005540314999999,True,0.19898841013903437,0.1989884182722219
2,0.1806981520530949,-0.0661986984696475,0.194743623,0.195938597,0.19534111,0.0068951070563311,0.0005974869999999,True,0.19848430764764657,0.19848431585450374
2,0.1806981520530949,-0.0654379527049006,0.194257489,0.195447228,0.194852359,0.0068606465728646,0.0005948694999999,True,0.19797921044003958,0.19797921872032087
2,0.1806981520530949,-0.0646777863011805,0.193764635,0.194949204,0.19435692,0.0068258026465078,0.0005922844999999,True,0.19747311408967344,0.19747312244312698
2,0.1806981520530949,-0.0639181962455136,0.19326508,0.194444543,0.193854811,0.006790580130768,0.0005897314999999,True,0.1969660118123616,0.1969660202387235
2,0.1806981520530949,-0.0631591827289937,0.19275884,0.193933259,0.19334605,0.0067549839144082,0.0005872095,True,0.19645789876707448,0.19645790726607865
2,0.1806981520530949,-0.0624007448770824,0.192245931,0.193415367,0.192830649,0.0067190185028847,0.0005847179999999,True,0.19594876925927596,0.19594877783065634
2,0.1806981520530949,-0.0616428818172298,0.191816045,0.192801402,0.192308723,0.0066826955990353,0.0004926785,True,0.1954386175002384,0.1954386261437064
2,0.1806981520530949,-0.0608855926788682,0.19120016,0.192448903,0.191824532,0.0066490868513598,0.0006243714999999,True,0.1949274376609015,0.19492744637617063
2,0.1806981520530949,-0.0601288776553798,0.190667322,0.191910894,0.191289108,0.0066120205578946,0.0006217859999999,True,0.19441522464885572,0.19441523343562728
2,0.1806981520530949,-0.0593727337553939,0.190216425,0.191366325,0.190791375,0.0065776564557725,0.00057495,True,0.19390197128966155,0.19390198014762186
2,0.1806981520530949,-0.0586171611770315,0.189669989,0.190903193,0.190286591,0.0065428969870073,0.0006166019999999,True,0.19338767270156074,0.19338768163038425
2,0.1806981520530949,-0.0578621590575941,0.189204777,0.190432794,0.189818786,0.0065107661097035,0.0006140084999999,True,0.19287232348017222,0.19287233247952493
2,0.1806981520530949,-0.0571077265363363,0.188644791,0.189867887,0.189256339,0.0064722395169073,0.000611548,True,0.19235591847494532,0.19235592754447123
2,0.1806981520530949,-0.0563538638124312,0.188165323,0.189296451,0.188730887,0.0064363503081373,0.000565564,True,0.19183845357168106,0.19183846271101218
2,0.1806981520530949,-0.0556005679122798,0.187678566,0.18889162,0.188285093,0.0064059801055793,0.000606527,True,0.19131992283658927,0.19131993204534278
2,0.1806981520530949,-0.0548478390397287,0.187184535,0.188392667,0.187788601,0.0063722405838305,0.000604066,True,0.19080032292178634,0.1908003321995592
2,0.1806981520530949,-0.0540956763417841,0.186769273,0.187714772,0.187242023,0.0063352004462744,0.0004727494999999,True,0.19027965020175588,0.19027965954813342
2,0.1806981520530949,-0.0533440789673749,0.186174699,0.187373181,0.18677394,0.006303565527914,0.000599241,True,0.18975790153358532,0.1897579109481234
2,0.1806981520530949,-0.0525930471213488,0.185658915,0.186852667,0.186255791,0.0062686392888311,0.0005968759999999,True,0.18923507501918327,0.189235084501432
2,0.1806981520530949,-0.0518425778476721,0.185135899,0.186240124,0.185688011,0.0062304790461664,0.0005521125,True,0.18871116708779942,0.1887111766372827
2,0.1806981520530949,-0.0510926713558021,0.184605657,0.185790133,0.185197895,0.0061976322570922,0.0005922379999999,True,0.18818617691251718,0.18818618652873798
2,0.1806981520530949,-0.0503433268023037,0.184152546,0.185332321,0.184742433,0.0061671857457257,0.0005898874999999,True,0.18766010348046672,0.18766011316291234
2,0.1806981520530949,-0.0495945433456366,0.183607541,0.184782833,0.184195187,0.0061307028544568,0.0005876459999999,True,0.18713294632330296,0.18713295607143846
2,0.1806981520530949,-0.0488463201461493,0.183139026,0.184309747,0.183724386,0.0060994028802005,0.0005853604999999,True,0.18660470550716654,0.18660471532043701
2,0.1806981520530949,-0.048098657415348,0.182579282,0.183828876,0.183204079,0.006064904811397,0.0006247969999999,True,0.1860753823598229,0.18607539223765487
2,0.1806981520530949,-0.0473515522180101,0.182095395,0.183257309,0.182676352,0.0060300147119224,0.000580957,True,0.18554497647371135,0.18554498641552084
2,0.1806981520530949,-0.0466050047701766,0.181851872,0.18251332,0.182182596,0.0059974617058749,0.000330724,True,0.185013490136576,0.18501350014174425
2,0.1806981520530949,-0.0458590142396956,0.181021681,0.182175029,0.181598355,0.0059590568892203,0.0005766739999999,True,0.18448092532781438,0.1844809353957167
2,0.1806981520530949,-0.0451135797962761,0.180596751,0.181745717,0.181171234,0.0059310583412643,0.000574483,True,0.18394728442487704,0.18394729455486425
2,0.1806981520530949,-0.0443687016568506,0.180081561,0.18114462,0.180613091,0.0058945704353119,0.0005315295,True,0.18341257091643492,0.1834125811078462
2,0.1806981520530949,-0.0436243769033204,0.179558554,0.180780608,0.180169581,0.0058656567933827,0.000611027,True,0.1828767863586666,0.1828767966108248
2,0.1806981520530949,-0.0428806057570907,0.17902773,0.180245423,0.179636576,0.0058310027763145,0.0006088464999999,True,0.18233993484014654,0.1823399451523484
2,0.1806981520530949,-0.0421373873952593,0.178489087,0.179783312,0.179136199,0.0057985635468391,0.0006471125,True,0.18180201994248324,0.18180203031402165
2,0.1806981520530949,-0.0413947209967575,0.178023283,0.17923233,0.178627806,0.0057656973148084,0.0006045234999999,True,0.1812630454547227,0.18126305588486052
2,0.1806981520530949,-0.0406526057423442,0.177549082,0.17875385,0.178151466,0.0057349879821804,0.0006023839999999,True,0.18072301534135177,0.1807230258293487
2,0.1806981520530949,-0.0399110418553193,0.176986395,0.178187058,0.177586726,0.0056986857981426,0.0006003315,True,0.18018193447546402,0.1801819450205556
2,0.1806981520530949,-0.0391700264378745,0.176655314,0.177612486,0.1771339,0.0056696608462727,0.000478586,True,0.17963980557711762,0.17963981617853406
2,0.1806981520530949,-0.0384295597177105,0.175996591,0.177109577,0.176553084,0.0056325405562757,0.0005564929999999,True,0.17909663375621462,0.17909664441315984
2,0.1806981520530949,-0.0376896408828443,0.175489096,0.176677519,0.176083308,0.0056026060798633,0.0005942114999999,True,0.17855242346772154,0.17855243417938912
2,0.1806981520530949,-0.0369502691230942,0.174973202,0.176157676,0.175565439,0.0055696995035069,0.000592237,True,0.17800717927083026,0.1780071900363949
2,0.1806981520530949,-0.0362114446669488,0.174527648,0.175708151,0.175117899,0.0055413398643619,0.0005902514999999,True,0.17746090660524474,0.17746091742386552
2,0.1806981520530949,-0.0354731646332973,0.173994676,0.175171362,0.174583019,0.0055075406315342,0.000588343,True,0.17691360873932313,0.17691361961014207
2,0.1806981520530949,-0.0347354292549704,0.173453283,0.174626214,0.174039748,0.0054733170088165,0.0005864654999999,True,0.1763652913977502,0.17636530231988773
2,0.1806981520530949,-0.0339982377289374,0.17298144,0.174150602,0.173566021,0.0054435614010881,0.000584581,True,0.17581595973007136,0.17581597070263338
2,0.1806981520530949,-0.0332615892539425,0.172422917,0.173666115,0.173044516,0.005410898560674,0.000621599,True,0.175265619120221,0.1752656301422913
2,0.1806981520530949,-0.0325254840635593,0.171933428,0.173017899,0.172475663,0.0053753823044858,0.0005422355,True,0.1747142760127068,0.17471428708334716
2,0.1806981520530949,-0.0317899192931853,0.171589481,0.172516116,0.172052798,0.0053490565664131,0.0004633175,True,0.17416193487398982,0.1741619459922397
2,0.1806981520530949,-0.0310548951806784,0.170927558,0.172159336,0.171543447,0.005317432385683,0.0006158889999999,True,0.1736086029026742,0.17360861406754852
2,0.1806981520530949,-0.0303204109318287,0.170411155,0.171639266,0.17102521,0.0052853527259675,0.0006140555,True,0.1730542870066431,0.1730542982171319
2,0.1806981520530949,-0.0295864657541758,0.169962314,0.171110267,0.17053629,0.0052551768124493,0.0005739765,True,0.17249899465348428,0.17249900590854295
2,0.1806981520530949,-0.0288530588570025,0.169427672,0.170648598,0.170038135,0.0052245197712895,0.000610463,True,0.1719427339516748,0.17194274525024303
2,0.1806981520530949,-0.0281201904798494,0.168960114,0.170101464,0.169530789,0.0051933892860403,0.000570675,True,0.1713855145178204,0.17138552585879824
2,0.1806981520530949,-0.0273878577776796,0.168407167,0.16954534,0.168976253,0.0051594696515,0.0005690864999999,True,0.1708273444322584,0.1708273558145162
2,0.1806981520530949,-0.0266560609942498,0.167996522,0.169131485,0.168564003,0.0051343253282678,0.0005674814999999,True,0.17026823501982793,0.17026824644220453
2,0.1806981520530949,-0.0259247993457659,0.167424974,0.168556892,0.167990933,0.0050994741593132,0.000565959,True,0.16970819780860175,0.16970820926989777
2,0.1806981520530949,-0.0251940720501527,0.166919574,0.168048465,0.167484019,0.0050687451827373,0.0005644455,True,0.16914724539666903,0.1691472568956499
2,0.1806981520530949,-0.0244638793518133,0.16647969,0.167455498,0.166967594,0.0050375351471273,0.0004879039999999,True,0.16858539232419364,0.16858540385958645
2,0.1806981520530949,-0.023734218421815,0.165880054,0.167077941,0.166478997,0.0050080956227698,0.0005989435,True,0.16802265199612543,0.16802266356661436
2,0.1806981520530949,-0.0230050895087211,0.165420577,0.166540751,0.165980664,0.0049781583443512,0.0005600869999999,True,0.1674590414898793,0.16745905309411313
2,0.1806981520530949,-0.0222764918372792,0.164876565,0.166068457,0.165472511,0.0049477235488088,0.000595946,True,0.16689457847114575,0.16689459010772917
2,0.1806981520530949,-0.0215484246339295,0.1643972,0.165511892,0.164954546,0.0049167971232247,0.000557346,True,0.16632928204612293,0.16632929371361668
2,0.1806981520530949,-0.0208208871268014,0.16390776,0.165019796,0.164463778,0.0048875840194322,0.0005560179999999,True,0.1657631728194473,0.16576318451636796
2,0.1806981520530949,-0.0200938795660046,0.163334237,0.164517666,0.163925951,0.0048556696787066,0.0005917145,True,0.16519627374210455,0.16519628546692264
2,0.1806981520530949,-0.0193673991416948,0.162898534,0.164005468,0.163452001,0.0048276324124262,0.0005534669999999,True,0.16462860697166992,0.16462861872281645
2,0.1806981520530949,-0.0186414461080761,0.16237868,0.163483167,0.162930923,0.0047969009040064,0.0005522435,True,0.16406019868605487,0.1640602104619092
2,0.1806981520530949,-0.0179160196999821,0.161848613,0.163024184,0.162436399,0.0047678262190619,0.0005877854999999,True,0.1634910759331322,0.16349108773202403
2,0.1806981520530949,-0.0171911191539105,0.161528277,0.162481401,0.162004839,0.0047425256117805,0.0004765619999999,True,0.16292126745221333,0.16292127927242864
2,0.1806981520530949,-0.0164667447246213,0.161050378,0.162001548,0.161525963,0.0047145298417486,0.000475585,True,0.16235080449623626,0.16235081633601325
2,0.1806981520530949,-0.0157428936179839,0.160415788,0.161511126,0.160963457,0.0046817507933432,0.000547669,True,0.16177971764343854,0.16177972950096683
2,0.1806981520530949,-0.0150195660927989,0.159843979,0.161010095,0.160427037,0.0046505983797451,0.0005830579999999,True,0.16120804161519303,0.16120805348861106
2,0.1806981520530949,-0.014296761392172,0.159407223,0.16049841,0.159952817,0.0046231448129452,0.0005455935,True,0.16063581208291186,0.1606358239703141
2,0.1806981520530949,-0.0135744787608489,0.158886801,0.159976022,0.159431411,0.0045930533569835,0.0005446105,True,0.16006306647639162,0.16006307837582234
2,0.1806981520530949,-0.0128527184581463,0.158428043,0.159515359,0.158971701,0.0045666040092758,0.000543658,True,0.15948984479624348,0.1594898567056958
2,0.1806981520530949,-0.0121314777054744,0.157885781,0.15904364,0.158464711,0.0045375229751448,0.0005789294999999,True,0.15891618640220662,0.15891619831962497
2,0.1806981520530949,-0.0114107567661377,0.157404829,0.158488573,0.157946701,0.0045079057754429,0.0005418719999999,True,0.1583421348518025,0.15834214677508368
2,0.1806981520530949,-0.0106905548913952,0.156840498,0.157994706,0.157417602,0.0044777546738097,0.000577104,True,0.15776773469511932,0.157767746622105
2,0.1806981520530949,-0.0099708713341223,0.156553225,0.157489623,0.157021424,0.0044552444139387,0.000468199,True,0.15719303229693887,0.15719304422542643
2,0.1806981520530949,-0.0092517053488062,0.155894318,0.157045188,0.156469753,0.0044239937543371,0.0005754349999999,True,0.15661807586012283,0.1566180877878534
2,0.1806981520530949,-0.0085330572001113,0.155439893,0.156517387,0.15597864,0.0043962660804988,0.000538747,True,0.15604291626339903,0.15604292818806337
2,0.1806981520530949,-0.0078149241278716,0.154902047,0.156049915,0.155475981,0.0043679767966765,0.000573934,True,0.1554676038691762,0.1554676157884128
2,0.1806981520530949,-0.0070973064006771,0.154424294,0.155570786,0.15499754,0.0043411353037583,0.0005732459999999,True,0.15489219341533797,0.15489220532672887
2,0.1806981520530949,-0.0063802032794167,0.15393473,0.155079935,0.154507333,0.0043137195171626,0.0005726025,True,0.15431674084179214,0.15431675274286757
2,0.1806981520530949,-0.0056636140265683,0.153433286,0.15457729,0.154005288,0.004285731682947,0.000572002,True,0.15374130416419965,0.15374131605243554
2,0.1806981520530949,-0.0049475389111537,0.152919882,0.154134205,0.153527043,0.0042591553577405,0.0006071614999999,True,0.15316594435852834,0.15316595623133694
2,0.1806981520530949,-0.0042319751881764,0.152465804,0.153607674,0.153036739,0.0042319947181479,0.0005709349999999,True,0.15259072221759762,0.15259073407233775
2,0.1806981520530949,-0.0035169231305334,0.15192817,0.153140418,0.152534294,0.00420425165424,0.0006061239999999,True,0.15201570329599876,0.1520157151299646
2,0.1806981520530949,-0.0028023820070128,0.151805853,0.152589673,0.152197763,0.0041857207364042,0.00039191,True,0.15144095478740233,0.1514409665978277
2,0.1806981520530949,-0.0020883510879691,0.151029767,0.152169125,0.151599446,0.0041528757691302,0.0005696789999999,True,0.15086654645089081,0.15086655823494327
2,0.1806981520530949,-0.0013748296453184,0.150526208,0.151664916,0.151095562,0.004125315113911,0.000569354,True,0.15029255073865136,0.15029256249342926
2,0.1806981520530949,-0.0006618179531964,0.150010052,0.151219344,0.150614698,0.0040990991364487,0.000604646,True,0.1497190437367153,0.14971905545925557
2,0.1806981520530949,5.0686715406702224e-05,0.149518506,0.150513996,0.150016251,0.0040665894266168,0.000497745,True,0.14914610208801832,0.14914611377527598
2,0.1806981520530949,0.0007626840825404,0.149014523,0.150080788,0.149547655,0.0040412240232504,0.0005331324999999,True,0.14857380797227035,0.14857381962113667
2,0.1806981520530949,0.0014741748700853,0.148568667,0.149563628,0.149066147,0.0040152423512799,0.0004974805,True,0.14800224603737275,0.14800225764465846
2,0.1806981520530949,0.0021851597983823,0.148109736,0.149175628,0.148642682,0.0039924618672916,0.000532946,True,0.1474315043601404,0.1474315159225771
2,0.1806981520530949,0.0028956385891284,0.147637628,0.148632423,0.148135025,0.003965237652337,0.0004973975,True,0.14686167540124934,0.14686168691549317
2,0.1806981520530949,0.0036056139545231,0.147152232,0.148218144,0.147685188,0.0039411919907429,0.000532956,True,0.14629285296046124,0.14629286442308687
2,0.1806981520530949,0.004315085612497,0.146866647,0.147719506,0.147293076,0.0039202916262532,0.0004264295,True,0.14572513712696986,0.14572514853445975
2,0.1806981520530949,0.0050240542772756,0.146212189,0.147278528,0.146745359,0.0038911902160596,0.0005331694999999,True,0.1451586312219366,0.1451586425706998
2,0.1806981520530949,0.0057325206615668,0.145757331,0.146824041,0.146290686,0.0038671147933836,0.0005333549999999,True,0.1445934427347272,0.14459345402107737
2,0.1806981520530949,0.0064404844829844,0.145359882,0.146355923,0.145857903,0.0038442678714696,0.0004980205,True,0.144029684238018,0.14402969545818672
2,0.1806981520530949,0.0071479484390753,0.14487746,0.145874049,0.145375754,0.0038188945953751,0.0004982944999999,True,0.1434674703353842,0.143467481485516
2,0.1806981520530949,0.0078549122437355,0.144452273,0.145449511,0.144950892,0.0037966057024804,0.000498619,True,0.14290692250639833,0.14290693358254483
2,0.1806981520530949,0.0085613766036431,0.143941761,0.145011042,0.144476401,0.0037717903085852,0.0005346405,True,0.14234816601669184,0.1423481770148224
2,0.1806981520530949,0.00926734222398,0.143416953,0.144558511,0.143987732,0.003746318468349,0.0005707789999999,True,0.14179133076867892,0.14179134168466934
2,0.1806981520530949,0.0099728098084353,0.143091948,0.144091777,0.143591863,0.003725747095629,0.0004999145,True,0.14123655133771773,0.14123656216736294
2,0.1806981520530949,0.0113822526883388,0.142327726,0.14325824,0.142792983,0.0036844056847883,0.000465257,True,0.14013372241164715,0.14013373305563864
2,0.1806981520530949,0.0127897128219338,0.141290125,0.142366743,0.141828434,0.0036347983856292,0.000538309,True,0.1390408475624079,0.13904085800292734
2,0.1806981520530949,0.0141951938094514,0.140407936,0.141488001,0.140947969,0.0035898091127931,0.0005400324999999,True,0.13795917095041105,0.13795918116903574
2,0.1806981520530949,0.0148971947229329,0.139980237,0.14106222,0.140521229,0.003568104705042,0.0005409914999999,True,0.13742293867368613,0.13742294877428965
2,0.1806981520530949,0.015598703176819,0.139537309,0.140549095,0.140043202,0.0035438699435362,0.000505893,True,0.13689000278253066,0.13689001276031948
2,0.1806981520530949,0.0170002454661326,0.138677598,0.139766169,0.139221883,0.0035024239817251,0.0005442854999999,True,0.13583471902061964,0.13583472873818733
2,0.1806981520530949,0.0183998252017942,0.137974046,0.138921862,0.138447954,0.003463592538055,0.000473908,True,0.13479475144466538,0.13479476088228967
2,0.1806981520530949,0.0197974498317963,0.136988509,0.138087879,0.137538194,0.0034182226367883,0.0005496849999999,True,0.1337715759523146,0.13377158509006615
2,0.1806981520530949,0.0211931238331213,0.136158015,0.137263703,0.136710859,0.0033772229777441,0.0005528439999999,True,0.13276670556395764,0.1327667143818375
2,0.1806981520530949,0.0218902300697261,0.135792284,0.136827426,0.136309855,0.0033574397106714,0.0005175709999999,True,0.13227161444049684,0.13227162309096113
2,0.1806981520530949,0.0225868516654001,0.135410411,0.136448858,0.135929635,0.0033387354825251,0.0005192234999999,True,0.13178167515536385,0.1317816836334515
2,0.1806981520530949,0.0239786406999182,0.134597331,0.135642903,0.135120117,0.0032990867566786,0.000522786,True,0.1308180250129276,0.13081803313154566
2,0.1806981520530949,0.025368494374713,0.134093162,0.13477024,0.134431701,0.0032655557237603,0.000338539,True,0.12987729007846346,0.12987729781833623
2,0.1806981520530949,0.0267564200106038,0.132994292,0.134056117,0.133525204,0.0032216637576471,0.0005309125,True,0.1289609781699878,0.1289609855124233
2,0.1806981520530949,0.0281424219785237,0.132280152,0.133274615,0.132777384,0.0031856783709337,0.0004972315,True,0.12807055779412363,0.12807056472117803
2,0.1806981520530949,0.0288347032519323,0.131974231,0.132896312,0.132435272,0.0031692831881094,0.0004610404999999,True,0.1276355001559621,0.12763550686887773
2,0.1806981520530949,0.0295265046326036,0.13149698,0.13250067,0.131998825,0.0031484285490558,0.0005018449999999,True,0.12720743910674345,0.12720744560138958
2,0.1806981520530949,0.030908675218951,0.130798445,0.131889858,0.131344152,0.0031172755485519,0.0005457064999999,True,0.1263729554276319,0.12637296147392202
2,0.1806981520530949,0.0322889380463138,0.130186808,0.131132048,0.130659428,0.0030848582749002,0.00047262,True,0.12556835070231254,0.12556835628552807
2,0.1806981520530949,0.033667297406959,0.129345834,0.130381415,0.129863624,0.0030473949786882,0.0005177905,True,0.12479476232414637,0.1247947674309302
2,0.1806981520530949,0.0350437604734461,0.128670681,0.129718419,0.12919455,0.0030160747326611,0.0005238689999999,True,0.12405320555705823,0.12405321017554319
2,0.1806981520530949,0.0357312821640874,0.128346349,0.129400455,0.128873402,0.0030010988300138,0.0005270529999999,True,0.12369472077423654,0.12369472514461571
2,0.1806981520530949,0.0364183314933937,0.128003821,0.12906456,0.128534191,0.0029853210828621,0.0005303695,True,0.12334456426623688,0.12334456838614488
2,0.1806981520530949,0.0377910146982538,0.127345506,0.128337572,0.127841539,0.002953232856421,0.000496033,True,0.12266957843277448,0.12266958204549874
2,0.1806981520530949,0.0391618171881786,0.126779996,0.127701819,0.127240907,0.0029255479697233,0.0004609114999999,True,0.12202883409055906,0.12202883718921642
2,0.1806981520530949,0.0405307421904126,0.12605595,0.127076272,0.126566111,0.0028946001657517,0.0005101609999999,True,0.12142276004051898,0.12142276262000049
2,0.1806981520530949,0.0418977967574591,0.125339189,0.126461508,0.125900348,0.0028642279094951,0.0005611595,True,0.12085162007251832,0.12085162212947384
2,0.1806981520530949,0.0425806238647626,0.125168896,0.126125816,0.125647356,0.0028527283591964,0.00047846,True,0.12057918812054436,0.12057918991553315
2,0.1806981520530949,0.0432629850373424,0.124718017,0.125858221,0.125288119,0.0028364392687633,0.0005701019999999,True,0.12031551429997872,0.12031551583282138
2,0.1806981520530949,0.044626311162429,0.124197389,0.12526723,0.12473231,0.0028113288022054,0.0005349205,True,0.11981437861618788,0.11981437962504574
2,0.1806981520530949,0.0459877821146665,0.123873653,0.124689496,0.124281574,0.0027910473279893,0.0004079214999999,True,0.11934798715816396,0.11934798764481347
2,0.1806981520530949,0.0473474019836605,0.123203084,0.124126132,0.123664608,0.0027634051430807,0.0004615239999999,True,0.11891596035338914,0.11891596032115462
2,0.1806981520530949,0.0487051748436557,0.12263803,0.123578422,0.123108226,0.0027385952935029,0.0004701959999999,True,0.11851777212093009,0.11851777157457696
2,0.1806981520530949,0.0493833710445802,0.122373348,0.123322728,0.122848038,0.0027270315390389,0.0004746899999999,True,0.11833116527790412,0.1183311644766977
2,0.1806981520530949,0.0500611076071251,0.122089099,0.123047837,0.122568468,0.0027146336413989,0.0004793689999999,True,0.11815275977133827,0.11815275871694556
2,0.1806981520530949,0.0514152033563501,0.121655989,0.122633573,0.122144781,0.0026958985277026,0.0004887919999999,True,0.11782013857085562,0.1178201370156608
2,0.1806981520530949,0.0527674689580777,0.121246601,0.122044981,0.121645791,0.0026739167678093,0.00039919,True,0.11751901409534343,0.11751901204756393
2,0.1806981520530949,0.0541179084067138,0.12065895,0.121678419,0.121168684,0.0026529831605209,0.0005097344999999,True,0.11724839971337064,0.11724839718207176
2,0.1806981520530949,0.0554665256817828,0.120195649,0.121133849,0.120664749,0.0026309617783047,0.0004691,True,0.11700723255883042,0.11700722955371579
2,0.1806981520530949,0.0561401533664502,0.120040032,0.120988367,0.120514199,0.0026244007204474,0.0004741674999999,True,0.11689734277902394,0.1168973395407974
2,0.1806981520530949,0.0568133275823122,0.119759345,0.120718946,0.120239146,0.0026124349015031,0.0004798004999999,True,0.11679439041774273,0.11679438694899666
2,0.1806981520530949,0.0595015009993599,0.119092406,0.119985768,0.119539087,0.0025821031066576,0.000446681,True,0.11644900375586176,0.11644899939149403
2,0.1806981520530949,0.0628515878153137,0.117996745,0.118948921,0.118472833,0.0025362453197039,0.0004760879999999,True,0.11615553995010053,0.11615553452588519
2,0.1806981520530949,0.0661904890119622,0.117257038,0.118146976,0.117702007,0.0025033492740278,0.000444969,True,0.11599867806837004,0.11599867164780855
2,0.1806981520530949,0.0695182790362284,0.116430864,0.117521792,0.116976328,0.0024725761728341,0.000545464,True,0.11596142904514559,0.11596142168628704
2,0.1806981520530949,0.072835032524021,0.115971433,0.116851328,0.116411381,0.0024487508168222,0.0004399475,True,0.11602866040549362,0.11602865216033056
2,0.1806981520530949,0.0761408205879452,0.115043478,0.116470925,0.115757201,0.0024213063737233,0.0007137234999999,True,0.1161871482096033,0.11618713912507617
2,0.1806981520530949,0.0794357164146866,0.114948758,0.115976907,0.115462833,0.0024090073746419,0.0005140745,True,0.11642525428555049,0.11642524440517657
2,0.1806981520530949,0.0827197915462252,0.114629197,0.115743816,0.115186507,0.0023974906846186,0.0005573094999999,True,0.11673245986121847,0.1167324492264061
2,0.1806981520530949,0.0859931168219983,0.114468818,0.115478294,0.114973556,0.0023886341594171,0.0005047379999999,True,0.11709899283166188,0.1170989814819752
2,0.1806981520530949,0.0892557623880693,0.114105746,0.11542675,0.114766248,0.0023800280667278,0.000660502,True,0.11751570895540661,0.11751569692776398
2,0.1806981520530949,0.0925077977061478,0.114009622,0.115449789,0.114729705,0.0023785126469862,0.0007200834999999,True,0.1179742568327704,0.11797424415991249
2,0.1806981520530949,0.0957492915624618,0.114035213,0.115605211,0.114820212,0.0023822668090864,0.000784999,True,0.11846742139973682,0.1184674081088998
2,0.1806981520530949,0.0989803120764892,0.113966611,0.115686088,0.11482635,0.0023825215158886,0.0008597385,True,0.11898945302390024,0.11898943913645425
2,0.1806981520530949,0.102200926709546,0.114137277,0.115707141,0.114922209,0.0023865011156984,0.000784932,True,0.11953618356629751,0.1195361690987829
2,0.1806981520530949,0.105411202273238,0.114308614,0.116025448,0.115167031,0.0023966800066622,0.000858417,True,0.12010481015703448,0.12010479512348984
2,0.1806981520530949,0.1086112049377781,0.114518957,0.116397488,0.115458223,0.0024088150131346,0.0009392654999999,True,0.1206933626349182,0.12069334704980453
2,0.1806981520530949,0.1118010002401687,0.114818483,0.116871296,0.11584489,0.0024249761644988,0.0010264065,True,0.12130001022845947,0.1212999941087313
2,0.1806981520530949,0.1244593977363605,0.116911374,0.118946547,0.11792896,0.0025130124970869,0.0010175865,True,0.12385151432394195,0.12385149627136172
2,0.1806981520530949,0.1307290106175097,0.117834775,0.119927943,0.118881359,0.0025537667808235,0.0010465839999999,True,0.125156855365677,0.12515683642530673
3,0.2573579751299185,-0.2510857088677568,0.292452476,0.293244261,0.292848369,0.0220710629840763,0.0003958924999999,True,0.28623506919493663,0.2862350681171403
3,0.2573579751299185,-0.246529891169175,0.28998544,0.291144839,0.290565139,0.0217282448606039,0.0005796995,True,0.2843846587768248,0.2843846579630155
3,0.2573579751299185,-0.2419947361253725,0.287661446,0.288793746,0.288227596,0.021380051640231,0.00056615,True,0.2825287817495719,0.28252878119993313
3,0.2573579751299185,-0.2374800558913392,0.285283864,0.286206366,0.285745115,0.0210133483480936,0.0004612509999999,True,0.2806671872317292,0.2806671869464972
3,0.2573579751299185,-0.2329856664229126,0.28267355,0.284294582,0.283484066,0.0206821144612765,0.000810516,True,0.2787995925048897,0.2787995924841414
3,0.2573579751299185,-0.2285113861463382,0.280728482,0.281783324,0.281255903,0.0203582725046519,0.000527421,True,0.2769257558660505,0.27692575610960984
3,0.2573579751299185,-0.2240570359142525,0.278192928,0.279738115,0.278965521,0.020028051065377,0.0007725935,True,0.2750455118725609,0.2750455123800822
3,0.2573579751299185,-0.2196224389626433,0.276116324,0.276955457,0.27653589,0.0196807044131103,0.0004195664999999,True,0.2731587457353559,0.27315874650645017
3,0.2573579751299185,-0.2152074208687589,0.273806963,0.274790117,0.27429854,0.0193635340223171,0.0004915769999999,True,0.2712653300122278,0.2712653310466639
3,0.2573579751299185,-0.2108118095099423,0.271599891,0.272559769,0.27207983,0.0190515504907223,0.000479939,True,0.2693650717902587,0.2693650730879225
3,0.2573579751299185,-0.2064354350233673,0.269329083,0.270266682,0.269797883,0.0187333180325701,0.0004687994999999,True,0.26745770705312805,0.2674577086139345
3,0.2573579751299185,-0.2020781285427073,0.267149744,0.268065142,0.267607443,0.0184303680312434,0.0004576989999999,True,0.26554294207626594,0.26554294389999056
3,0.2573579751299185,-0.1977397270606752,0.264903759,0.265797919,0.265350839,0.0181208498249353,0.0004470799999999,True,0.26362051215666327,0.2636205142428182
3,0.2573579751299185,-0.19342006603172,0.262593337,0.263467152,0.263030245,0.0178052882917519,0.0004369075,True,0.26169020915801944,0.2616902115059195
3,0.2573579751299185,-0.1891189842468986,0.260363164,0.261358627,0.260860895,0.0175128001180036,0.0004977315,True,0.25975186922945714,0.25975187183834186
3,0.2573579751299185,-0.1848363225684877,0.25820531,0.259177453,0.258691382,0.0172227125345198,0.0004860714999999,True,0.2578053256563867,0.2578053285255404
3,0.2573579751299185,-0.1805719238946536,0.255976177,0.25692602,0.256451098,0.0169257045856826,0.0004749214999999,True,0.255850363950333,0.255850367079101
3,0.2573579751299185,-0.1763256331248713,0.253810929,0.254738754,0.254274842,0.0166396588163658,0.0004639124999999,True,0.2538867087888389,0.25388671217656666
3,0.2573579751299185,-0.1720972971260766,0.25157269,0.252479455,0.252026072,0.0163466427855015,0.0004533825,True,0.2519140493928793,0.2519140530387688
3,0.2573579751299185,-0.1678867646995291,0.249390558,0.250402821,0.24989669,0.0160715823661849,0.0005061314999999,True,0.2499320839372141,0.2499320878401966
3,0.2573579751299185,-0.1636938865483705,0.247257942,0.248123571,0.247690757,0.0157890947823086,0.0004328144999999,True,0.2479405524822914,0.24794055664104206
3,0.2573579751299185,-0.1595185152458597,0.245168552,0.245893604,0.245531078,0.0155149568511763,0.0003625259999999,True,0.24593923763814401,0.24593924205115952
3,0.2573579751299185,-0.156190724303676,0.243200736,0.244505516,0.243853126,0.015303623951777,0.00065239,True,0.2443310042802405,0.2443310088955318
3,0.2573579751299185,-0.1553605040361909,0.242761365,0.244060254,0.243410809,0.0152481568428056,0.0006494444999999,True,0.24392793404845964,0.24392793871416057
3,0.2573579751299185,-0.1545309736297807,0.242318837,0.24361189,0.242965364,0.0151923992506849,0.0006465264999999,True,0.24352445577192897,0.2435244604879746
3,0.2573579751299185,-0.1528739719989771,0.2413075,0.242589732,0.241948616,0.0150655126792328,0.0006411159999999,True,0.2427162638487961,0.24271626866532886
3,0.2573579751299185,-0.1512197114811753,0.240749026,0.241557338,0.241153182,0.0149666162900598,0.000404156,True,0.24190641139697786,0.2419064163137414
3,0.2573579751299185,-0.1495681841836517,0.239713137,0.240971559,0.240342348,0.0148661404046656,0.000629211,True,0.24109487994796924,0.24109488496469356
3,0.2573579751299185,-0.1479193787725566,0.238894531,0.240141391,0.239517961,0.0147643320087261,0.00062343,True,0.2402816481492529,0.24028165326566858
3,0.2573579751299185,-0.1470959944074154,0.238536517,0.239326946,0.238931732,0.0146921479646083,0.0003952145,True,0.23987438826946914,0.2398743934356195
3,0.2573579751299185,-0.1462732874463611,0.237949219,0.239185356,0.238567287,0.014647361981609,0.0006180684999999,True,0.23946669549242727,0.23946670070824091
3,0.2573579751299185,-0.1446299024400938,0.237103709,0.238328695,0.237716202,0.0145430399361802,0.000612493,True,0.23865000098390574,0.23865000629882194
3,0.2573579751299185,-0.1429892125639615,0.236355095,0.237238243,0.236796669,0.0144307468681455,0.000441574,True,0.2378315418292621,0.2378315472429538
3,0.2573579751299185,-0.1413512112942501,0.235371627,0.236574916,0.235973272,0.0143305632373,0.0006016444999999,True,0.23701129786443875,0.2370113033765759
3,0.2573579751299185,-0.1397158875356991,0.23437662,0.235678085,0.235027353,0.0142159029400675,0.0006507325,True,0.236189247300874,0.2361892529110819
3,0.2573579751299185,-0.1388992274207445,0.234199507,0.234955375,0.234577441,0.0141615281329402,0.0003779339999999,True,0.23577753856680222,0.23577754422590874
3,0.2573579751299185,-0.1380832336953565,0.233693509,0.234875335,0.234284422,0.0141261708957732,0.0005909129999999,True,0.23536537102898492,0.23536537673688418
3,0.2573579751299185,-0.1364532422155262,0.232779829,0.23395148,0.233365654,0.014015593972758,0.0005858254999999,True,0.23453965104510432,0.23453965685028794
3,0.2573579751299185,-0.1348259021405363,0.232064744,0.232803973,0.232434358,0.0139039526781646,0.0003696145,True,0.23371206872935127,0.2337120746313882
3,0.2573579751299185,-0.1332012059992694,0.23122817,0.232169765,0.231698967,0.0138161113904917,0.0004707974999999,True,0.23288260823403267,0.2328826142324707
3,0.2573579751299185,-0.1315791463551072,0.23016914,0.231310339,0.23073974,0.0137019515893063,0.0005705995,True,0.23205125453639777,0.2320512606307611
3,0.2573579751299185,-0.1307691015514797,0.229842565,0.230669064,0.230255814,0.013644538181688,0.0004132495,True,0.23163486249964046,0.2316348686417889
3,0.2573579751299185,-0.1299597123893728,0.229305385,0.230436642,0.229871014,0.0135989712012783,0.0005656284999999,True,0.23121799138107973,0.23121799757089015
3,0.2573579751299185,-0.1283428967503716,0.228427318,0.229548814,0.228988066,0.0134947029504266,0.0005607479999999,True,0.23038280444111128,0.23038281072586875
3,0.2573579751299185,-0.1267286921201731,0.227737597,0.228445174,0.228091385,0.0133892236367084,0.0003537884999999,True,0.22954567920445332,0.22954568558365418
3,0.2573579751299185,-0.1251170878145601,0.226729211,0.227831286,0.227280248,0.0132941636353401,0.0005510374999999,True,0.22870659886005495,0.2287066053331721
3,0.2573579751299185,-0.1235080777303697,0.225808162,0.226900997,0.22635458,0.0131860950984271,0.0005464174999999,True,0.22786554814426052,0.22786555471076386
3,0.2573579751299185,-0.122704541925297,0.225441577,0.226233194,0.225837385,0.013125906422476,0.0003958084999999,True,0.22744427796863084,0.22744428458161964
3,0.2573579751299185,-0.1219016512716469,0.224972029,0.226055391,0.22551371,0.0130883087216296,0.000541681,True,0.22702250842357852,0.22702251508292148
3,0.2573579751299185,-0.1202978012805389,0.224120551,0.225194618,0.224657584,0.012989122096059,0.0005370335,True,0.22617746174844006,0.22617746850006737
3,0.2573579751299185,-0.118696520631769,0.223350855,0.22402878,0.223689818,0.012877455661743,0.0003389625,True,0.22533038911235173,0.225330395955699
3,0.2573579751299185,-0.1170977988597518,0.22237214,0.22342813,0.222900135,0.0127866946417043,0.000527995,True,0.22448126879618963,0.22448127573067123
3,0.2573579751299185,-0.1155016289199119,0.221475478,0.222522677,0.221999077,0.0126835249781356,0.0005235994999999,True,0.22363008017949235,0.2236300872044956
3,0.2573579751299185,-0.1147044994654133,0.221069073,0.221827764,0.221448418,0.0126206811577615,0.0003793455,True,0.22320370411479568,0.22320371118482438
3,0.2573579751299185,-0.1139080037995616,0.220469416,0.22169681,0.221083113,0.0125790769297672,0.0006136969999999,True,0.2227768022641296,0.22277680937902292
3,0.2573579751299185,-0.1123169131611067,0.219731653,0.22076141,0.220246531,0.0124840581942165,0.0005148784999999,True,0.22192141221198658,0.22192141941611127
3,0.2573579751299185,-0.1107283500710454,0.219069074,0.219626132,0.219347603,0.012382359722268,0.0002785289999999,True,0.22106388929981946,0.22106389659249207
3,0.2573579751299185,-0.1091423076270916,0.218018678,0.219031324,0.218525001,0.0122896606973516,0.000506323,True,0.22020421344846125,0.22020422082896743
3,0.2573579751299185,-0.10755877561732,0.217138343,0.218142672,0.217640507,0.0121903756515067,0.0005021644999999,True,0.2193423636668912,0.21934237113446664
3,0.2573579751299185,-0.1067679489609176,0.216692269,0.217510873,0.217101571,0.0121300771523606,0.000409302,True,0.21891061789169977,0.21891062540252257
3,0.2573579751299185,-0.1059777483289479,0.216060823,0.217238445,0.216649634,0.0120796277270218,0.0005888109999999,True,0.21847832247510818,0.21847833002897588
3,0.2573579751299185,-0.1043992156325648,0.215330605,0.216408441,0.215869523,0.0119927918128902,0.0005389179999999,True,0.21761207113882053,0.21761207877815725
3,0.2573579751299185,-0.102823170775036,0.21458188,0.215294715,0.214938297,0.0118895450837793,0.0003564174999999,True,0.21674359390734135,0.2167436016313047
3,0.2573579751299185,-0.1012496070333597,0.213637892,0.214609933,0.214123913,0.0117996187001096,0.0004860205,True,0.2158728760849635,0.21587288389266454
3,0.2573579751299185,-0.0996785144000411,0.212678623,0.213730631,0.213204627,0.0116985189281167,0.0005260039999999,True,0.2149999019923144,0.21499990988284381
3,0.2573579751299185,-0.0988938927394567,0.21236816,0.213066779,0.21271747,0.0116451194822546,0.0003493095,True,0.21456256472990592,0.21456257266149856
3,0.2573579751299185,-0.0981098862273951,0.211791268,0.212834896,0.212313082,0.0116008854999724,0.0005218139999999,True,0.2141246583907044,0.2141246663631175
3,0.2573579751299185,-0.0965437158972405,0.210973832,0.212008989,0.21149141,0.0115112661737775,0.0005175785,True,0.2132471323676713,0.21324714042101142
3,0.2573579751299185,-0.0949799935218155,0.210224332,0.210909061,0.210566697,0.0114108238294039,0.0003423644999999,True,0.2123673091937086,0.21236731732697894
3,0.2573579751299185,-0.0934187125568665,0.209200841,0.210219789,0.209710315,0.0113181961471306,0.0005094739999999,True,0.21148517577454584,0.21148518398672583
3,0.2573579751299185,-0.09185986648703,0.208331237,0.209342196,0.208836717,0.0112240953009761,0.0005054795,True,0.21060071861001028,0.21060072690005963
3,0.2573579751299185,-0.091081353208848,0.208057931,0.208729279,0.208393605,0.0111765150196715,0.0003356739999999,True,0.21015761352166595,0.21015762185024803
3,0.2573579751299185,-0.0903034455421443,0.207444253,0.208447379,0.207945816,0.0111285352028374,0.0005015629999999,True,0.2097139218022309,0.20971393016907858
3,0.2573579751299185,-0.0887494443722232,0.206539995,0.207535437,0.207037716,0.0110315507389761,0.0004977209999999,True,0.20882477139185507,0.20882477983440137
3,0.2573579751299185,-0.0871978532843442,0.205783379,0.206441981,0.20611268,0.0109331939280461,0.000329301,True,0.20793325043685323,0.20793325895396608
3,0.2573579751299185,-0.0856486659022821,0.204761837,0.205823738,0.205292788,0.0108463850107962,0.0005309505,True,0.20703934355243794,0.20703935214295208
3,0.2573579751299185,-0.0841018758777122,0.203886869,0.204940716,0.204413793,0.010753702673905,0.0005269234999999,True,0.20614303528430322,0.2061430439470145
3,0.2573579751299185,-0.0833293766075308,0.203563848,0.204210047,0.203886948,0.0106983420900436,0.0003230995,True,0.20569397510529042,0.2056939838036361
3,0.2573579751299185,-0.0825574736318645,0.202993763,0.204039713,0.203516738,0.0106595260943951,0.000522975,True,0.20524430851063202,0.2052443172442922
3,0.2573579751299185,-0.0810154528867913,0.202082611,0.20312082,0.202601716,0.0105638899869723,0.0005191045,True,0.20434314856275057,0.20434315736607261
3,0.2573579751299185,-0.07947580739187,0.201391539,0.202025709,0.201708624,0.0104709615401924,0.0003170849999999,True,0.2034395416826047,0.20343955055425436
3,0.2573579751299185,-0.077938527680477,0.200364052,0.201386881,0.200875466,0.0103846395176497,0.0005114145,True,0.20253347342818873,0.2025334823667747
3,0.2573579751299185,-0.0764036075710908,0.199476287,0.200491661,0.199983974,0.0102926693037309,0.0005076869999999,True,0.20162493276395427,0.20162494176803492
3,0.2573579751299185,-0.0756370311842647,0.199103221,0.199803742,0.199453481,0.0102381354643692,0.0003502605,True,0.20116973273529912,0.20116974177157432
3,0.2573579751299185,-0.0748710409089538,0.198414382,0.199577721,0.198996052,0.0101912287895155,0.0005816695,True,0.2007139103699206,0.20071391943800906
3,0.2573579751299185,-0.0733408183376271,0.19764422,0.198722043,0.198183132,0.0101081343584503,0.0005389114999999,True,0.1998003968407296,0.19980040597127713
3,0.2573579751299185,-0.0718129337702074,0.196929582,0.197541165,0.197235373,0.0100116865113244,0.0003057914999999,True,0.19888438657903829,0.1988843957704419
3,0.2573579751299185,-0.0702873811460073,0.195889174,0.196951745,0.19642046,0.0099291272938508,0.0005312855,True,0.19796587584603334,0.19796588509664
3,0.2573579751299185,-0.0687641512168552,0.194982092,0.196037275,0.195509684,0.009837260644655,0.0005275915,True,0.19704486071091004,0.19704487001901538
3,0.2573579751299185,-0.0680034054556742,0.19463395,0.195385103,0.195009527,0.0097869932489512,0.0003755765,True,0.19658341385087955,0.19658342318707708
3,0.2573579751299185,-0.0672432390582548,0.194055391,0.195178119,0.194616755,0.0097476086529133,0.000561364,True,0.19612134142542106,0.1961213507892669
3,0.2573579751299185,-0.0657246354931683,0.193183527,0.19422426,0.193703893,0.0096563795837695,0.0005203665,True,0.19519531705511275,0.19519532647288404
3,0.2573579751299185,-0.0642083345884832,0.192438899,0.193103444,0.192771171,0.0095636087778925,0.0003322725,True,0.19426678983853907,0.1942667993083773
3,0.2573579751299185,-0.0626943304364186,0.191451637,0.192478289,0.191964963,0.0094837821633918,0.0005133259999999,True,0.19333576308308112,0.19333577260306983
3,0.2573579751299185,-0.0611826139651022,0.190444921,0.191610524,0.191027722,0.009391401859011,0.0005828015,True,0.19240223907728166,0.19240224864545247
3,0.2573579751299185,-0.0604276118491729,0.1901886,0.190914729,0.190551664,0.0093446517741551,0.0003630644999999,True,0.1919345422218898,0.19193455181339766
3,0.2573579751299185,-0.0596731793314178,0.189780893,0.190432263,0.190106578,0.0093010487308297,0.0003256849999999,True,0.19146622297687477,0.1914662325912062
3,0.2573579751299185,-0.0581660207170665,0.188661016,0.189739603,0.18920031,0.0092125809759992,0.0005392935,True,0.19052772088511097,0.1905277305435203
3,0.2573579751299185,-0.0566611291535353,0.187951581,0.188666022,0.188308801,0.0091259664365778,0.0003572204999999,True,0.18958673799266848,0.18958674769301562
3,0.2573579751299185,-0.055158498886043,0.186862987,0.187998829,0.187430908,0.0090410745252554,0.0005679209999999,True,0.18864328276122488,0.18864329250130166
3,0.2573579751299185,-0.0536581241841232,0.186037308,0.187095462,0.186566385,0.0089578631611547,0.0005290769999999,True,0.18769736525446243,0.1876973750319944
3,0.2573579751299185,-0.0529087796340764,0.185721387,0.186424676,0.186073031,0.0089105496612451,0.0003516445,True,0.1872234860292881,0.18722349582466816
3,0.2573579751299185,-0.0521599961808557,0.185118477,0.186170141,0.185644309,0.0088695362189408,0.000525832,True,0.18674899550791718,0.1867490053205494
3,0.2573579751299185,-0.0506641102601398,0.184177539,0.185292513,0.184735026,0.0087828632945612,0.0005574869999999,True,0.18579818861892403,0.18579819846423218
3,0.2573579751299185,-0.0491704576218213,0.183491709,0.184184395,0.183838052,0.0086977806275228,0.0003463429999999,True,0.1848449598611554,0.1848449697366264
3,0.2573579751299185,-0.0476790326547532,0.182436011,0.183468899,0.182952455,0.008614183403807,0.0005164439999999,True,0.18388932982256612,0.18388933972559932
3,0.2573579751299185,-0.0461898297712928,0.181495962,0.182591329,0.182043645,0.0085288146479731,0.0005476834999999,True,0.1829313228449184,0.18293133277282755
3,0.2573579751299185,-0.0454460586284595,0.181256353,0.181938992,0.181597672,0.0084870778219095,0.0003413194999999,True,0.18245143593413318,0.18245144587344228
3,0.2573579751299185,-0.0447028402700197,0.180669145,0.181690161,0.181179653,0.0084480500474062,0.0005105079999999,True,0.18197096539390908,0.1819709753439063
3,0.2573579751299185,-0.0432180586238722,0.179750061,0.180765377,0.180257719,0.0083622928620873,0.000507658,True,0.18100829045060463,0.18100830041981592
3,0.2573579751299185,-0.0417354793288216,0.179009197,0.179682357,0.179345777,0.0082778955230502,0.0003365799999999,True,0.18004333577892637,0.18004334576437142
3,0.2573579751299185,-0.0402550937805152,0.178108345,0.178978663,0.178543504,0.0082040016383404,0.000435159,True,0.17907614209847764,0.17907615209707983
3,0.2573579751299185,-0.0387768965344484,0.177049657,0.178115205,0.177582431,0.0081159175203639,0.0005327739999999,True,0.17810675731668696,0.17810676732526415
3,0.2573579751299185,-0.038038617543678,0.176810593,0.177408413,0.177109503,0.0080727473293048,0.0002989099999999,True,0.17762126014186788,0.17762127015420787
3,0.2573579751299185,-0.0373008821686887,0.176166519,0.177226542,0.17669653,0.0080351441536328,0.0005300114999999,True,0.177135234608105,0.17713524462337663
3,0.2573579751299185,-0.0358270421743215,0.175323895,0.176312622,0.175818258,0.0079554651291011,0.0004943634999999,True,0.1761616304363315,0.17616164045490654
3,0.2573579751299185,-0.0343553722228568,0.174586334,0.175176652,0.174881493,0.0078709170501201,0.0002951589999999,True,0.17518600941661921,0.17518601943500542
3,0.2573579751299185,-0.0328858638681177,0.173560146,0.174539226,0.174049686,0.0077962205971192,0.0004895399999999,True,0.17420843892542948,0.1742084489400304
3,0.2573579751299185,-0.0314185117998896,0.172638883,0.173613377,0.17312613,0.0077137022861594,0.000487247,True,0.17322899403758704,0.17322900404468747
3,0.2573579751299185,-0.030685642397509,0.17233044,0.172913805,0.172622123,0.0076688552038623,0.0002916825,True,0.17273859353138815,0.17273860353330833
3,0.2573579751299185,-0.0299533107297857,0.171755916,0.172725951,0.172240933,0.0076350233495256,0.0004850174999999,True,0.1722477556743042,0.17224776567007624
3,0.2573579751299185,-0.0284902523044276,0.17071706,0.171811593,0.171264326,0.0075486875621351,0.0005472665,True,0.17126480881544914,0.17126481879594696
3,0.2573579751299185,-0.0270293312922459,0.170100934,0.170741991,0.170421462,0.0074745698421585,0.0003205285,True,0.1702802470360448,0.17028025699719476
3,0.2573579751299185,-0.0255705424830654,0.169071655,0.170029229,0.169550442,0.0073983603994795,0.000478787,True,0.16929417094461796,0.16929418088221945
3,0.2573579751299185,-0.0241138776147685,0.168206166,0.169159883,0.168683024,0.0073228541954999,0.0004768585,True,0.16830668671478113,0.16830669662449538
3,0.2573579751299185,-0.0233863401108807,0.1678896,0.168524174,0.168206887,0.0072815724960808,0.0003172869999999,True,0.16781245268895853,0.16781246258305885
3,0.2573579751299185,-0.0226593315330222,0.167311981,0.168262009,0.167786995,0.0072452641387634,0.0004750139999999,True,0.16731791097598012,0.16731792085332545
3,0.2573579751299185,-0.021206899104465,0.166452047,0.167398535,0.166925291,0.007171036201199,0.0004732439999999,True,0.16632796955870244,0.16632797939903776
3,0.2573579751299185,-0.0197565721567339,0.165688371,0.166317123,0.166002747,0.0070919910761248,0.000314376,True,0.16533699630197518,0.165337006100505
3,0.2573579751299185,-0.0183083466298327,0.164706149,0.16564606,0.165176105,0.0070215351229968,0.0004699555,True,0.16434513889068333,0.16434514864244293
3,0.2573579751299185,-0.0168622144104143,0.16381937,0.164756245,0.164287807,0.0069462161887672,0.0004684375,True,0.16335255426875148,0.16335256396860223
3,0.2573579751299185,-0.016139931782281,0.163489274,0.164175251,0.163832262,0.006907748002581,0.0003429885,True,0.16285604253821473,0.162856052210125
3,0.2573579751299185,-0.0154181704698281,0.162964323,0.16389833,0.163431326,0.0068739796112794,0.0004670035,True,0.16235941452525765,0.16235942416787635
3,0.2573579751299185,-0.0139762097997101,0.162078123,0.163009441,0.162543782,0.0067995215093263,0.000465659,True,0.16136590579088728,0.16136591537076567
3,0.2573579751299185,-0.0125363243740294,0.161346285,0.161965489,0.161655887,0.0067254396611679,0.0003096019999999,True,0.16037222709644877,0.16037223660788763
3,0.2573579751299185,-0.0110985092377653,0.160334746,0.16126122,0.160797983,0.0066542455754331,0.000463237,True,0.15937859548207226,0.15937860491916875
3,0.2573579751299185,-0.0096627594557862,0.159476373,0.160400701,0.159938537,0.006583303377715,0.000462164,True,0.15838524476225807,0.15838525411891294
3,0.2573579751299185,-0.0089456563376664,0.159065648,0.159988972,0.15952731,0.0065494934931157,0.000461662,True,0.1578887517621485,0.15788876107623204
3,0.2573579751299185,-0.008229067087954,0.158646594,0.159568965,0.159107779,0.0065150905745043,0.0004611855,True,0.15739242424044314,0.1573924335103514
3,0.2573579751299185,-0.0067974272515799,0.157783344,0.158703953,0.158243649,0.0064445145533543,0.0004603045,True,0.15640040367068336,0.15640041284733278
3,0.2573579751299185,-0.0053678350834739,0.157008823,0.157682789,0.157345806,0.0063715922269362,0.0003369829999999,True,0.15540947189205082,0.1554094809687165
3,0.2573579751299185,-0.0039402827279989,0.15613856,0.156995066,0.156566813,0.0063086590058926,0.0004282529999999,True,0.15441993545714788,0.15441994442690007
3,0.2573579751299185,-0.0025147663760438,0.155233538,0.156150071,0.155691804,0.0062383413179179,0.0004582664999999,True,0.15343212423233998,0.15343213308803183
3,0.2573579751299185,-0.0018027690120025,0.15479839,0.155714427,0.155256409,0.0062034988319683,0.0004580184999999,True,0.15293897340833174,0.1529389822042472
3,0.2573579751299185,-0.0010912782275456,0.154232275,0.155330988,0.154781631,0.0061656159334784,0.0005493565,True,0.15244638657100307,0.15244639530527265
3,0.2573579751299185,0.0003301864824431,0.153558117,0.154533984,0.154046051,0.0061071525743295,0.0004879335,True,0.15146309496576998,0.15146310357104473
3,0.2573579751299185,0.0017496325000004,0.152956261,0.153626807,0.153291534,0.00604747346478,0.0003352729999999,True,0.15048264479019607,0.15048265325868182
3,0.2573579751299185,0.003167067542946,0.151951728,0.152926784,0.152439256,0.0059804143081066,0.000487528,True,0.14950545312907698,0.14950546145276153
3,0.2573579751299185,0.0045824963072251,0.15115359,0.152128617,0.151641103,0.005917952845344,0.0004875134999999,True,0.14853196386558523,0.14853197203624324
3,0.2573579751299185,0.005289459113412,0.150709855,0.151684963,0.151197409,0.0058833722639729,0.000487554,True,0.14804675381632398,0.14804676190731278
3,0.2573579751299185,0.0059959234702788,0.15031751,0.151292765,0.150805138,0.0058528838776237,0.0004876275,True,0.14756264658604595,0.14756265459522921
3,0.2573579751299185,0.007407356669002,0.14944292,0.150479655,0.149961287,0.0057875658963372,0.0005183674999999,True,0.14659799554598957,0.14659800338503856
3,0.2573579751299185,0.0088168005315362,0.148895389,0.149566745,0.149231067,0.0057313392934069,0.000335678,True,0.14563853474134383,0.1456385424013855
3,0.2573579751299185,0.0102242596678779,0.147942209,0.148919777,0.148430993,0.0056700490605571,0.000488784,True,0.14468481675122752,0.14468482422318316
3,0.2573579751299185,0.0116297416352864,0.147070883,0.148110978,0.147590931,0.0056060501106917,0.0005200474999999,True,0.14373742151601648,0.1437374287906147
3,0.2573579751299185,0.0123317425450755,0.146772997,0.147691459,0.147232228,0.0055788334878453,0.000459231,True,0.14326628501408784,0.14326629218647477
3,0.2573579751299185,0.0130332500082227,0.146403757,0.147323019,0.146863388,0.0055509167804294,0.000459631,True,0.14279696160243366,0.14279696867022154
3,0.2573579751299185,0.0144347922915592,0.145634426,0.146616912,0.146125669,0.0054952905027039,0.0004912429999999,True,0.14186407718022823,0.14186408403158712
3,0.2573579751299185,0.015834373003029,0.145008008,0.145685023,0.145346515,0.0054368440643975,0.0003385075,True,0.14093944063226557,0.14093944725743296
3,0.2573579751299185,0.0172319966428004,0.144093155,0.145018791,0.144555973,0.0053778627398082,0.000462818,True,0.14002375409053008,0.1400237604796281
3,0.2573579751299185,0.0186276706382021,0.143382151,0.144372397,0.143877274,0.0053274825082566,0.000495123,True,0.13911774659083737,0.1391177527339064
3,0.2573579751299185,0.0193247778501988,0.142979518,0.143971365,0.143475441,0.0052977659481483,0.0004959234999999,True,0.13866860848223683,0.13866861449853984
3,0.2573579751299185,0.0200213994422398,0.142627992,0.14362151,0.143124751,0.0052718994587655,0.0004967589999999,True,0.13822217645539797,0.13822218234243017
3,0.2573579751299185,0.0214131874906934,0.1420168,0.142826967,0.142421883,0.0052202473035598,0.0004050835,True,0.1373378272456846,0.1373378328666717
3,0.2573579751299185,0.0228030421345677,0.14129952,0.141987808,0.141643664,0.0051633544097923,0.0003441439999999,True,0.13646550321662274,0.13646550856160497
3,0.2573579751299185,0.0241909677632519,0.140285871,0.141417132,0.140851501,0.0051057622714543,0.0005656304999999,True,0.13560602969037733,0.1356060347494902
3,0.2573579751299185,0.0255769687492375,0.139602848,0.140676336,0.140139592,0.0050542803594549,0.000536744,True,0.13476024713749357,0.13476025190103647
3,0.2573579751299185,0.0262692500197347,0.139529144,0.140162168,0.139845656,0.0050331003787384,0.000316512,True,0.13434275493914616,0.13434275955132904
3,0.2573579751299185,0.0269610523684039,0.139000913,0.140016381,0.139508647,0.0050088714342254,0.0005077339999999,True,0.1339290047902215,0.1339290092487108
3,0.2573579751299185,0.0283432219755531,0.138353384,0.139310616,0.138832,0.0049604010542861,0.000478616,True,0.1331131595496491,0.13311316369388798
3,0.2573579751299185,0.0297234847971327,0.137787648,0.138493765,0.138140707,0.0049111249046011,0.0003530584999999,True,0.1323135655402849,0.13231356936142302
3,0.2573579751299185,0.0311018451189039,0.137111111,0.137950816,0.137530964,0.0048678658929409,0.0004198524999999,True,0.13153107192880226,0.1315310754184096
3,0.2573579751299185,0.0324783072102661,0.13632135,0.137296799,0.136809075,0.0048168979329538,0.0004877244999999,True,0.13076651455232902,0.13076651770245773
3,0.2573579751299185,0.0331658288980393,0.136005594,0.136984443,0.136495019,0.0047948081797793,0.0004894245,True,0.1303912171976456,0.13039122017522334
3,0.2573579751299185,0.0338528782244815,0.135743288,0.136660136,0.136201712,0.0047742236955062,0.0004584239999999,True,0.13002070750050904,0.1300207103037556
3,0.2573579751299185,0.0352255623865393,0.135051213,0.13604097,0.135546092,0.004728371950596,0.0004948785,True,0.12929443933993157,0.1292944417895065
3,0.2573579751299185,0.0365963639053792,0.134575007,0.135173625,0.134874316,0.0046816198015582,0.0002993089999999,True,0.1285884644098743,0.12858846649964656
3,0.2573579751299185,0.0379652898622111,0.133850085,0.134788983,0.134319534,0.0046431849572152,0.0004694489999999,True,0.1279034944702785,0.12790349619484495
3,0.2573579751299185,0.0393323444222792,0.133208351,0.134155581,0.133681966,0.0045992104109477,0.0004736149999999,True,0.1272401949946776,0.12724019634938094
3,0.2573579751299185,0.040015170565326,0.133038357,0.133650116,0.133344236,0.004576001158648,0.0003058795,True,0.12691686530244284,0.12691686647072076
3,0.2573579751299185,0.0406975317350841,0.132583538,0.133539589,0.133061564,0.0045566206978696,0.0004780254999999,True,0.1265991772841957,0.12659917826518594
3,0.2573579751299185,0.0420608588108932,0.132045018,0.133010248,0.132527633,0.0045201257142143,0.000482615,True,0.12598099134048424,0.1259809919447457
3,0.2573579751299185,0.0434223297562127,0.131595307,0.132222177,0.131908742,0.0044780072047858,0.000313435,True,0.12538612332993934,0.12538612355529188
3,0.2573579751299185,0.0447819486621018,0.130814485,0.131870371,0.131342428,0.0044396395513093,0.0005279429999999,True,0.12481498961625799,0.12481498946138467
3,0.2573579751299185,0.046139722468976,0.130475358,0.131329164,0.130902261,0.0044099323450062,0.0004269029999999,True,0.12426793188156231,0.12426793134600346
3,0.2573579751299185,0.046817918666469,0.130108865,0.131039226,0.130574045,0.0043878457015641,0.0004651805,True,0.12400351786672209,0.12400351714091992
3,0.2573579751299185,0.0474956542719723,0.129800247,0.130736107,0.130268177,0.00436731283592,0.0004679299999999,True,0.12374521701926662,0.12374521610342085
3,0.2573579751299185,0.0488497509655321,0.129360821,0.130234896,0.129797859,0.0043358344199985,0.0004370375,True,0.12324703210262802,0.12324703080771318
3,0.2573579751299185,0.0502020165604416,0.128944306,0.129460664,0.129202485,0.0042961492872943,0.0002581789999999,True,0.1227734860149841,0.12277348434302565
3,0.2573579751299185,0.0535747009494208,0.12767699,0.128286862,0.127981926,0.0042153623676607,0.000304936,True,0.12169741527373218,0.12169741267293098
3,0.2573579751299185,0.0569360485630673,0.126536788,0.127089926,0.126813357,0.0041387350936961,0.0002765689999999,True,0.12077366588619284,0.12077366238442362
3,0.2573579751299185,0.0602861353598865,0.125378767,0.125953942,0.125666355,0.0040642055791851,0.0002875875,True,0.11999782060097723,0.11999781623429992
3,0.2573579751299185,0.0636250365375283,0.124378599,0.124978157,0.124678378,0.0040005519860275,0.000299779,True,0.11936312562825699,0.11936312043822303
3,0.2573579751299185,0.066952826542914,0.123296448,0.124191887,0.123744167,0.0039408245854247,0.0004477194999999,True,0.1188610608188383,0.11886105484980762
3,0.2573579751299185,0.070269579082197,0.122506635,0.123163981,0.122835308,0.0038831491254664,0.000328673,True,0.11848196096756677,0.11848195426433439
3,0.2573579751299185,0.0735753671305579,0.121570462,0.122557474,0.122063968,0.0038345340476066,0.0004935059999999,True,0.11821560834743727,0.11821560095341849
3,0.2573579751299185,0.0768702629418386,0.121103561,0.121727297,0.121415429,0.0037938957088717,0.0003118679999999,True,0.11805173035900643,0.11805172231501859
3,0.2573579751299185,0.0801543389809916,0.120207775,0.121196905,0.12070234,0.0037494624638532,0.0004945649999999,True,0.11798036259598518,0.11798035393972933
3,0.2573579751299185,0.0834276642384894,0.119757175,0.120455673,0.120106424,0.0037125311323595,0.000349249,True,0.11799207000539809,0.11799206077126985
3,0.2573579751299185,0.0866903097864043,0.119355816,0.12009602,0.119725918,0.003689045249595,0.0003701019999999,True,0.11807804799714036,0.11807803821641777
3,0.2573579751299185,0.0899423450864444,0.118767226,0.119555712,0.119161469,0.003654343165416,0.0003942429999999,True,0.11823014485069562,0.118230134551713
3,0.2573579751299185,0.093183838924837,0.11839521,0.119235065,0.118815137,0.0036331320006199,0.0004199275,True,0.11844085001374371,0.1184408392220808
3,0.2573579751299185,0.0964148594210585,0.118004711,0.118901905,0.118453308,0.003611037662963,0.000448597,True,0.1187032831842312,0.11870327192275382
3,0.2573579751299185,0.0996354740364236,0.117612696,0.118732399,0.118172547,0.003593940005673,0.0005598514999999,True,0.11901119964765353,0.1190111879365234
3,0.2573579751299185,0.1028457495825377,0.11741436,0.11844295,0.117928655,0.0035791205113715,0.000514295,True,0.11935900702083047,0.11935899487763965
3,0.2573579751299185,0.106045752229612,0.117290359,0.118392085,0.117841222,0.0035738153166604,0.0005508629999999,True,0.11974177468767058,0.1197417621276192
3,0.2573579751299185,0.1092355475146481,0.117080163,0.118264705,0.117672434,0.0035635848535814,0.0005922709999999,True,0.12015521451971199,0.1201552015559613
3,0.2573579751299185,0.1124152003494911,0.117001272,0.118273989,0.11763763,0.003561477160874,0.0006363584999999,True,0.12059562013487182,0.12059560677908482
3,0.2573579751299185,0.1155847759196008,0.117108338,0.118472453,0.117790396,0.0035707331428317,0.0006820574999999,True,0.12105976789558537,0.12105975415842435
3,0.2573579751299185,0.1218939449447816,0.11708397,0.118666806,0.117875388,0.0035758879474911,0.000791418,True,0.1220481065415526,0.1220480920712829
3,0.2573579751299185,0.1281635577923942,0.117181401,0.119022916,0.118102158,0.0035896598491044,0.0009207575,True,0.12310003969914643,0.12310002453182758
3,0.2573579751299185,0.1405860774651329,0.118117676,0.120188659,0.119153167,0.0036538339857227,0.0010354914999999,True,0.12532981338852534,0.12532979690644652
4,0.3504449006096699,-0.2955391143238779,0.303679384,0.305214501,0.304446942,0.0324820160938374,0.0007675585,True,0.2956081227531404,0.2956081263443128
4,0.3504449006096699,-0.2860603694565299,0.299182042,0.300286542,0.299734292,0.0314841961883493,0.00055225,True,0.29212800984051335,0.2921280137791219
4,0.3504449006096699,-0.2813544792940665,0.296874513,0.298672691,0.297773602,0.0310736402614975,0.0008990889999999,True,0.2903832708949092,0.29038327500581584
4,0.3504449006096699,-0.2766706295296804,0.294706607,0.296291046,0.295498826,0.0306006931823573,0.0007922194999999,True,0.2886352524278047,0.28863525670998147
4,0.3504449006096699,-0.2720086159761136,0.292495016,0.294217157,0.293356087,0.0301585149879025,0.0008610705,True,0.28688384588037175,0.2868838503327627
4,0.3504449006096699,-0.2673682372825232,0.29041072,0.291423584,0.290917152,0.0296591294442968,0.000506432,True,0.2851289391365888,0.28512894375813375
4,0.3504449006096699,-0.2627492909806868,0.288278417,0.289762388,0.289020403,0.0292736414632878,0.0007419854999999,True,0.28337040770905775,0.28337041249866646
4,0.3504449006096699,-0.258151581290603,0.286099789,0.287069625,0.286584707,0.0287823180406471,0.000484918,True,0.28160811832952826,0.28160812328607066
4,0.3504449006096699,-0.2535749151143923,0.28387639,0.285455718,0.284666054,0.0283982192201275,0.000789664,True,0.2798419349677491,0.27984194008999397
4,0.3504449006096699,-0.249019098139228,0.281765032,0.282848368,0.2823067,0.027929432779018,0.0005416679999999,True,0.2780717254460503,0.2780717307327055
4,0.3504449006096699,-0.2444839425385087,0.279757102,0.281268339,0.28051272,0.0275755931946705,0.0007556184999999,True,0.27629736691851314,0.27629737236820273
4,0.3504449006096699,-0.239969263023786,0.277695762,0.278879638,0.2782877,0.0271398702923296,0.0005919379999999,True,0.2745187397461596,0.27451874535749005
4,0.3504449006096699,-0.2354748730027092,0.275437429,0.276885752,0.27616159,0.0267267587715262,0.0007241614999999,True,0.2727357181942258,0.2727357239657474
4,0.3504449006096699,-0.2310005921784188,0.273420017,0.274695666,0.274057841,0.0263211105363693,0.0006378244999999,True,0.27094816851327513,0.2709481744434816
4,0.3504449006096699,-0.2265462426577464,0.271348123,0.272734637,0.27204138,0.0259352048938072,0.000693257,True,0.2691559488260996,0.2691559549134147
4,0.3504449006096699,-0.2221116451625441,0.269359747,0.270445674,0.269902711,0.0255290255771332,0.0005429635,True,0.26735891388328886,0.2673589201260341
4,0.3504449006096699,-0.2176966265298558,0.267181243,0.268641931,0.267911587,0.0251537499184084,0.0007303439999999,True,0.26555692439557144,0.26555693079197185
4,0.3504449006096699,-0.2133010158747189,0.265214322,0.266384365,0.265799343,0.0247586836712537,0.0005850215,True,0.26374984731248974,0.2637498538606712
4,0.3504449006096699,-0.2089246408533259,0.263060775,0.264460388,0.263760582,0.0243803271932471,0.0006998064999999,True,0.2619375505972945,0.2619375572953081
4,0.3504449006096699,-0.2045673350664421,0.261230436,0.262350891,0.261790664,0.0240175140900265,0.0005602274999999,True,0.26011990011418656,0.26011990696001847
4,0.3504449006096699,-0.2002289342752166,0.259089546,0.260430062,0.259759804,0.0236463242588829,0.000670258,True,0.2582967539906074,0.25829676098214993
4,0.3504449006096699,-0.1959092727146963,0.257134431,0.258208478,0.257671454,0.0232676413605887,0.0005370235,True,0.2564679618060054,0.25646796894105367
4,0.3504449006096699,-0.1916081904028726,0.25500001,0.256285253,0.255642632,0.0229026800121955,0.0006426214999999,True,0.2546333725163932,0.25463337979260364
4,0.3504449006096699,-0.1873255294079835,0.253154398,0.254183774,0.253669086,0.0225504302839673,0.0005146879999999,True,0.2527928383363462,0.2527928457512467
4,0.3504449006096699,-0.1830611302109661,0.251015982,0.252359743,0.251687862,0.0221995559783342,0.0006718804999999,True,0.25094621550104246,0.2509462230520242
4,0.3504449006096699,-0.1788148389224343,0.24915067,0.250137799,0.249644234,0.0218405124534664,0.0004935645,True,0.24909336529630405,0.24909337298064188
4,0.3504449006096699,-0.1745865036000216,0.247108725,0.248290042,0.247699383,0.0215015413884417,0.0005906584999999,True,0.24723414775359026,0.24723415556843978
4,0.3504449006096699,-0.1703759706584216,0.24521515,0.246161926,0.245688538,0.0211538556687962,0.000473388,True,0.2453684160760704,0.24536842401847325
4,0.3504449006096699,-0.1661830919965204,0.24314879,0.244282266,0.243715528,0.0208154663824702,0.0005667379999999,True,0.2434960192824491,0.24349602734928355
4,0.3504449006096699,-0.1620077213633927,0.241322545,0.242230936,0.24177674,0.0204856043082415,0.0004541955,True,0.24161680390179752,0.24161681208978447
4,0.3504449006096699,-0.1578497108146407,0.239124848,0.240311999,0.239718424,0.0201382891609559,0.0005935754999999,True,0.2397306172167845,0.2397306255224593
4,0.3504449006096699,-0.1537089177518274,0.237352692,0.23822504,0.237788866,0.0198153969352996,0.0004361739999999,True,0.23783731381152623,0.2378373222312316
4,0.3504449006096699,-0.1495852013358017,0.235216758,0.236356866,0.235786812,0.0194831316861632,0.000570054,True,0.23593675397245828,0.23593676250237258
4,0.3504449006096699,-0.1454784189880981,0.233389215,0.23432039,0.233854803,0.0191651548653482,0.0004655874999999,True,0.23402879906198032,0.23402880769809442
4,0.3504449006096699,-0.1422050937905377,0.231632064,0.232732301,0.232182182,0.0188919819271172,0.0005501185,True,0.23249701825307262,0.23249702697114177
4,0.3504449006096699,-0.1413884344966197,0.23120912,0.232305148,0.231757134,0.0188228754268483,0.0005480139999999,True,0.23211331157583356,0.23211332031396242
4,0.3504449006096699,-0.1405724404399962,0.230874564,0.23196605,0.231420307,0.0187682022838351,0.000545743,True,0.23172929738340314,0.23172930614141443
4,0.3504449006096699,-0.1389424483021699,0.230104616,0.231097425,0.230601021,0.0186355492146664,0.0004964044999999,True,0.23096034404444302,0.23096035284168764
4,0.3504449006096699,-0.1373151087156617,0.229412037,0.230217991,0.229815014,0.0185087266302363,0.0004029769999999,True,0.2301901490781416,0.23019015791389832
4,0.3504449006096699,-0.1356904130612903,0.228527857,0.229593979,0.229060918,0.0183874599016982,0.000533061,True,0.22941870334601924,0.22941871221954804
4,0.3504449006096699,-0.1340683527618172,0.22772127,0.228779218,0.228250244,0.0182575393694454,0.000528974,True,0.2286459977787448,0.22864600668929663
4,0.3504449006096699,-0.1332583076299099,0.227269473,0.228323546,0.22779651,0.0181850239376104,0.0005270364999999,True,0.22825916948121522,0.2282591784099899
4,0.3504449006096699,-0.1324489192816751,0.226902683,0.227952592,0.227427638,0.0181261774254759,0.0005249545,True,0.22787202342702817,0.2278720323738279
4,0.3504449006096699,-0.1308321041266974,0.226159172,0.227200865,0.226680018,0.0180072013937116,0.0005208465,True,0.22709677150905414,0.22709678049132304
4,0.3504449006096699,-0.1292178988438519,0.225488796,0.226350146,0.225919471,0.0178865701343612,0.000430675,True,0.22632023345047284,0.22632024246740712
4,0.3504449006096699,-0.1276062938848695,0.224632861,0.225573209,0.225103035,0.017757525454412,0.000470174,True,0.2255424003643439,0.22554240941512563
4,0.3504449006096699,-0.1259972831522302,0.223765322,0.224783497,0.224274409,0.0176270317467563,0.0005090875,True,0.22476326526364782,0.22476327434744342
4,0.3504449006096699,-0.1251937481556738,0.223369561,0.224383885,0.223876723,0.017564574254165,0.000507162,True,0.22437320707133485,0.2243732161713176
4,0.3504449006096699,-0.1243908571767835,0.222970613,0.223981118,0.223475866,0.0175017309267536,0.0005052524999999,True,0.22398281977169515,0.2239828288876526
4,0.3504449006096699,-0.1227870076674024,0.222163209,0.223166171,0.22266469,0.0173749054388062,0.0005014809999999,True,0.22320105630686946,0.22320106545412097
4,0.3504449006096699,-0.1211857263727897,0.221509345,0.222338752,0.221924048,0.0172595105592162,0.0004147035,True,0.2224179675143858,0.22241797669205127
4,0.3504449006096699,-0.1195870050812228,0.220593168,0.221581169,0.221087169,0.0171295842392507,0.0004940004999999,True,0.22163354623919973,0.22163355544637098
4,0.3504449006096699,-0.1179908356203005,0.219911316,0.220728474,0.220319895,0.0170108955029712,0.000408579,True,0.22084778549552658,0.22084779473129118
4,0.3504449006096699,-0.1171937058453149,0.219401802,0.220378855,0.219890329,0.0169446266017783,0.0004885265,True,0.22045440095654856,0.22045441020625534
4,0.3504449006096699,-0.1163972098566935,0.218971047,0.21994459,0.219457818,0.0168780340432289,0.0004867714999999,True,0.22006067843734653,0.22006068770076478
4,0.3504449006096699,-0.1148061196958947,0.21818102,0.219147401,0.218664211,0.0167561855045771,0.0004831904999999,True,0.2192722183338963,0.21927222762401727
4,0.3504449006096699,-0.113217557081973,0.217537736,0.218337004,0.21793737,0.0166449753444414,0.0003996339999999,True,0.2184823985537685,0.21848240786962553
4,0.3504449006096699,-0.1116315139973288,0.21656107,0.217592745,0.217076907,0.016513799020612,0.0005158375,True,0.21769121256035476,0.2176912219009568
4,0.3504449006096699,-0.1100479824624504,0.215731331,0.216755637,0.216243484,0.0163872396364906,0.000512153,True,0.21689865392014404,0.21689866328448607
4,0.3504449006096699,-0.1092571554852069,0.215350866,0.216371424,0.215861145,0.0163293424761483,0.000510279,True,0.21650185760019025,0.21650186697601886
4,0.3504449006096699,-0.108466954535674,0.214966863,0.215983706,0.215475284,0.0162710158616717,0.0005084214999999,True,0.21610471632429762,0.21610472571135497
4,0.3504449006096699,-0.1068884223129439,0.214188289,0.215120244,0.214654266,0.0161472583116364,0.0004659774999999,True,0.21530939362250268,0.21530940303122992
4,0.3504449006096699,-0.1053123779275766,0.213472904,0.214321014,0.213896959,0.0160335232265452,0.000424055,True,0.21451267986711242,0.21451268929643963
4,0.3504449006096699,-0.1037388135500238,0.212589217,0.213507987,0.213048602,0.0159065912931884,0.000459385,True,0.21371456936454145,0.21371457881337966
4,0.3504449006096699,-0.1021677202800718,0.2117689,0.212757183,0.212263041,0.0157895047643735,0.0004941414999999,True,0.21291505616589135,0.21291506563312473
4,0.3504449006096699,-0.1013830994086202,0.211353583,0.212338432,0.211846008,0.0157275224617676,0.0004924244999999,True,0.21251477274715558,0.2125147822231686
4,0.3504449006096699,-0.1005990925786215,0.210934839,0.211916285,0.211425562,0.0156651562925102,0.0004907229999999,True,0.21211413637936777,0.21211414586386984
4,0.3504449006096699,-0.0990329216168298,0.210162167,0.211136716,0.210649442,0.0155503572533528,0.0004872744999999,True,0.21131180483739412,0.21131181433800272
4,0.3504449006096699,-0.0974691997113786,0.209449382,0.210342634,0.209896008,0.0154393176509516,0.000446626,True,0.21050805739666462,0.21050806691220034
4,0.3504449006096699,-0.095907919214937,0.208647011,0.209534125,0.209090568,0.0153210535192682,0.0004435569999999,True,0.2097028904103441,0.20970289993960217
4,0.3504449006096699,-0.0943490725159371,0.207683163,0.208711266,0.208197215,0.0151904128143819,0.0005140515,True,0.2088963007534969,0.20889631029524294
4,0.3504449006096699,-0.093570560020631,0.207306485,0.208257926,0.207782205,0.0151299135420068,0.0004757204999999,True,0.20849247187872286,0.2084924814262414
4,0.3504449006096699,-0.0927926520383515,0.206925965,0.207874131,0.207400048,0.0150743102704477,0.000474083,True,0.2080882858380938,0.20808829539107415
4,0.3504449006096699,-0.0912386502414722,0.206080929,0.207095156,0.206588042,0.0149565044277441,0.0005071135,True,0.20727884361852505,0.20727885318146
4,0.3504449006096699,-0.0896870596196917,0.205437718,0.206301069,0.205869394,0.0148526284549796,0.0004316755,True,0.20646797258967514,0.20646798216125972
4,0.3504449006096699,-0.0881378727022852,0.204491256,0.205491949,0.204991603,0.0147262404716406,0.0005003464999999,True,0.2056556717803449,0.20565568135925133
4,0.3504449006096699,-0.0865910820531946,0.203673757,0.204667866,0.204170811,0.0146085480248103,0.0004970544999999,True,0.20484194074538245,0.20484195033025157
4,0.3504449006096699,-0.0858185824701219,0.203259371,0.204250233,0.203754802,0.0145490772706352,0.000495431,True,0.2044345386089937,0.20443454819633045
4,0.3504449006096699,-0.0850466802708151,0.202841239,0.203828883,0.203335061,0.0144891959422771,0.0004938219999999,True,0.20402677956012705,0.2040267891495812
4,0.3504449006096699,-0.0835046599877817,0.202063918,0.203045079,0.202554499,0.0143781672996345,0.0004905804999999,True,0.20321018882058872,0.2032101984132157
4,0.3504449006096699,-0.0819650138707591,0.201340474,0.202176017,0.201758246,0.0142653467378011,0.0004177715,True,0.20239216965237602,0.20239217924674044
4,0.3504449006096699,-0.0804277346202324,0.200392665,0.201361347,0.200877006,0.0141410024776124,0.0004843409999999,True,0.2015727237307214,0.20157273332535897
4,0.3504449006096699,-0.0788928149702986,0.199568553,0.200599796,0.200084175,0.0140295979872433,0.0005156214999999,True,0.20075185331295753,0.20075186290637667
4,0.3504449006096699,-0.0781262371934701,0.199184929,0.200144402,0.199664665,0.013970828855464,0.0004797364999999,True,0.20034088450345014,0.20034089409568992
4,0.3504449006096699,-0.0773602466080305,0.198728809,0.199753609,0.199241209,0.0139116320232366,0.0005123999999999,True,0.19992956070322282,0.19992957029389613
4,0.3504449006096699,-0.0758300244966484,0.197941432,0.19895979,0.198450611,0.0138014471149693,0.0005091789999999,True,0.19910585063161804,0.19910586021799645
4,0.3504449006096699,-0.0743021403877687,0.197272704,0.198082292,0.197677498,0.0136941227366042,0.000404794,True,0.1982807268415752,0.19828073642207267
4,0.3504449006096699,-0.0727765871478944,0.196250458,0.197323419,0.196786938,0.0135710134587356,0.0005364805,True,0.19745419448600704,0.19745420405899852
4,0.3504449006096699,-0.0712533576761257,0.195481191,0.196480962,0.195981077,0.0134600918915175,0.0004998855,True,0.19662625962966424,0.19662626919349885
4,0.3504449006096699,-0.0704926126796329,0.195056906,0.196053683,0.195555295,0.0134016695236796,0.0004983885,True,0.19621176872160104,0.1962117782802259
4,0.3504449006096699,-0.0697324449039628,0.194628563,0.195688577,0.19515857,0.0133473484761021,0.0005300069999999,True,0.19579692933354828,0.19579693888653935
4,0.3504449006096699,-0.0682138417951086,0.193759717,0.194813499,0.194286608,0.0132283439074271,0.000526891,True,0.19496621173861448,0.19496622127903307
4,0.3504449006096699,-0.0666975413452733,0.193136738,0.193987772,0.193562255,0.0131298900966667,0.000425517,True,0.19413411614611203,0.1941341256722019
4,0.3504449006096699,-0.0651835365819809,0.192168878,0.193210271,0.192689574,0.013011764010623,0.0005206965,True,0.19330065309254998,0.19330066260250825
4,0.3504449006096699,-0.0636718205643763,0.191379885,0.192350562,0.191865224,0.0129006702619768,0.0004853385,True,0.1924658344179214,0.19246584390991342
4,0.3504449006096699,-0.0629168181423201,0.190914206,0.191946662,0.191430434,0.0128422675262028,0.0005162279999999,True,0.192047920499379,0.1920479299816846
4,0.3504449006096699,-0.0621623863830352,0.190508879,0.191538388,0.191023633,0.0127877443634477,0.0005147545,True,0.19162967332698064,0.19162968279913023
4,0.3504449006096699,-0.0606552271597735,0.189685023,0.190708732,0.190196878,0.0126772925542193,0.0005118544999999,True,0.19079218444413987,0.1907921938945326
4,0.3504449006096699,-0.0591503360474605,0.189034558,0.189861615,0.189448087,0.0125776699236717,0.0004135285,True,0.18995338386355726,0.1899533932902384
4,0.3504449006096699,-0.0576477062298314,0.188047886,0.189060287,0.188554086,0.0124592425642539,0.0005062004999999,True,0.18911328919677897,0.1891132985977516
4,0.3504449006096699,-0.0561473309213019,0.187233931,0.188240825,0.187737378,0.0123515437501446,0.000503447,True,0.18827191962082654,0.18827192899405168
4,0.3504449006096699,-0.0553979860673181,0.186788713,0.187792934,0.187290824,0.012292854622186,0.0005021104999999,True,0.1878507628781598,0.1878507722367329
4,0.3504449006096699,-0.0546492023106153,0.186401732,0.187403242,0.186902487,0.0122419303845609,0.000500755,True,0.18742929533506184,0.18742930467846136
4,0.3504449006096699,-0.053153315786918,0.185551294,0.18654754,0.186049417,0.0121304349093556,0.000498123,True,0.18658543999884644,0.1865854493102932
4,0.3504449006096699,-0.0516596635978174,0.184868513,0.185735622,0.185302068,0.0120331762301255,0.0004335544999999,True,0.18574037723346107,0.18574038651078928
4,0.3504449006096699,-0.0501682390786284,0.18391897,0.184904927,0.184411949,0.0119178485031349,0.0004929785,True,0.18489413308081587,0.18489414232181123
4,0.3504449006096699,-0.0486790355944408,0.183074453,0.184055447,0.18356495,0.0118086232153467,0.000490497,True,0.1840467355056391,0.18404674470803872
4,0.3504449006096699,-0.0479352651997125,0.182706283,0.18368479,0.183195536,0.0117611426769776,0.0004892534999999,True,0.18362261377590386,0.18362262295814188
4,0.3504449006096699,-0.0471920465399427,0.182272045,0.183248145,0.182760095,0.011705298551066,0.00048805,True,0.18319821450746915,0.18319822366896238
4,0.3504449006096699,-0.0457072653392447,0.181450088,0.182421415,0.181935751,0.0115999426070795,0.0004856634999999,True,0.18234860224865268,0.1823486113668773
4,0.3504449006096699,-0.0442246854457048,0.180789866,0.181575236,0.181182551,0.0115040956796758,0.000392685,True,0.18149793319765545,0.18149794227019886
4,0.3504449006096699,-0.0427443003417564,0.179807588,0.180769688,0.180288638,0.011390858593462,0.00048105,True,0.18064624428629905,0.18064625331069173
4,0.3504449006096699,-0.0412661035387347,0.178986412,0.179944059,0.179465236,0.0112870490833114,0.0004788234999999,True,0.17979357507881982,0.17979358405253953
4,0.3504449006096699,-0.0405278232095448,0.178568238,0.179523704,0.179045971,0.0112343732893454,0.000477733,True,0.17936688569030604,0.1793668946377266
4,0.3504449006096699,-0.0397900885767078,0.178144999,0.179098314,0.178621656,0.0111811884608626,0.0004766575,True,0.17893996795032577,0.17893997687079316
4,0.3504449006096699,-0.0383162490243064,0.177342634,0.178291704,0.177817169,0.0110806982450817,0.0004745349999999,True,0.17808546827197483,0.17808547713655046
4,0.3504449006096699,-0.0368445784785554,0.176637551,0.177464351,0.177050951,0.0109854100543752,0.0004133999999999,True,0.1772301246003463,0.1772301334063314
4,0.3504449006096699,-0.0353750705647077,0.175675258,0.176616203,0.17614573,0.0108733654418138,0.0004704724999999,True,0.17637398886881697,0.17637399761345302
4,0.3504449006096699,-0.0339077189360781,0.174868703,0.17580574,0.175337221,0.0107737770160053,0.0004685185,True,0.17551711657930177,0.17551712525976132
4,0.3504449006096699,-0.0331748492361481,0.174457351,0.17539248,0.174924915,0.0107231674525176,0.0004675644999999,True,0.1750884222899735,0.17508843093726978
4,0.3504449006096699,-0.032442517273879,0.174098943,0.174973856,0.1745364,0.0106755872109544,0.0004374565,True,0.17465956699344928,0.17465957560684547
4,0.3504449006096699,-0.0309794582555928,0.173248994,0.174178562,0.173713778,0.0105751923663285,0.000464784,True,0.17380140271759897,0.17380141126098045
4,0.3504449006096699,-0.0295185376821726,0.172550993,0.173361235,0.172956114,0.0104831447550788,0.0004051209999999,True,0.17294269231586057,0.1729427007862072
4,0.3504449006096699,-0.0280597482845741,0.171656881,0.172521788,0.172089335,0.0103783343427943,0.0004324534999999,True,0.1720835068699891,0.1720835152642102
4,0.3504449006096699,-0.0266030838539792,0.170798313,0.171717565,0.171257939,0.0102782971999811,0.0004596259999999,True,0.1712239225976478,0.1712239309125872
4,0.3504449006096699,-0.0258755470815715,0.170389295,0.171306933,0.170848114,0.0102291635586983,0.0004588189999999,True,0.17079400631174574,0.1707940145858387
4,0.3504449006096699,-0.0251485382086625,0.170031807,0.170890601,0.170461204,0.0101828852110291,0.0004293969999999,True,0.1703640204510561,0.17036402868348496
4,0.3504449006096699,-0.0236961051938347,0.169184866,0.170097837,0.169641352,0.0100851693414593,0.0004564855,True,0.16950388633106958,0.1695038944776871
4,0.3504449006096699,-0.0222457786814854,0.168542342,0.169281718,0.16891203,0.0099986394386956,0.0003696879999999,True,0.16864361131465727,0.1686436193720892
4,0.3504449006096699,-0.0207975525702289,0.167591623,0.168442114,0.168016868,0.0098929431728592,0.0004252455,True,0.16778329189879768,0.16778329986359616
4,0.3504449006096699,-0.0193514207851492,0.166787445,0.167635404,0.167211425,0.0097983204977553,0.0004239794999999,True,0.16692303026324723,0.16692303813188447
4,0.3504449006096699,-0.018629137864313,0.166376273,0.167223014,0.166799644,0.0097501205121856,0.0004233705,True,0.16649295436406927,0.16649296218327833
4,0.3504449006096699,-0.0179073772776482,0.165959021,0.166860941,0.166409981,0.0097046189347926,0.00045096,True,0.16606293455407345,0.16606294232294563
4,0.3504449006096699,-0.0164654160252931,0.165162407,0.166118103,0.165640255,0.0096150495286847,0.0004778479999999,True,0.16520311918889377,0.16520312685431526
4,0.3504449006096699,-0.0150255310316658,0.164509132,0.165238085,0.164873609,0.0095262513004722,0.0003644765,True,0.1643437051838353,0.1643437127420426
4,0.3504449006096699,-0.0135877163262138,0.16371809,0.164445283,0.164081687,0.009434957973206,0.0003635964999999,True,0.1634848205012676,0.16348482794841018
4,0.3504449006096699,-0.0121519659641008,0.1627341,0.163627087,0.163180593,0.0093316138477243,0.0004464935,True,0.16262660041634314,0.16262660774848867
4,0.3504449006096699,-0.0114348625552806,0.162372128,0.163208402,0.162790265,0.0092870247969777,0.0004181369999999,True,0.16219778366248533,0.16219779093563017
4,0.3504449006096699,-0.0107182740260602,0.161947882,0.162838982,0.162393432,0.0092418021176805,0.00044555,True,0.16176918789958364,0.16176919511271073
4,0.3504449006096699,-0.0092866346182478,0.161191055,0.162024829,0.161607942,0.0091526139468047,0.000416887,True,0.16091273401201173,0.16091274110201723
4,0.3504449006096699,-0.007857040864209,0.160518574,0.161295368,0.160906971,0.0090733876061436,0.0003883969999999,True,0.16005739770582617,0.16005740466851778
4,0.3504449006096699,-0.0064294889377239,0.159597294,0.160539013,0.160068153,0.0089790339221846,0.0004708595,True,0.1592033486454894,0.15920335547658607
4,0.3504449006096699,-0.005003972011019,0.158815184,0.159700219,0.159257702,0.0088883394973363,0.0004425175,True,0.15835076399480355,0.15835077068994113
4,0.3504449006096699,-0.004291975363269,0.158441456,0.159325906,0.158883681,0.0088466395125457,0.0004422249999999,True,0.15792507932096128,0.1579250859464527
4,0.3504449006096699,-0.0035804842904976,0.158005529,0.158944676,0.158475103,0.0088011987881073,0.0004695735,True,0.15749983123554034,0.15749983779026325
4,0.3504449006096699,-0.0021590200072699,0.157278404,0.158161336,0.15771987,0.0087175122381358,0.000441466,True,0.15665074795942097,0.15665075436919126
4,0.3504449006096699,-0.0007395734170114,0.156633184,0.157405043,0.157019114,0.0086402197819637,0.0003859294999999,True,0.1558037222525763,0.15580372851277152
4,0.3504449006096699,0.0006778612001753,0.155524155,0.156405636,0.155964896,0.0085245893035361,0.0004407404999999,True,0.15495897306567413,0.1549589791715894
4,0.3504449006096699,0.0020932895399001,0.154791568,0.155672582,0.155232075,0.0084446697567868,0.000440507,True,0.15411673056717667,0.15411673651402805
4,0.3504449006096699,0.0028002536275862,0.154414258,0.155295104,0.154854681,0.008403658983928,0.0004404229999999,True,0.1536966241076333,0.1536966299731336
4,0.3504449006096699,0.0035067172736206,0.154029546,0.155020359,0.154524952,0.0083679095960242,0.0004954065,True,0.15327723647762032,0.1532772422605489
4,0.3504449006096699,0.0049181500487808,0.153292775,0.154173385,0.15373308,0.0082823656788725,0.000440305,True,0.1524407443828525,0.1524407499969234
4,0.3504449006096699,0.006327593488945,0.152801052,0.153406521,0.153103787,0.0082146981704928,0.0003027344999999,True,0.15160752002415173,0.15160752546436793
4,0.3504449006096699,0.007735053193933,0.15189352,0.152774463,0.152333992,0.0081322999971906,0.0004404714999999,True,0.15077784156276017,0.15077784682405512
4,0.3504449006096699,0.0091405347399526,0.151120205,0.151946517,0.151533361,0.0080470417913239,0.0004131559999999,True,0.14995199981569649,0.14995200489295155
4,0.3504449006096699,0.0098425359345937,0.15072182,0.15160352,0.15116267,0.0080077195274475,0.0004408499999999,True,0.14954061181176034,0.1495406167950614
4,0.3504449006096699,0.0105440436797333,0.150370669,0.15125272,0.150811694,0.007970577360288,0.0004410254999999,True,0.14913029845874654,0.14913030334679211
4,0.3504449006096699,0.0119455855426578,0.149644588,0.150472315,0.150058452,0.0078911567226594,0.0004138635,True,0.14831305419127594,0.1483130588849004
4,0.3504449006096699,0.0133451668216348,0.149052174,0.149770398,0.149411286,0.0078232381766086,0.0003591119999999,True,0.14750059628467443,0.1475006007786265
4,0.3504449006096699,0.0147427910248786,0.148206335,0.149091586,0.14864896,0.0077436104104213,0.0004426255,True,0.14669326893830156,0.1466932732273142
4,0.3504449006096699,0.016138464600636,0.147548917,0.148380242,0.147964579,0.0076724712624268,0.0004156624999999,True,0.14589142784294762,0.14589143192172954
4,0.3504449006096699,0.0168355711115965,0.147180105,0.148012214,0.147596159,0.0076343111464999,0.0004160544999999,True,0.14549267985016734,0.14549268382185568
4,0.3504449006096699,0.0175321929861985,0.146802911,0.147635858,0.147219384,0.007595384033154,0.0004164735,True,0.14509544240522373,0.14509544626849175
4,0.3504449006096699,0.0189239815961553,0.146134394,0.147024816,0.146579605,0.0075295121585935,0.000445211,True,0.14430569501238136,0.1443056986548571
4,0.3504449006096699,0.0203138358225183,0.145599367,0.146268818,0.145934092,0.0074633406639081,0.0003347254999999,True,0.14352258076961727,0.1435225841860526
4,0.3504449006096699,0.021701761034849,0.144751039,0.145646091,0.145198565,0.0073882978192705,0.000447526,True,0.14274650712003875,0.14274651030522537
4,0.3504449006096699,0.0230877625803822,0.144091425,0.144933058,0.144512241,0.0073186169395186,0.0004208165,True,0.14197789333209,0.14197789628087798
4,0.3504449006096699,0.0237800431547855,0.143748505,0.144647678,0.144198092,0.0072868322660548,0.0004495865,True,0.1415965182503052,0.14159652107898693
4,0.3504449006096699,0.0244718457841489,0.143453039,0.144297421,0.14387523,0.0072542381116599,0.000422191,True,0.14121716983960658,0.14121717254692528
4,0.3504449006096699,0.0258540159491006,0.142779314,0.143626708,0.143203011,0.0071866094481554,0.000423697,True,0.1404647774207584,0.14046477988164094
4,0.3504449006096699,0.0272342783562302,0.14223974,0.14297695,0.142608345,0.0071270470282869,0.0003686049999999,True,0.13972116620368016,0.13972116841328175
4,0.3504449006096699,0.0286126382646929,0.141436983,0.142291186,0.141864085,0.0070528503255212,0.0004271014999999,True,0.13898679448907092,0.1389867964426868
4,0.3504449006096699,0.0299891009119272,0.140825054,0.141683037,0.141254045,0.0069923238008225,0.0004289915,True,0.1382621273829196,0.13826212907601798
4,0.3504449006096699,0.0306766228782689,0.140505342,0.141365328,0.140935335,0.0069608059859295,0.000429993,True,0.13790357963237881,0.1379035811935772
4,0.3504449006096699,0.0313636715137737,0.140176338,0.141095855,0.140636097,0.0069312785947367,0.0004597584999999,True,0.1375476352361713,0.13754763666441144
4,0.3504449006096699,0.0327363552645942,0.139547832,0.140471998,0.140009915,0.0068696929915338,0.0004620829999999,True,0.1368437918921636,0.13684379305143177
4,0.3504449006096699,0.0341071573373885,0.139113887,0.139868731,0.139491309,0.0068188956486195,0.000377422,True,0.136151072747099,0.136151073633518
4,0.3504449006096699,0.0354760838490587,0.138351801,0.139227808,0.138789805,0.0067504834370986,0.0004380035,True,0.1354699521571623,0.13546995276713705
4,0.3504449006096699,0.0368431379986219,0.137667,0.138607081,0.13813704,0.0066871341600458,0.0004700404999999,True,0.134800903073767,0.13480090340399487
4,0.3504449006096699,0.0375259644160267,0.137486621,0.138311702,0.137899161,0.0066641228210311,0.0004125405,True,0.13447105152311156,0.1344710517123287
4,0.3504449006096699,0.0382083258621611,0.137178973,0.1380658,0.137622387,0.0066373988738317,0.0004434134999999,True,0.13414439173813442,0.13414439178563894
4,0.3504449006096699,0.0395716525283931,0.136593651,0.137486388,0.13704002,0.0065813436973643,0.0004463684999999,True,0.13350087707155672,0.13350087683370726
4,0.3504449006096699,0.0409331230652496,0.136148791,0.136867932,0.136508361,0.006530376932942,0.0003595705,True,0.13287080755946562,0.13287080703400045
4,0.3504449006096699,0.0422927425199915,0.135364062,0.1363301,0.135847081,0.0064672606825755,0.000483019,True,0.13225461856123194,0.132254617746279
4,0.3504449006096699,0.0443287114351359,0.134624808,0.13547991,0.135052359,0.0063918134893724,0.0004275509999999,True,0.13135727393523688,0.13135727268343225
4,0.3504449006096699,0.0477128097457975,0.133400815,0.134211585,0.1338062,0.0062744002500851,0.0004053849999999,True,0.12993676415190655,0.1299367621686263
4,0.3504449006096699,0.0510854945486594,0.131985015,0.132878897,0.132431956,0.0061461808055869,0.0004469409999999,True,0.12861471845899308,0.1286147157460049
4,0.3504449006096699,0.0544468416264021,0.130887308,0.13167312,0.131280214,0.0060397407429095,0.0003929059999999,True,0.12739547293626718,0.12739546950231936
4,0.3504449006096699,0.0577969288347441,0.129595202,0.130537936,0.130066569,0.0059285858525891,0.000471367,True,0.12628207780344225,0.12628207366394134
4,0.3504449006096699,0.0611358304211647,0.12864893,0.129412027,0.129030478,0.0058345095783744,0.0003815485,True,0.12527618515423491,0.12527618033058818
4,0.3504449006096699,0.0644636198950431,0.127438584,0.128370365,0.127904474,0.0057331224399831,0.0004658904999999,True,0.12437801072921262,0.12437800524788262
4,0.3504449006096699,0.0677803728408044,0.126609341,0.127425117,0.127017229,0.0056538595110178,0.000407888,True,0.12358637580531304,0.12358636969663345
4,0.3504449006096699,0.0710861612929605,0.125591228,0.126514737,0.126052982,0.0055683431782847,0.0004617544999999,True,0.12289882424372814,0.1228988175406555
4,0.3504449006096699,0.074381056577062,0.124849016,0.12564893,0.125248973,0.0054975361248084,0.0003999569999999,True,0.12231179576492406,0.12231178850177046
4,0.3504449006096699,0.0776651320947931,0.123922477,0.124839792,0.124381135,0.0054216162694272,0.0004586575,True,0.12182083849821992,0.12182083070951191
4,0.3504449006096699,0.0809384577542345,0.123318977,0.124102283,0.12371063,0.0053633208925363,0.0003916529999999,True,0.1214208393967195,0.12142083111622257
4,0.3504449006096699,0.0842011027822281,0.12245235,0.12345476,0.122953555,0.0052978776595831,0.0005012049999999,True,0.12110624842043019,0.12110623968042458
4,0.3504449006096699,0.087453138481985,0.121965146,0.122824511,0.122394828,0.005249837703281,0.0004296825,True,0.12087128155644158,0.12087127238721099
4,0.3504449006096699,0.0906946327175069,0.121321174,0.122224377,0.121772776,0.0051966103983345,0.0004516014999999,True,0.12071009202064006,0.12071008245017104
4,0.3504449006096699,0.0939256526979454,0.12082515,0.121670154,0.121247652,0.0051518880712294,0.0004225019999999,True,0.12061690386882301,0.12061689392267691
4,0.3504449006096699,0.0971462677082679,0.120289835,0.121181209,0.120735522,0.0051084585410862,0.000445687,True,0.12058611087140991,0.12058610057270086
4,0.3504449006096699,0.1003565436468072,0.120076168,0.120781146,0.120428657,0.0050825239202591,0.000352489,True,0.12061234584722458,0.12061233521670045
4,0.3504449006096699,0.1035565457821744,0.119628641,0.120498463,0.120063552,0.0050517531380136,0.000434911,True,0.12069052690608989,0.12069051596221714
4,0.3504449006096699,0.1067463414575163,0.119315805,0.120105854,0.119710829,0.0050221146323703,0.0003950245,True,0.12081588746074387,0.12081587621984494
4,0.3504449006096699,0.1099259946801868,0.11889608,0.119874493,0.119385286,0.0049948373797589,0.0004892064999999,True,0.12098399378724145,0.12098398226366452
4,0.3504449006096699,0.1130955688517592,0.118812894,0.119701918,0.119257406,0.0049841426328393,0.000444512,True,0.12119075272195018,0.12119074092821716
4,0.3504449006096699,0.1194047386516343,0.118299938,0.119308071,0.118804004,0.0049463164795752,0.0005040665,True,0.1217055401431825,0.12170552784053151
4,0.3504449006096699,0.1256743513823556,0.117912383,0.119249674,0.118581028,0.0049277670227543,0.0006686455,True,0.12233403362355647,0.12233402084544254
4,0.3504449006096699,0.1380968716966553,0.117923533,0.119413878,0.118668706,0.0049350568311531,0.0007451725,True,0.12384908071662967,0.12384906705924402
4,0.3504449006096699,0.1503669637361191,0.118633879,0.120248077,0.119440978,0.004999498546557,0.0008070989999999,True,0.1256033525564378,0.12560333808192348
5,0.4298425745361712,-0.3271938090682825,0.307902278,0.309106585,0.308504432,0.0409102603962764,0.0006021535,True,0.3008170888189751,0.3008170962153217
5,0.4298425745361712,-0.3223038240988682,0.305717754,0.306899,0.306308377,0.0403299029666671,0.0005906229999999,True,0.2991547637919724,0.2991547713021217
5,0.4298425745361712,-0.317437633395716,0.303669518,0.304827148,0.304248333,0.0397892582868222,0.0005788149999999,True,0.29749083689370637,0.29749084451644564
5,0.4298425745361712,-0.3125950092450805,0.301585989,0.302720827,0.302153408,0.0392432008228816,0.000567419,True,0.2958252135064434,0.29582522124049593
5,0.4298425745361712,-0.3077757231311577,0.299468364,0.300581188,0.300024776,0.0386922218398903,0.000556412,True,0.2941577973566823,0.29415780520073603
5,0.4298425745361712,-0.3029795511866091,0.297474176,0.29902956,0.298251868,0.0382362923566236,0.000777692,True,0.2924884961813761,0.29248850413405547
5,0.4298425745361712,-0.2982062714024187,0.29544197,0.296510799,0.295976385,0.0376550780166913,0.0005344144999999,True,0.2908172215201429,0.2908172295800319
5,0.4298425745361712,-0.2934556689631195,0.293523171,0.294570149,0.29404666,0.037165666903705,0.0005234889999999,True,0.2891438879912753,0.2891438961569351
5,0.4298425745361712,-0.2887275280834597,0.291415781,0.292588824,0.292002303,0.0366506753951622,0.0005865215,True,0.28746840655116745,0.28746841482112573
5,0.4298425745361712,-0.2840216373593634,0.289418362,0.290568194,0.289993278,0.0361480846848786,0.000574916,True,0.2857906839915065,0.28579069236424653
5,0.4298425745361712,-0.2793377870350713,0.287523455,0.288930311,0.288226883,0.0357090584372146,0.000703428,True,0.2841106226482539,0.28411063112220614
5,0.4298425745361712,-0.274675774242911,0.285585365,0.286964148,0.286274757,0.0352269901667583,0.0006893914999999,True,0.2824281253560664,0.28242813392960536
5,0.4298425745361712,-0.2700353949971555,0.28360553,0.284822572,0.284214051,0.0347216630625434,0.000608521,True,0.280743095819349,0.28074310449077255
5,0.4298425745361712,-0.2654164494487438,0.281585284,0.283042889,0.282314086,0.0342589875510553,0.0007288025,True,0.27905544173951585,0.27905545050706865
5,0.4298425745361712,-0.2608187405051724,0.279786739,0.280955762,0.280371251,0.0337890815996373,0.0005845114999999,True,0.2773650728933081,0.2773650817551884
5,0.4298425745361712,-0.2562420724879673,0.277812224,0.279212249,0.278512237,0.0333424871020411,0.0007000125,True,0.2756718976721703,0.2756719066265246
5,0.4298425745361712,-0.2516862562575039,0.275921375,0.277169377,0.276545376,0.032873218862895,0.0006240009999999,True,0.2739758225438428,0.2739758315887678
5,0.4298425745361712,-0.2471511013947461,0.273985302,0.275330925,0.274658113,0.0324260682686326,0.0006728115,True,0.2722767488189607,0.27227675795248674
5,0.4298425745361712,-0.2426364213401265,0.272125772,0.273205667,0.27266572,0.0319573317439604,0.0005399474999999,True,0.27057457641601224,0.2705745856360866
5,0.4298425745361712,-0.2381420307806153,0.270219045,0.271512418,0.270865731,0.0315367949890924,0.0006466864999999,True,0.26886920565456,0.26886921495905475
5,0.4298425745361712,-0.2336677506859224,0.26849785,0.269535208,0.269016529,0.0311076610723862,0.000518679,True,0.2671605410658187,0.2671605504525237
5,0.4298425745361712,-0.2292134006341017,0.266496532,0.267739876,0.267118204,0.0306701853675867,0.0006216719999999,True,0.2654484883973523,0.2654484978639763
5,0.4298425745361712,-0.2247788038611623,0.264785723,0.265783084,0.265284404,0.0302505215071035,0.0004986805,True,0.2637329546708581,0.263732964215055
5,0.4298425745361712,-0.2203637846978433,0.262802309,0.26388948,0.263345895,0.0298100383548883,0.0005435854999999,True,0.26201384486165413,0.2620138544809959
5,0.4298425745361712,-0.2159681735200359,0.261094927,0.26205413,0.261574528,0.029410359245871,0.0004796015,True,0.2602910625161772,0.26029107220815384
5,0.4298425745361712,-0.2115917992128895,0.259122252,0.260167993,0.259645122,0.0289780905022826,0.0005228704999999,True,0.2585645073106214,0.25856451707263717
5,0.4298425745361712,-0.2072344941340413,0.257411948,0.258437111,0.257924529,0.0285953042048994,0.0005125814999999,True,0.25683407892706267,0.25683408875641894
5,0.4298425745361712,-0.2028960915980938,0.25544343,0.256650462,0.256046946,0.0281804957595702,0.0006035159999999,True,0.255099678266774,0.2550996881606663
5,0.4298425745361712,-0.1985764307439739,0.253823276,0.254809646,0.254316461,0.0278008690192405,0.000493185,True,0.25336121059762984,0.25336122055314625
5,0.4298425745361712,-0.1942753491324871,0.251851042,0.252819511,0.252335277,0.0273694058019822,0.0004842344999999,True,0.25161858219858246,0.2516185922127123
5,0.4298425745361712,-0.1899926876259292,0.250211255,0.251160867,0.250686061,0.0270128123399473,0.0004748059999999,True,0.2498717007047967,0.24987171077444317
5,0.4298425745361712,-0.1857282891224856,0.248229867,0.249255543,0.248742705,0.0265956209397865,0.000512838,True,0.2481204728656372,0.24812048298758518
5,0.4298425745361712,-0.1814819973226569,0.246565904,0.247572009,0.247068956,0.026238909944686,0.0005030525,True,0.24636480325109417,0.24636481342202637
5,0.4298425745361712,-0.1772536614964421,0.24466031,0.245737961,0.245199136,0.0258432601761561,0.0005388255,True,0.24460459688716235,0.2446046071036339
5,0.4298425745361712,-0.1730431292410243,0.243054547,0.243935827,0.243495187,0.025485325878664,0.0004406399999999,True,0.24283975801452642,0.24283976827296455
5,0.4298425745361712,-0.168850251259563,0.241123618,0.242162172,0.241642895,0.025099061867004,0.0005192769999999,True,0.24107019397123503,0.2410702042679315
5,0.4298425745361712,-0.164674878946326,0.239394081,0.240328878,0.23986148,0.0247303604801688,0.0004673984999999,True,0.23929581528983346,0.23929582562093854
5,0.4298425745361712,-0.1605168690765153,0.237518941,0.238520654,0.238019797,0.0243520535269725,0.0005008564999999,True,0.23751653755449925,0.23751654791602778
5,0.4298425745361712,-0.1563760766870322,0.235832607,0.236734374,0.236283491,0.0239980628452005,0.0004508834999999,True,0.23573227726503987,0.23573228765287804
5,0.4298425745361712,-0.1522523597774424,0.234000567,0.23496704,0.234483804,0.0236338856956117,0.0004832364999999,True,0.23394295255694014,0.2339429629668253
5,0.4298425745361712,-0.1481455769371314,0.232266297,0.233136763,0.23270153,0.0232759762984752,0.0004352329999999,True,0.23214848161035215,0.23214849203787577
5,0.4298425745361712,-0.1440555919601431,0.230389153,0.231400176,0.230894664,0.0229159160006039,0.0005055114999999,True,0.2303487852687297,0.23034879570931577
5,0.4298425745361712,-0.1399822668448121,0.228680696,0.229597891,0.229139294,0.0225688053085512,0.0004585975,True,0.22854378557911825,0.2285437960280255
5,0.4298425745361712,-0.1359254664192978,0.226829363,0.227656159,0.227242761,0.0221967578071547,0.0004133979999999,True,0.22673340974243736,0.22673342019473403
5,0.4298425745361712,-0.1318850560092374,0.225136227,0.22594896,0.225542594,0.0218658603859428,0.0004063665,True,0.22491759056109747,0.22491760101167205
5,0.4298425745361712,-0.1278609059798639,0.223227576,0.22417231,0.223699943,0.021510037901983,0.000472367,True,0.22309626902990806,0.2230962794734619
5,0.4298425745361712,-0.1238528848505144,0.221541246,0.222327496,0.221934371,0.0211718379934278,0.000393125,True,0.22126939090751457,0.22126940133856202
5,0.4298425745361712,-0.1198608638470291,0.219641885,0.220556166,0.220099025,0.0208231134933808,0.0004571404999999,True,0.2194369080847844,0.2194369184976423
5,0.4298425745361712,-0.1158847157313305,0.217953156,0.218714374,0.218333765,0.0204904377497263,0.0003806089999999,True,0.21759877777399303,0.21759878816276929
5,0.4298425745361712,-0.1119243136586596,0.215985575,0.216939311,0.216462443,0.0201406990428595,0.0004768679999999,True,0.21575496261569038,0.2157549729742787
5,0.4298425745361712,-0.1079795356318388,0.214286871,0.215024612,0.214655741,0.0198058937652158,0.0003688705,True,0.21390543441802853,0.2139054447400828
5,0.4298425745361712,-0.1040502577540728,0.212379659,0.213238281,0.21280897,0.019466563385837,0.000429311,True,0.21205017332797677,0.21205018360690386
5,0.4298425745361712,-0.1001363586930121,0.210661626,0.211442189,0.211051907,0.0191464380149194,0.0003902815,True,0.21018917224651543,0.21018918247546803
5,0.4298425745361712,-0.0962377174343858,0.208672939,0.209570323,0.209121631,0.0187978138096012,0.000448692,True,0.2083224375890044,0.20832244776086448
5,0.4298425745361712,-0.092354217668307,0.206991842,0.207749747,0.207370794,0.0184843681562773,0.0003789525,True,0.2064499924906685,0.2064500025980507
5,0.4298425745361712,-0.0884857411486954,0.204979515,0.205913539,0.205446527,0.0181429137888944,0.000467012,True,0.20457187424842696,0.20457188428366524
5,0.4298425745361712,-0.084632172089027,0.203261686,0.204059787,0.203660736,0.0178288793714315,0.0003990504999999,True,0.20268813711720485,0.20268814707233224
5,0.4298425745361712,-0.080793394952072,0.201278194,0.202186588,0.201732391,0.0174928551787902,0.000454197,True,0.20079885260610747,0.20079886247284964
5,0.4298425745361712,-0.0769692987702225,0.199515329,0.200351747,0.199933538,0.0171822776012708,0.000418209,True,0.1989041140210538,0.19890412379079855
5,0.4298425745361712,-0.0731597706081576,0.197548604,0.198492078,0.198020341,0.0168550108673783,0.0004717369999999,True,0.1970040366899972,0.19700404635378016
5,0.4298425745361712,-0.0693646998922801,0.195790762,0.196605731,0.196198246,0.0165462533486737,0.0004074844999999,True,0.1950987642017582,0.19509877375023546
5,0.4298425745361712,-0.0655839762353587,0.193770891,0.194748286,0.194259588,0.0162208779065894,0.0004886974999999,True,0.1931884715919792,0.19318848101541633
5,0.4298425745361712,-0.0618174936927776,0.192007014,0.192858975,0.192432995,0.0159172672158501,0.0004259804999999,True,0.19127337152939267,0.19127338081764567
5,0.4298425745361712,-0.0580651443252287,0.190037721,0.190935907,0.190486814,0.0155969350938027,0.0004490929999999,True,0.1893537147737927,0.18935372391629635
5,0.4298425745361712,-0.0543268224637499,0.188255611,0.189088088,0.188671849,0.0153011347554626,0.0004162384999999,True,0.1874297960002195,0.187429804985958
5,0.4298425745361712,-0.0506024236200435,0.186211973,0.187200112,0.186706043,0.0149839452745633,0.0004940694999999,True,0.1855019574198593,0.18550196623735415
5,0.4298425745361712,-0.0468918434209437,0.184455238,0.18527003,0.184862634,0.0146895232949949,0.000407396,True,0.18357059345546145,0.18357060209273252
5,0.4298425745361712,-0.0431949817871177,0.182489131,0.183403309,0.18294622,0.0143865384241514,0.0004570889999999,True,0.18163615957858073,0.18163616802312496
5,0.4298425745361712,-0.0395117366165016,0.180689294,0.181488192,0.181088743,0.0140958846476196,0.0003994489999999,True,0.17969917714651976,0.1796991853852742
5,0.4298425745361712,-0.0358420079714197,0.178678075,0.179575308,0.179126692,0.0137920886563899,0.0004486164999999,True,0.177760244900333,0.17776025291965036
5,0.4298425745361712,-0.0321856959777003,0.176928438,0.177713323,0.177320881,0.0135154088997859,0.0003924425,True,0.17582004795982034,0.1758200557454399
5,0.4298425745361712,-0.0285427049432941,0.174911092,0.175793538,0.175352315,0.0132169861950758,0.000441223,True,0.173879370536958,0.17387937807399093
5,0.4298425745361712,-0.0249129371350415,0.173143738,0.173916584,0.173530161,0.0129437277055692,0.000386423,True,0.1719391034870343,0.1719391107599412
5,0.4298425745361712,-0.0212962969054295,0.171156607,0.172026559,0.171591583,0.0126561434996516,0.000434976,True,0.1700002578975534,0.17000026489012718
5,0.4298425745361712,-0.0176926886231265,0.169458656,0.170170682,0.169814669,0.0123953796957257,0.0003560129999999,True,0.1680639763883423,0.1680639830836965
5,0.4298425745361712,-0.0141020207331797,0.167484514,0.168344414,0.167914464,0.0121195262517551,0.0004299499999999,True,0.1661315492004142,0.1661315555809629
5,0.4298425745361712,-0.0105241996243576,0.165788176,0.166492994,0.166140585,0.0118648130462777,0.0003524089999999,True,0.16420442661892393,0.16420443266638482
5,0.4298425745361712,-0.0069591336972217,0.163860513,0.164662858,0.164261686,0.0115979700012952,0.0004011724999999,True,0.16228423864081012,0.16228424433619942
5,0.4298425745361712,-0.0034067313251184,0.16214979,0.162849666,0.162499728,0.0113504924857939,0.000349938,True,0.16037281266289116,0.16037281798655348
5,0.4298425745361712,0.0001330951424486,0.160113436,0.160911514,0.160512475,0.0110745735414335,0.000399039,True,0.1584721949195556,0.15847219985120142
5,0.4298425745361712,0.0036604354245328,0.158489485,0.159087269,0.158788377,0.0108379426421471,0.0002988919999999,True,0.15658466604047586,0.15658467055925884
5,0.4298425745361712,0.0071753772977485,0.156669548,0.157366744,0.157018146,0.0105976389372137,0.000348598,True,0.15471276056913377,0.15471276465374717
5,0.4298425745361712,0.0106780086057387,0.155097964,0.155646156,0.15537206,0.0103766047965234,0.000274096,True,0.15285928090290715,0.15285928453172531
5,0.4298425745361712,0.0141684133110898,0.15317256,0.153971384,0.153571972,0.0101375579737767,0.0003994119999999,True,0.1510273111841847,0.1510273143354339
5,0.4298425745361712,0.0176466774546253,0.151737882,0.152338769,0.152038326,0.0099360916140113,0.0003004435,True,0.14922022175610683,0.1492202244080866
5,0.4298425745361712,0.0211128851999332,0.149990676,0.150744924,0.1503678,0.0097189449044833,0.000377124,True,0.14744167332369817,0.14744167545504777
5,0.4298425745361712,0.0245671198384367,0.148630638,0.149186738,0.148908688,0.0095312421452744,0.00027805,True,0.1456956110306772,0.14569561262070008
5,0.4298425745361712,0.0280094647737824,0.14689791,0.147610483,0.147254196,0.0093206196610353,0.0003562864999999,True,0.14398624863143944,0.1439862496604832
5,0.4298425745361712,0.0314399996407972,0.145550559,0.146114964,0.145832761,0.0091415454998714,0.0002822025,True,0.14231804219979155,0.14231804264969072
5,0.4298425745361712,0.0348588061613767,0.143922106,0.144699136,0.144310621,0.0089517103206565,0.000388515,True,0.14069564323992678,0.14069564309449445
5,0.4298425745361712,0.0382659642563373,0.142629542,0.143310356,0.142969949,0.0087861568758916,0.000340407,True,0.13912383858170405,0.1391238378272621
5,0.4298425745361712,0.0416615539915528,0.141151735,0.141894189,0.141522962,0.0086092089374334,0.000371227,True,0.13760746831927564,0.13760746694517786
5,0.4298425745361712,0.0450456517489569,0.139855662,0.14055483,0.140205246,0.0084496351397579,0.000349584,True,0.13615132805971833,0.1361513260588724
5,0.4298425745361712,0.0484183360022872,0.138474311,0.139293819,0.138884065,0.0082911403640065,0.000409754,True,0.13476005157295382,0.13476004894225213
5,0.4298425745361712,0.051779683481195,0.137335605,0.138058164,0.137696884,0.0081500008464425,0.0003612795,True,0.13343798761561587,0.13343798435628287
5,0.4298425745361712,0.0551297710905395,0.135998555,0.136848379,0.136423467,0.0079999559074188,0.0004249119999999,True,0.13218907117103856,0.13218906728882351
5,0.4298425745361712,0.0584686721320818,0.134971552,0.135723309,0.135347431,0.0078742547780767,0.0003758784999999,True,0.13101670209529698,0.13101669760050316
5,0.4298425745361712,0.0617964620022721,0.133742302,0.134629491,0.134185897,0.0077396830500209,0.0004435944999999,True,0.12992363415530522,0.12992362906263355
5,0.4298425745361712,0.0651132144072552,0.132782225,0.133630268,0.133206247,0.0076270854807696,0.0004240214999999,True,0.1289118896060451,0.12891188393427538
5,0.4298425745361712,0.0684190032560719,0.131677369,0.132609962,0.132143665,0.0075058887705471,0.0004662965,True,0.12798270024395025,0.12798269401542128
5,0.4298425745361712,0.0717138989317448,0.130801657,0.131696185,0.131248921,0.0074045882283724,0.000447264,True,0.12713648287896212,0.12713647611895418
5,0.4298425745361712,0.0749979739132056,0.129782006,0.130769226,0.130275616,0.0072951747499658,0.0004936099999999,True,0.1263728464310241,0.1263728391670296
5,0.4298425745361712,0.0782712990398818,0.129084147,0.129898495,0.129491321,0.0072076012416336,0.0004071739999999,True,0.12569063441262762,0.12569062667358974
5,0.4298425745361712,0.0815339444578273,0.12825149,0.129092948,0.128672219,0.0071167057542452,0.000420729,True,0.12508799455085856,0.1250879863664088
5,0.4298425745361712,0.0847859805474507,0.127492609,0.128291012,0.127891811,0.0070306406874437,0.0003992015,True,0.12456247059544759,0.12456246199520588
5,0.4298425745361712,0.0880274742545805,0.126744953,0.127647762,0.127196358,0.0069543858270794,0.0004514045,True,0.12411110906974859,0.12411110008271252
5,0.4298425745361712,0.091258494620386,0.126093577,0.126952907,0.126523242,0.006880976142051,0.0004296649999999,True,0.12373057056510428,0.12373056121913059
5,0.4298425745361712,0.094479109106174,0.125392938,0.126368016,0.125880477,0.0068112400833016,0.0004875389999999,True,0.12341724088637346,0.12341723120782633
5,0.4298425745361712,0.0976893854304719,0.124983208,0.125828732,0.12540597,0.0067599868676838,0.000422762,True,0.12316733341937933,0.12316732343285292
5,0.4298425745361712,0.1008893879467247,0.124288879,0.125259891,0.124774385,0.006692067373916,0.000485506,True,0.12297697966873758,0.12297696939691816
5,0.4298425745361712,0.1040791831017725,0.123834625,0.124756563,0.124295594,0.0066408075876349,0.0004609689999999,True,0.12284230450517616,0.12284229396878055
5,0.4298425745361712,0.1072588358074526,0.123371325,0.124335545,0.123853435,0.0065936446901647,0.00048211,True,0.12275948715813537,0.12275947637591836
5,0.4298425745361712,0.1104284112538222,0.123007584,0.123916229,0.123461907,0.0065520226548854,0.0004543224999999,True,0.12272480793555493,0.12272479692438498
5,0.4298425745361712,0.1167375800247047,0.122452743,0.123229808,0.122841275,0.0064863153558403,0.0003885324999999,True,0.12278568994137626,0.12278567851570041
5,0.4298425745361712,0.1230071935054549,0.121843438,0.122702646,0.122273042,0.0064264460035932,0.000429604,True,0.12299831065448354,0.12299829886140888
5,0.4298425745361712,0.1354297126743385,0.12090393,0.12196834,0.121436135,0.0063387744884284,0.0005322049999999,True,0.12378725770440677,0.12378724527545336
5,0.4298425745361712,0.1476998053194053,0.120286127,0.121812499,0.121049313,0.0062984558111677,0.0007631859999999,True,0.12493852282296256,0.12493850984043975
5,0.4298425745361712,0.1598211659037195,0.120494548,0.122172388,0.121333468,0.0063280609086304,0.0008389199999999,True,0.1263404145417335,0.12634040105016225
6,0.5256673520002324,-0.3590355594289195,0.313393496,0.31439097,0.313892233,0.0517931283980392,0.0004987369999999,True,0.30475427146552814,0.3047542832168385
6,0.5256673520002324,-0.3539977650679594,0.31129786,0.312764098,0.312030979,0.0511807248385048,0.000733119,True,0.3031669787696458,0.3031669905759703
6,0.5256673520002324,-0.3489852229167221,0.309336874,0.310615878,0.309976376,0.0505089334339691,0.000639502,True,0.3015792818706935,0.3015792937306365
6,0.5256673520002324,-0.343997682491826,0.307344768,0.308599578,0.307972173,0.0498578973960273,0.0006274049999999,True,0.2999911077339878,0.29999111964611164
6,0.5256673520002324,-0.3390348928214939,0.305322617,0.306707254,0.306014936,0.0492261933261143,0.0006923184999999,True,0.29840238178007694,0.29840239374289895
6,0.5256673520002324,-0.3340966108559416,0.303423045,0.304630616,0.304026831,0.0485886497227614,0.0006037855,True,0.2968130323292967,0.29681304434130074
6,0.5256673520002324,-0.329182595731729,0.301489696,0.302674248,0.302081972,0.0479689950665266,0.000592276,True,0.2952229895364718,0.29522300159610493
6,0.5256673520002324,-0.3242926115019447,0.299523727,0.300686035,0.300104881,0.0473431469729015,0.000581154,True,0.29363218563645066,0.293632197742121
6,0.5256673520002324,-0.3194264215285073,0.297526218,0.298382588,0.297954403,0.0466670791828039,0.0004281849999999,True,0.29204055159075526,0.2920405637408365
6,0.5256673520002324,-0.3145837967335685,0.29563861,0.296618156,0.296128383,0.0460968315339818,0.0004897729999999,True,0.29044801835388073,0.2904480305467239
6,0.5256673520002324,-0.3097645099815375,0.293716219,0.294540369,0.294128294,0.0454762465903826,0.000412075,True,0.28885451459841816,0.2888545268323346
6,0.5256673520002324,-0.3049683387615691,0.291760182,0.292971957,0.292366069,0.044932950968574,0.0006058875,True,0.287259968333152,0.2872599806063949
6,0.5256673520002324,-0.3001950596923756,0.289904166,0.291092858,0.290498512,0.044360744799157,0.0005943459999999,True,0.2856643064956791,0.28566431880645593
6,0.5256673520002324,-0.2954444566202423,0.288011651,0.289178056,0.288594853,0.0437812510573194,0.0005832025,True,0.2840674588896921,0.2840674712361609
6,0.5256673520002324,-0.2907163151137188,0.286211394,0.2873554,0.286783397,0.0432333624935628,0.0005720029999999,True,0.2824693567299177,0.2824693691101849
6,0.5256673520002324,-0.2860104237686448,0.284372132,0.285494529,0.284933331,0.0426773569441681,0.0005611984999999,True,0.2808699324344403,0.2808699448465838
6,0.5256673520002324,-0.2813265754763185,0.282495117,0.283596649,0.283045883,0.0421138251254409,0.0005507659999999,True,0.27926911885494,0.2792691312969756
6,0.5256673520002324,-0.2766645620623942,0.280701994,0.281782625,0.28124231,0.0415788350897023,0.0005403154999999,True,0.27766684640868167,0.27766685887859444
6,0.5256673520002324,-0.2720241822006318,0.278868925,0.279929388,0.279399157,0.0410356377818879,0.0005302315,True,0.2760630455091794,0.27606305800489533
6,0.5256673520002324,-0.2674052360418906,0.276997142,0.278153426,0.277575284,0.0405016382634976,0.000578142,True,0.27445764534272277,0.2744576578621169
6,0.5256673520002324,-0.2628075277941655,0.275315431,0.27633633,0.275825881,0.0399927283149888,0.0005104495,True,0.27285057588316,0.27285058842403886
6,0.5256673520002324,-0.2582308604638797,0.273477193,0.274590361,0.274033777,0.0394747327139452,0.0005565839999999,True,0.2712417670636791,0.2712417796237829
6,0.5256673520002324,-0.2536750436278984,0.271709171,0.272801598,0.272255385,0.0389640383260371,0.0005462134999999,True,0.2696311518755572,0.2696311644525836
6,0.5256673520002324,-0.2491398881651026,0.269898904,0.270971318,0.270435111,0.0384447602504777,0.000536207,True,0.2680186641377132,0.2680186767292889
6,0.5256673520002324,-0.2446252087929933,0.26825869,0.269100704,0.268679697,0.0379472846059532,0.000421007,True,0.2664042385087654,0.266404251112471
6,0.5256673520002324,-0.240130818907345,0.266363768,0.267500135,0.266931952,0.0374552007840717,0.0005681835,True,0.26478780778535,0.2647878203987061
6,0.5256673520002324,-0.2356565382172739,0.26473527,0.265749054,0.265242162,0.0369824878489958,0.0005068919999999,True,0.2631693052842156,0.26316931790466613
6,0.5256673520002324,-0.2312021875753672,0.262958321,0.263953767,0.263456044,0.0364860910311921,0.000497723,True,0.26154866333605187,0.2615486759609841
6,0.5256673520002324,-0.2267675902175637,0.261333656,0.262115485,0.26172457,0.0360080824799239,0.0003909144999999,True,0.2599258145731669,0.2599258271998935
6,0.5256673520002324,-0.2223525729700753,0.25946717,0.260522685,0.259994927,0.035533726319296,0.0005277574999999,True,0.25830069329972605,0.2583007059254747
6,0.5256673520002324,-0.2179569612066968,0.257842801,0.258784853,0.258313827,0.0350756971919141,0.0004710259999999,True,0.25667323419873417,0.25667324682066556
6,0.5256673520002324,-0.2135805863190932,0.256075436,0.257093132,0.256584284,0.0346075702169294,0.000508848,True,0.2550433750624301,0.255043387677629
6,0.5256673520002324,-0.2092232806648354,0.25444461,0.255353148,0.254898879,0.03415441537477,0.0004542689999999,True,0.253411054413976,0.25341106701945526
6,0.5256673520002324,-0.2048848800107891,0.252673495,0.253655241,0.253164368,0.0336911755990579,0.0004908729999999,True,0.2517762117240386,0.2517762243167389
6,0.5256673520002324,-0.2005652185805886,0.251031718,0.251995906,0.251513812,0.0332532949061242,0.0004820939999999,True,0.25013878507466397,0.25013879765143515
6,0.5256673520002324,-0.196264136397966,0.249252279,0.250285845,0.249769062,0.0327935392516267,0.000516783,True,0.24849871395312556,0.24849872651074675
6,0.5256673520002324,-0.191981474325154,0.24768016,0.248610798,0.248145479,0.0323685868288274,0.0004653189999999,True,0.24685593792261978,0.2468559504577744
6,0.5256673520002324,-0.1877170764667673,0.245886692,0.246884605,0.246385648,0.0319111031541754,0.0004989565,True,0.24521039836281805,0.24521041087209375
6,0.5256673520002324,-0.1834707853041422,0.244291217,0.245190076,0.244740646,0.0314864145366629,0.0004494295,True,0.24356203735657272,0.24356204983646648
6,0.5256673520002324,-0.1792424489158199,0.242560343,0.243524208,0.243042275,0.0310509325851522,0.0004819324999999,True,0.24191080089488437,0.24191081334179038
6,0.5256673520002324,-0.175031916103018,0.241015841,0.241884117,0.241449979,0.0306454038370733,0.000434138,True,0.24025663696357338,0.24025664937380223
6,0.5256673520002324,-0.1708390375688371,0.239180372,0.240189556,0.239684964,0.0301990016593249,0.0005045919999999,True,0.23859949562610167,0.23859950799585683
6,0.5256673520002324,-0.166663667067853,0.237678543,0.238517957,0.23809825,0.0298004904460519,0.000419707,True,0.23693932904984896,0.23693934137523956
6,0.5256673520002324,-0.1625056566446831,0.235890925,0.236791742,0.236341334,0.0293623201639755,0.0004504084999999,True,0.2352760894115099,0.2352761016885418
6,0.5256673520002324,-0.1583648637064142,0.234347538,0.235159519,0.234753528,0.0289691171744043,0.0004059905,True,0.23360973192610887,0.23360974415067487
6,0.5256673520002324,-0.1542411462525553,0.232525859,0.233470127,0.232997993,0.028537463238159,0.0004721339999999,True,0.23194021357965117,0.23194022574752504
6,0.5256673520002324,-0.1501343651941084,0.231010145,0.231796101,0.231403123,0.0281481227684873,0.000392978,True,0.23026749491922935,0.2302675070260644
6,0.5256673520002324,-0.1460443796722427,0.22922091,0.230135116,0.229678013,0.0277299987150177,0.000457103,True,0.2285915389690501,0.22859155101037615
6,0.5256673520002324,-0.1419710540164642,0.2276545,0.228415805,0.228035152,0.0273347183619212,0.0003806524999999,True,0.22691231463607714,0.22691232660729913
6,0.5256673520002324,-0.1379142530548783,0.225889575,0.226775349,0.226332462,0.0269280372907618,0.0004428869999999,True,0.22522979503302906,0.22522980692942224
6,0.5256673520002324,-0.1338738443972953,0.224336557,0.22507442,0.224705488,0.0265422883855605,0.0003689315,True,0.2235439583890322,0.22354397020574024
6,0.5256673520002324,-0.1298496938312709,0.222521138,0.223380057,0.222950598,0.0261293308482795,0.0004294594999999,True,0.221854786039978,0.22185479777200878
6,0.5256673520002324,-0.1258416721695637,0.220974487,0.221690235,0.221332361,0.0257513996127105,0.000357874,True,0.22016226538199335,0.22016227702421803
6,0.5256673520002324,-0.1218496506379627,0.219169527,0.220002992,0.21958626,0.0253466943924672,0.0004167325,True,0.21846638839728502,0.21846639994441713
6,0.5256673520002324,-0.1178735019983396,0.217621604,0.21831642,0.217969012,0.0249747135715962,0.000347408,True,0.21676715295376292,0.2167671644003614
6,0.5256673520002324,-0.1139131016449689,0.215819261,0.216566454,0.216192857,0.024569351094015,0.0003735964999999,True,0.21506456438986477,0.21506457573032123
6,0.5256673520002324,-0.109968323093643,0.214201451,0.214937925,0.214569688,0.0242018042662855,0.000368237,True,0.21335863477136463,0.2133586459999078
6,0.5256673520002324,-0.1060390446954855,0.212395131,0.213242428,0.212818779,0.0238084377600449,0.0004236485,True,0.21164938687100174,0.21164939798167642
6,0.5256673520002324,-0.102125145118099,0.210824266,0.211540446,0.211182356,0.023443705986153,0.0003580899999999,True,0.20993685310578886,0.20993686409246032
6,0.5256673520002324,-0.0982265055513982,0.209005945,0.209830281,0.209418113,0.0230536390308726,0.000412168,True,0.208221077173611,0.2082210880299601
6,0.5256673520002324,-0.0943430052684395,0.207413126,0.208110258,0.207761692,0.0226903895440631,0.0003485659999999,True,0.20650211270821925,0.20650212342773455
6,0.5256673520002324,-0.0904745282359393,0.205575908,0.206378724,0.205977316,0.0223023072338276,0.000401408,True,0.20478002693127367,0.20478003750724114
6,0.5256673520002324,-0.0866209586673277,0.203954731,0.204690616,0.204322673,0.0219454316660845,0.0003679424999999,True,0.20305489975502056,0.20305491018051347
6,0.5256673520002324,-0.0827821831957814,0.202091853,0.20293044,0.202511146,0.0215580198490286,0.0004192935,True,0.20132682622200143,0.20132683648986846
6,0.5256673520002324,-0.0789580865044596,0.200491237,0.201209065,0.200850151,0.02120583265961,0.000358914,True,0.19959591641163332,0.19959592651449048
6,0.5256673520002324,-0.0751485578367968,0.198595325,0.199468349,0.199031837,0.020823614136626,0.000436512,True,0.19786230054058807,0.19786231047080616
6,0.5256673520002324,-0.0713534866191517,0.19700569,0.197760619,0.197383154,0.0204800575855612,0.0003774644999999,True,0.19612612930132942,0.19612613905101922
6,0.5256673520002324,-0.0675727646019401,0.195122785,0.195975865,0.195549325,0.0201012769491879,0.00042654,True,0.19438757714573943,0.19438758670675452
6,0.5256673520002324,-0.0638062815570862,0.193481518,0.194272418,0.193876968,0.019758930941448,0.00039545,True,0.19264684256378542,0.19264685192770395
6,0.5256673520002324,-0.0600539316910266,0.191601969,0.192488811,0.19204539,0.019387364602929,0.0004434209999999,True,0.1909041532951447,0.19090416245326394
6,0.5256673520002324,-0.0563156093347575,0.189953928,0.19072832,0.190341124,0.0190447933217142,0.000387196,True,0.18915976675860857,0.18915977570192916
6,0.5256673520002324,-0.0525912099999395,0.188067684,0.188987724,0.188527704,0.0186836344558626,0.0004600199999999,True,0.18741397327764803,0.18741398199686965
6,0.5256673520002324,-0.0488806314114695,0.186403329,0.187213276,0.186808303,0.0183443933976464,0.0004049735,True,0.1856670998079298,0.18566710829343203
6,0.5256673520002324,-0.0451837692860254,0.18455062,0.18545345,0.185002035,0.0179913609256175,0.0004514149999999,True,0.18391951178175348,0.1839195200235815
6,0.5256673520002324,-0.0415005236274059,0.182860007,0.183655464,0.183257736,0.0176536957947179,0.0003977284999999,True,0.18217162049833033,0.18217162848618962
6,0.5256673520002324,-0.0378307944978957,0.180979397,0.181866833,0.181423115,0.0173019974496366,0.000443718,True,0.18042388606818788,0.1804238937914264
6,0.5256673520002324,-0.0341744840907584,0.179301916,0.180084506,0.179693211,0.0169736148542998,0.0003912949999999,True,0.17867682370764612,0.17867683115524646
6,0.5256673520002324,-0.0305314925714393,0.177431567,0.178305458,0.177868513,0.0166306473103214,0.0004369454999999,True,0.17693100732524217,0.17693101448582285
6,0.5256673520002324,-0.0269017242817876,0.17575528,0.176574895,0.176165087,0.0163136330797899,0.0004098074999999,True,0.1751870782707565,0.1751870851325621
6,0.5256673520002324,-0.0232850835742522,0.173930811,0.174793094,0.174361952,0.0159813863060328,0.0004311415,True,0.1734457493691125,0.1734457559200159
6,0.5256673520002324,-0.0196814768551907,0.172291224,0.173005593,0.172648409,0.0156688154701867,0.0003571845,True,0.17170781226622114,0.17170781849372949
6,0.5256673520002324,-0.0160908084868566,0.170403994,0.171256735,0.170830365,0.0153405574856702,0.0004263704999999,True,0.16997414229680977,0.1699741481880659
6,0.5256673520002324,-0.0125129869030642,0.168788321,0.169542793,0.169165557,0.015043015082069,0.000377236,True,0.1682457088722231,0.168245714414014
6,0.5256673520002324,-0.0089479205043386,0.166967806,0.167813201,0.167390503,0.01472897868275,0.0004226974999999,True,0.16652358156578925,0.16652358674456683
6,0.5256673520002324,-0.0053955186674025,0.165362777,0.166064945,0.165713861,0.0144353951661059,0.000351084,True,0.16480893920752399,0.1648089440094284
6,0.5256673520002324,-0.0018556927332114,0.163547875,0.164388299,0.163968087,0.0141328472306756,0.0004202119999999,True,0.16310307930432025,0.1631030837152183
6,0.5256673520002324,0.001671648017583,0.161711667,0.162457346,0.162084507,0.0138100106528889,0.0003728394999999,True,0.16140742507091616,0.1614074290764459
6,0.5256673520002324,0.0051865903562197,0.159969527,0.16085412,0.160411824,0.0135264477419692,0.0004422964999999,True,0.1597235369449059,0.15972354053055232
6,0.5256673520002324,0.0086892211369971,0.158474067,0.159172309,0.158823188,0.013259856473507,0.000349121,True,0.15805311851132656,0.15805312166249766
6,0.5256673520002324,0.0121796253168469,0.156756473,0.157594964,0.157175719,0.0129861948893801,0.0004192454999999,True,0.15639802416909782,0.15639802687122628
6,0.5256673520002324,0.0156578899229943,0.155326042,0.155979272,0.155652657,0.0127357369935363,0.000326615,True,0.1547602624302568,0.15476026466892995
6,0.5256673520002324,0.0191240981277127,0.153666913,0.154415423,0.154041168,0.0124733931383932,0.000374255,True,0.15314200194493283,0.15314200370602987
6,0.5256673520002324,0.0225783332224584,0.152243471,0.152900795,0.152572133,0.0122366190688378,0.000328662,True,0.15154557037018068,0.15154557164004573
6,0.5256673520002324,0.0260206766642167,0.150631112,0.151433055,0.151032083,0.0119908350597042,0.0004009714999999,True,0.14997345296167922,0.14997345372730775
6,0.5256673520002324,0.0294512119879012,0.149298485,0.149962731,0.149630608,0.0117693339532047,0.0003321229999999,True,0.1484282846402761,0.14842828488953674
6,0.5256673520002324,0.0328700189620333,0.147722658,0.148487119,0.148104889,0.0115305439314224,0.0003822304999999,True,0.14691284177911595,0.14691284150098582
6,0.5256673520002324,0.0362771775074611,0.146425452,0.147099794,0.146762623,0.0113224897159223,0.0003371709999999,True,0.14543002383083464,0.14543002301566796
6,0.5256673520002324,0.0396727667308954,0.144974124,0.14570346,0.145338792,0.0111038630610341,0.0003646679999999,True,0.14398283058992611,0.14398282922973213
6,0.5256673520002324,0.0430568639780731,0.143755107,0.144393912,0.14407451,0.0109115213620718,0.0003194025,True,0.14257433209099019,0.1425743301797176
6,0.5256673520002324,0.0464295486792448,0.142326751,0.143122459,0.142724605,0.0107080084270539,0.000397854,True,0.1412076288923699,0.14120762642618923
6,0.5256673520002324,0.0497908966029885,0.141183484,0.141888964,0.141536224,0.0105304326504428,0.00035274,True,0.13988580891466643,0.1398858058922267
6,0.5256673520002324,0.0531409837078309,0.139875537,0.140642623,0.14025908,0.0103412485545989,0.000383543,True,0.13861189368851098,0.13861189011116884
6,0.5256673520002324,0.0564798842463568,0.138810134,0.139485604,0.139147869,0.0101780393156169,0.000337735,True,0.13738878189634582,0.13738877776833533
6,0.5256673520002324,0.0598076745588188,0.137575672,0.138368842,0.137972257,0.0100067843854252,0.0003965849999999,True,0.13621918789861137,0.13621918322715718
6,0.5256673520002324,0.0631244274031444,0.136593828,0.13729423,0.136944029,0.0098581905135819,0.0003502009999999,True,0.13510558348982768,0.13510557828515296
6,0.5256673520002324,0.0664302157545346,0.135439481,0.136209395,0.135824438,0.0096976574231544,0.000384957,True,0.13405013893750634,0.13405013321278064
6,0.5256673520002324,0.0697251109342006,0.134551983,0.135226294,0.134889139,0.009564559428497,0.0003371555,True,0.13305467188584924,0.13305466565703342
6,0.5256673520002324,0.0730091863524993,0.133489941,0.13429523,0.133892586,0.0094237566767138,0.0004026444999999,True,0.1321206032334459,0.1321205965190495
6,0.5256673520002324,0.0762825119131581,0.132714041,0.133362425,0.133038233,0.0093038765833379,0.000324192,True,0.13124892696606222,0.1312489197868117
6,0.5256673520002324,0.0795451577622591,0.131763634,0.132489815,0.132126725,0.0091768227945907,0.0003630905,True,0.13044019007095584,0.1304401824494228
6,0.5256673520002324,0.0827971933615295,0.131062558,0.131684402,0.13137348,0.0090724882271688,0.000310922,True,0.12969448776239723,0.12969447972255957
6,0.5256673520002324,0.086038686579657,0.130186301,0.130890637,0.130538469,0.0089575251145301,0.0003521679999999,True,0.12901147252361017,0.12901146409040123
6,0.5256673520002324,0.0892697073742139,0.129518527,0.130178399,0.129848463,0.0088630792260311,0.000329936,True,0.1283903752791671,0.1283903664780105
6,0.5256673520002324,0.092490322285996,0.128741429,0.129490883,0.129116156,0.0087633908266237,0.000374727,True,0.1278300398984055,0.12783003075477553
6,0.5256673520002324,0.0957005981266269,0.128200778,0.128834364,0.128517571,0.0086823246761281,0.000316793,True,0.1273289648566347,0.12732895539566158
6,0.5256673520002324,0.0989006001605033,0.12741421,0.12821626,0.127815235,0.0085876878588163,0.0004010249999999,True,0.1268853524024881,0.1268853426485987
6,0.5256673520002324,0.1020903957391951,0.127041275,0.127645303,0.127343289,0.0085243864470882,0.0003020139999999,True,0.12649716043432585,0.12649715041096
6,0.5256673520002324,0.1052700488658294,0.126347796,0.127131735,0.126739766,0.0084437780040259,0.0003919694999999,True,0.12616215635474,0.12616214608412055
6,0.5256673520002324,0.1084396238350386,0.125955037,0.126606373,0.126280705,0.0083827207788897,0.000325668,True,0.12587796793941614,0.12587795744239044
6,0.5256673520002324,0.1147487925486506,0.125096433,0.125713655,0.125405044,0.0082668682180577,0.000308611,True,0.12545213310632952,0.1254521222130699
6,0.5256673520002324,0.1210184059746063,0.124387057,0.124866831,0.124626944,0.0081645996926216,0.000239887,True,0.1251995707410135,0.12519955951678757
6,0.5256673520002324,0.1334409259075325,0.12315694,0.123731926,0.123444433,0.0080103966824802,0.0002874929999999,True,0.12513593853803473,0.12513592680155947
6,0.5256673520002324,0.1457110184353167,0.122248267,0.123086924,0.122667596,0.0079098949037722,0.0004193285,True,0.12554278259501134,0.12554277048111329
6,0.5256673520002324,0.1578323789051742,0.121698059,0.122729727,0.122213893,0.0078514914388948,0.0005158339999999,True,0.12630117096062227,0.1263011585466476
6,0.5256673520002324,0.1698085698908905,0.121632399,0.122905958,0.122269179,0.0078585966169895,0.0006367794999999,True,0.12731847499575571,0.12731846232246197
6,0.5256673520002324,0.181643027478329,0.122070125,0.123381297,0.122725711,0.0079173914627195,0.0006555859999999,True,0.12852423425853918,0.12852422134415087
7,0.6023271741260877,-0.3868440344540015,0.31745194,0.319045125,0.318248532,0.0610049780200893,0.0007965924999999,True,0.3085074366822631,0.3085074516972133
7,0.6023271741260877,-0.3816760650772583,0.315566242,0.316818364,0.316192303,0.0602192087057225,0.000626061,True,0.30697292586061314,0.30697294089302046
7,0.6023271741260877,-0.3765346648932955,0.313498087,0.315187257,0.314342672,0.0595167404007166,0.000844585,True,0.30543879240460475,0.30543880745305857
7,0.6023271741260877,-0.371419564999747,0.311559988,0.312918355,0.312239172,0.0587228642052105,0.0006791834999999,True,0.3039049749745065,0.3039049900375702
7,0.6023271741260877,-0.3663304948152158,0.30974443,0.31122457,0.3104845,0.0580647158837842,0.0007400699999999,True,0.3023714097090364,0.302371424785239
7,0.6023271741260877,-0.361267193623595,0.307752032,0.309061306,0.308406669,0.0572901524973478,0.0006546369999999,True,0.30083803455592995,0.30083804964376815
7,0.6023271741260877,-0.3562293989229412,0.305878623,0.307448115,0.306663369,0.0566443062228268,0.000784746,True,0.2993047867247234,0.2993048018226621
7,0.6023271741260877,-0.3512168578562025,0.303976419,0.305238525,0.304607472,0.0558873557071713,0.0006310529999999,True,0.29777160666358293,0.29777162177005306
7,0.6023271741260877,-0.3462293156807119,0.302184595,0.303697095,0.302940845,0.0552774654546987,0.0007562499999999,True,0.2962384343695535,0.29623844948294487
7,0.6023271741260877,-0.3412665270874381,0.300360837,0.301576658,0.300968748,0.0545601128861179,0.0006079105,True,0.29470521213618256,0.29470522725487724
7,0.6023271741260877,-0.3363282447885344,0.298506226,0.299964154,0.29923519,0.0539333984855675,0.0007289639999999,True,0.29317188024205415,0.2931718953643891
7,0.6023271741260877,-0.3314142293342385,0.296621775,0.29792407,0.297272922,0.0532283692398697,0.0006511475,True,0.2916383795458444,0.29163839467012737
7,0.6023271741260877,-0.3265242447806813,0.294836819,0.296242537,0.295539678,0.0526094847650839,0.0007028589999999,True,0.2901046503192856,0.29010466544378893
7,0.6023271741260877,-0.3216580544835394,0.293019288,0.294274617,0.293646952,0.0519377882609099,0.0006276645,True,0.28857063155969553,0.28857064668264504
7,0.6023271741260877,-0.3168154307407729,0.29117023,0.292648751,0.29190949,0.0513249913955895,0.0007392605,True,0.28703626477998945,0.2870362798995741
7,0.6023271741260877,-0.3119961436646475,0.28941215,0.290622658,0.290017404,0.0506617956096887,0.0006052539999999,True,0.285501490982357,0.2855015060967183
7,0.6023271741260877,-0.3071999721267172,0.287620135,0.288927341,0.288273738,0.0500544410501215,0.000653603,True,0.28396625410834575,0.2839662692156048
7,0.6023271741260877,-0.3024266927395735,0.285912375,0.286962997,0.286437686,0.0494188653801705,0.000525311,True,0.2824304970684396,0.2824305121666637
7,0.6023271741260877,-0.2976760906992293,0.284053563,0.285428662,0.284741113,0.0488351823230287,0.0006875494999999,True,0.2808941645881774,0.28089417967540836
7,0.6023271741260877,-0.292947948874388,0.282389827,0.28351538,0.282952604,0.0482236242909508,0.0005627765,True,0.27935719925486,0.2793572143290903
7,0.6023271741260877,-0.2882420585480653,0.280688118,0.28190346,0.281295789,0.0476605355993658,0.000607671,True,0.2778195449582698,0.2778195600174508
7,0.6023271741260877,-0.2835582086122368,0.278949629,0.280035139,0.279492384,0.0470513851454797,0.000542755,True,0.27628114376199986,0.2762811588040414
7,0.6023271741260877,-0.2788961962104928,0.27717547,0.278454529,0.277814999,0.0464883182320064,0.0006395295,True,0.27474193998105173,0.2747419550038087
7,0.6023271741260877,-0.2742558160359875,0.275471745,0.276623673,0.276047709,0.045898738695002,0.000575964,True,0.2732018771907493,0.27320189219203206
7,0.6023271741260877,-0.2696368708768745,0.273833868,0.275067531,0.2744507,0.0453692022095476,0.0006168314999999,True,0.27166090192189923,0.2716609168994683
7,0.6023271741260877,-0.2650391610155485,0.272156127,0.273267227,0.272711677,0.0447960710633001,0.0005555499999999,True,0.2701189599789912,0.27011897493056203
7,0.6023271741260877,-0.2604624933810353,0.270439706,0.271729285,0.271084495,0.0442630986451928,0.0006447894999999,True,0.26857599906734203,0.2685760139905866
7,0.6023271741260877,-0.2559066775352246,0.26878348,0.269953161,0.26936832,0.0437044331983033,0.0005848404999999,True,0.2670319670224656,0.26703198191500077
7,0.6023271741260877,-0.251371521767851,0.26708733,0.268427682,0.267757506,0.043183293824273,0.0006701759999999,True,0.2654868102446542,0.2654868251040503
7,0.6023271741260877,-0.2468568420967611,0.26554109,0.266576037,0.266058563,0.0426370294121325,0.0005174735,True,0.2639404768521892,0.26394049167596545
7,0.6023271741260877,-0.2423624519119731,0.263857883,0.265059452,0.264458668,0.0421257910530342,0.0006007844999999,True,0.26239291353828453,0.2623929283239012
7,0.6023271741260877,-0.2378881721940005,0.262225945,0.263316107,0.262771026,0.0415898554065888,0.000545081,True,0.26084406957476447,0.26084408431962613
7,0.6023271741260877,-0.233433821252622,0.260552137,0.261801839,0.261176988,0.0410867959403414,0.0006248509999999,True,0.25929389368968236,0.25929390839112665
7,0.6023271741260877,-0.2289992248553382,0.259013519,0.260066357,0.259539938,0.0405733483786335,0.000526419,True,0.25774233773709687,0.2577423523924085
7,0.6023271741260877,-0.224584206059093,0.257342783,0.258549984,0.257946384,0.0400766438531597,0.0006036004999999,True,0.25618935304322815,0.25618936764963207
7,0.6023271741260877,-0.2201885952503885,0.25580049,0.256817762,0.256309126,0.0395695030761345,0.000508636,True,0.25463489362201136,0.25463490817668
7,0.6023271741260877,-0.2158122200682518,0.254128489,0.25529521,0.254711849,0.0390778583088244,0.0005833604999999,True,0.25307891232482516,0.25307892682486754
7,0.6023271741260877,-0.2114549153574964,0.252578566,0.253561976,0.253070271,0.03857578008616,0.000491705,True,0.25152136421526655,0.2515213786577279
7,0.6023271741260877,-0.2071165131812738,0.250901276,0.252109867,0.251505572,0.0381002371703255,0.0006042954999999,True,0.24996220312531614,0.24996221750717304
7,0.6023271741260877,-0.2027968526889362,0.249419452,0.250370359,0.249894906,0.037613804549414,0.0004754534999999,True,0.248401385521624,0.2484013998397883
7,0.6023271741260877,-0.1984957702165594,0.247731841,0.248900855,0.248316348,0.0371401011144322,0.0005845069999999,True,0.2468388674030544,0.24683888165436474
7,0.6023271741260877,-0.1942131090708248,0.246308207,0.247228001,0.246768104,0.0366784103892455,0.000459897,True,0.24527460825207859,0.24527462243329803
7,0.6023271741260877,-0.1899487097159458,0.244681218,0.245586255,0.245133737,0.0361941705802425,0.0004525184999999,True,0.24370856772034027,0.2437085818281594
7,0.6023271741260877,-0.1857024182708902,0.243082448,0.244047078,0.243564763,0.0357323330630828,0.0004823149999999,True,0.24214070876457652,0.24214072279561144
7,0.6023271741260877,-0.1814740828015043,0.241436211,0.242531478,0.241983844,0.03526997888299,0.0005476334999999,True,0.2405709961773394,0.24057101012813803
7,0.6023271741260877,-0.1772635497059711,0.239959498,0.240893635,0.240426567,0.0348174826186861,0.0004670685,True,0.23899939506219428,0.23899940892921917
7,0.6023271741260877,-0.1730706720803749,0.238288849,0.239349887,0.238819368,0.0343535439752469,0.000530519,True,0.23742587386166866,0.23742588764130912
7,0.6023271741260877,-0.1688953001150509,0.236850483,0.237755578,0.23730303,0.0339186863519893,0.0004525474999999,True,0.23585040087433615,0.2358504145628958
7,0.6023271741260877,-0.1647372905952316,0.23515177,0.236180215,0.235665993,0.0334523238217177,0.0005142224999999,True,0.23427294812981003,0.2342729617235027
7,0.6023271741260877,-0.1605964973786365,0.233676579,0.234554233,0.234115406,0.0330135664640627,0.000438827,True,0.2326934882574975,0.23269350175245002
7,0.6023271741260877,-0.156472780818121,0.232013966,0.232945016,0.232479491,0.032553804355177,0.000465525,True,0.23111199856832831,0.23111201196056616
7,0.6023271741260877,-0.1523659983191185,0.23056451,0.231415928,0.230990219,0.0321380585868799,0.0004257089999999,True,0.2295284578929274,0.22952847117839212
7,0.6023271741260877,-0.1482760136855372,0.228865124,0.229833173,0.229349148,0.0316830307729461,0.0004840244999999,True,0.22794285046553295,0.22794286364005822
7,0.6023271741260877,-0.144202687755703,0.227371043,0.228261243,0.227816143,0.0312608977978072,0.0004451,True,0.22635516246595075,0.22635517552527756
7,0.6023271741260877,-0.1401458876727222,0.225695515,0.226635687,0.226165601,0.0308095644477263,0.0004700859999999,True,0.22476538567812793,0.22476539861789058
7,0.6023271741260877,-0.1361054775976075,0.224277812,0.225019097,0.224648455,0.0303976023301739,0.0003706425,True,0.22317351394684531,0.22317352676257995
7,0.6023271741260877,-0.1320813279052954,0.222556872,0.223470528,0.2230137,0.0299568084946663,0.000456828,True,0.22157954697097137,0.22157955965810236
7,0.6023271741260877,-0.1280733059736745,0.221084955,0.221865691,0.221475323,0.0295449421784969,0.000390368,True,0.21998348704289666,0.21998349959672786
7,0.6023271741260877,-0.1240812841743106,0.219375996,0.220264609,0.219820302,0.0291050304027171,0.0004443065,True,0.21838534276315696,0.2183853551788813
7,0.6023271741260877,-0.120105136396665,0.217906015,0.218665637,0.218285826,0.0287001079255476,0.0003798109999999,True,0.21678512836923888,0.21678514064191498
7,0.6023271741260877,-0.1161447346546448,0.216202276,0.217067174,0.216634725,0.0282675781330223,0.000432449,True,0.21518286311053447,0.21518287523509805
7,0.6023271741260877,-0.1121999569605827,0.214728003,0.215467655,0.215097829,0.0278679171665591,0.000369826,True,0.2135785751475404,0.21357858711878996
7,0.6023271741260877,-0.108270678298616,0.213023058,0.213865555,0.213444306,0.0274411055550058,0.0004212485,True,0.211972298543957,0.2119723103565576
7,0.6023271741260877,-0.1043567795694778,0.211538562,0.212259376,0.211898969,0.0270451966861415,0.0003604069999999,True,0.21036407746468858,0.21036408911316545
7,0.6023271741260877,-0.1004581386355342,0.209826254,0.21064765,0.210236952,0.0266226057013694,0.000410698,True,0.20875396303969307,0.20875397451842564
7,0.6023271741260877,-0.0965746391962598,0.208325836,0.20902893,0.208677383,0.0262290898121343,0.000351547,True,0.2071420175804088,0.20714202888362707
7,0.6023271741260877,-0.0927061619037897,0.206600212,0.207401787,0.207000999,0.0258093661988164,0.0004007874999999,True,0.2055283116120397,0.20552832273381502
7,0.6023271741260877,-0.0888525931701275,0.205183987,0.205764808,0.205474398,0.0254300895992328,0.0002904104999999,True,0.2039129284257891,0.2039129393600325
7,0.6023271741260877,-0.0850138163520951,0.203333575,0.204168763,0.203751169,0.025005334882032,0.000417594,True,0.20229596151599513,0.20229597225644402
7,0.6023271741260877,-0.0811897204913015,0.201836423,0.202507317,0.20217187,0.0246191986818146,0.000335447,True,0.2006775195520195,0.20067753009223172
7,0.6023271741260877,-0.0773801915673984,0.200066199,0.200882873,0.200474536,0.0242075529708964,0.0004083369999999,True,0.19905772414103207,0.19905773447438374
7,0.6023271741260877,-0.0735851211718141,0.19853504,0.199241911,0.198888475,0.0238260304480459,0.0003534354999999,True,0.1974367150190423,0.19743672513871866
7,0.6023271741260877,-0.0698043978282528,0.196783633,0.197633022,0.197208328,0.0234251811985126,0.0004246944999999,True,0.19581464790543268,0.19581465780442273
7,0.6023271741260877,-0.0660379145329074,0.195212619,0.195954439,0.195583529,0.0230407712879181,0.00037091,True,0.19419169927418747,0.1941917089452777
7,0.6023271741260877,-0.0622855654824991,0.193471736,0.194304191,0.193887963,0.0226430097093066,0.0004162274999999,True,0.19256806656075426,0.19256807599652573
7,0.6023271741260877,-0.0585472428754992,0.191903495,0.192630972,0.192267234,0.0222660414848027,0.0003637385,True,0.19094396846817854,0.19094397766100216
7,0.6023271741260877,-0.054822844348168,0.190116487,0.190981426,0.190548956,0.0218698399230217,0.0004324695,True,0.18931965007255516,0.18931965901457676
7,0.6023271741260877,-0.0511122644586675,0.188590881,0.189352835,0.188971858,0.0215093221026599,0.000380977,True,0.18769538126506338,0.18769538994820711
7,0.6023271741260877,-0.047415403136572,0.186798237,0.187695349,0.187246793,0.021118410786553,0.000448556,True,0.18607146288344056,0.18607147129939225
7,0.6023271741260877,-0.0437321572306916,0.185211448,0.186054366,0.185632907,0.0207559391308008,0.0004214589999999,True,0.18444822577462966,0.18444823391484183
7,0.6023271741260877,-0.0400624288966079,0.183405096,0.184334395,0.183869745,0.0203635271721233,0.0004646495,True,0.18282603752959375,0.18282604538527006
7,0.6023271741260877,-0.0364061172072489,0.181889274,0.182673306,0.18228129,0.0200132049886612,0.000392016,True,0.1812053020762079,0.18120530963831036
7,0.6023271741260877,-0.0327631264793414,0.180059975,0.18102173,0.180540853,0.0196328540008941,0.0004808774999999,True,0.1795864668331365,0.17958647409237796
7,0.6023271741260877,-0.0291333579458046,0.178603718,0.179331663,0.178967691,0.0192921987241826,0.0003639725,True,0.17797002263738315,0.17797002958423355
7,0.6023271741260877,-0.0255167180219901,0.176742273,0.177646667,0.17719447,0.0189117964535606,0.000452197,True,0.17635651116816206,0.17635651779285122
7,0.6023271741260877,-0.0219131100389797,0.175154837,0.176009169,0.175582003,0.0185691684101975,0.0004271659999999,True,0.1747465251701639,0.17474653146268632
7,0.6023271741260877,-0.0183224424504696,0.173387062,0.174326486,0.173856774,0.0182060482984718,0.0004697119999999,True,0.17314071621244134,0.1731407221625666
7,0.6023271741260877,-0.0147446206260772,0.171884322,0.17268583,0.172285076,0.0178783639728601,0.000400754,True,0.17153979536207747,0.1715398009593634
7,0.6023271741260877,-0.0111795549997064,0.170108467,0.170995421,0.170551944,0.0175204721222374,0.0004434769999999,True,0.16994454143677248,0.16994454667058045
7,0.6023271741260877,-0.0076271529219911,0.168590325,0.169385806,0.168988065,0.0172006367001229,0.0003977404999999,True,0.16835580223224422,0.1683558070917597
7,0.6023271741260877,-0.0040873257468648,0.166796016,0.167721408,0.167258712,0.0168503898495734,0.0004626959999999,True,0.1667745027700427,0.16677450724430262
7,0.6023271741260877,-0.0005599857627642,0.165296539,0.166087959,0.165692249,0.0165362428826989,0.00039571,True,0.16520164909332097,0.16520165317125324
7,0.6023271741260877,0.0029549568116082,0.163441494,0.164275564,0.163858529,0.0161722542508282,0.000417035,True,0.1636383320387415,0.1636383357092101
7,0.6023271741260877,0.0064575868329098,0.161999129,0.162700896,0.162350013,0.0158758545868731,0.0003508835,True,0.16208573520971886,0.1620857384615756
7,0.6023271741260877,0.0099479922365721,0.160359339,0.161061011,0.160710175,0.0155567619047362,0.000350836,True,0.16054513581650287,0.1605451386386586
7,0.6023271741260877,0.0134262560869055,0.158914334,0.159616451,0.159265392,0.0152783089073993,0.0003510585,True,0.15901791192236778,0.15901791430386983
7,0.6023271741260877,0.01689246452429,0.157310559,0.158057635,0.157684097,0.0149764281641795,0.000373538,True,0.15750554176945258,0.15750554369957606
7,0.6023271741260877,0.0203466988702382,0.155940984,0.156469534,0.156205259,0.0146968330052448,0.0002642749999999,True,0.15600960895518157,0.15600961042353012
7,0.6023271741260877,0.0237890435191518,0.154363189,0.155070149,0.154716669,0.0144180547432924,0.0003534799999999,True,0.15453179933401237,0.15453180033064595
7,0.6023271741260877,0.0272195780975979,0.153060518,0.153548527,0.153304523,0.014156059953763,0.0002440044999999,True,0.15307390309821362,0.15307390361377288
7,0.6023271741260877,0.0306383853014047,0.151499321,0.152168138,0.15183373,0.0138857384052437,0.0003344085,True,0.1516378081127555,0.15163780813861233
7,0.6023271741260877,0.0340455431084173,0.150256205,0.150749603,0.150502904,0.0136433875774211,0.000246699,True,0.15022549754418085,0.15022549707259106
7,0.6023271741260877,0.0374411325616939,0.148793146,0.149470688,0.149131917,0.013395954318289,0.000338771,True,0.14883903812182195,0.1488390371461072
7,0.6023271741260877,0.0408252300350208,0.147558592,0.148150513,0.147854553,0.0131674555867601,0.0002959605,True,0.1474805716537344,0.1474805701684483
7,0.6023271741260877,0.0441979149629514,0.14614294,0.146786281,0.146464611,0.0129210516306159,0.0003216704999999,True,0.14615229659651252,0.1461522945976373
7,0.6023271741260877,0.0475592631119324,0.145003489,0.145560548,0.145282019,0.0127132383770447,0.0002785294999999,True,0.14485645163976935,0.14485644912489493
7,0.6023271741260877,0.0509093494901406,0.14367809,0.144335451,0.14400677,0.0124910307037159,0.0003286804999999,True,0.14359529141701677,0.14359528838551866
7,0.6023271741260877,0.0542482511991588,0.142586781,0.143157284,0.142872033,0.0122949539387184,0.0002852515,True,0.14237105856218446,0.1423710550153808
7,0.6023271741260877,0.0575760407883401,0.14135205,0.14197867,0.14166536,0.0120881487646262,0.0003133099999999,True,0.14118595586277355,0.14118595180406288
7,0.6023271741260877,0.060892793855099,0.14030947,0.140896511,0.140602991,0.0119075270201301,0.0002935205,True,0.14004211041956338,0.1400421058545282
7,0.6023271741260877,0.0641985814896355,0.139119307,0.139815398,0.139467353,0.0117159517273677,0.0003480455,True,0.13894154151054378,0.13894153644700674
7,0.6023271741260877,0.0674934778245482,0.138229266,0.138836201,0.138532733,0.0115594524064263,0.0003034675,True,0.13788612259889776,0.13788611704693407
7,0.6023271741260877,0.0707775525292566,0.137140127,0.137861551,0.137500839,0.0113878871081825,0.0003607119999999,True,0.13687754923998785,0.1368775432118887
7,0.6023271741260877,0.0740508783096137,0.136261431,0.136892101,0.136576766,0.0112353370812988,0.0003153349999999,True,0.1359173043442335,0.13591729785440204
7,0.6023271741260877,0.0773135234513819,0.135284557,0.136035986,0.135660272,0.011085054275806,0.0003757144999999,True,0.1350066318114353,0.13500662487624032
7,0.6023271741260877,0.0805655592705069,0.134478676,0.135137212,0.134807944,0.0109462012176976,0.000329268,True,0.13414651068553138,0.13414650332310335
7,0.6023271741260877,0.0838070527050162,0.133575779,0.134306263,0.133941021,0.0108058682264366,0.000365242,True,0.13333763964191056,0.13333763187189396
7,0.6023271741260877,0.0870380737166023,0.132916324,0.133549655,0.133232989,0.0106919273509575,0.0003166654999999,True,0.13258042432342976,0.13258041616670369
7,0.6023271741260877,0.090258687930323,0.132047726,0.132816048,0.132431887,0.0105637372728112,0.0003841609999999,True,0.13187497577252527,0.13187496725090295
7,0.6023271741260877,0.0934689639881336,0.131441765,0.132109547,0.131775656,0.0104593050765245,0.000333891,True,0.13122111265053252,0.13122110378643342
7,0.6023271741260877,0.0966689671436347,0.130685405,0.131434974,0.13106019,0.0103460373843344,0.0003747845,True,0.1306183736204793,0.1306183644366174
7,0.6023271741260877,0.0998587620288939,0.130154888,0.130797974,0.130476431,0.0102540774707196,0.000321543,True,0.13006603392594052,0.13006602444502094
7,0.6023271741260877,0.1030384153685908,0.129342539,0.130205121,0.12977383,0.0101439406858811,0.000431291,True,0.12956312753720994,0.1295631177816368
7,0.6023271741260877,0.1062079896502765,0.128979723,0.129595771,0.129287747,0.0100680923783622,0.000308024,True,0.12910847486206745,0.12910846485370175
7,0.6023271741260877,0.1125171587869854,0.127969712,0.128555005,0.128262358,0.0099090243704011,0.0002926464999999,True,0.12833831767454712,0.1283383072229325
7,0.6023271741260877,0.1187867717447318,0.12711769,0.127667183,0.127392436,0.0097750669696808,0.0002747464999999,True,0.12774298318632926,0.12774297236768561
7,0.6023271741260877,0.1312092916336598,0.125482397,0.126214912,0.125848655,0.0095395878929614,0.0003662575,True,0.12701981002785584,0.12701979866523183
7,0.6023271741260877,0.1434793849848575,0.124394885,0.125259916,0.124827401,0.0093853897723147,0.0004325155,True,0.12682239486311137,0.1268223831453979
7,0.6023271741260877,0.1556007454023862,0.123755479,0.12465868,0.124207079,0.0092923413267882,0.0004516004999999,True,0.12704115427883556,0.12704114232815034
7,0.6023271741260877,0.1675769363370196,0.123261954,0.12435135,0.123806652,0.0092325233753231,0.0005446979999999,True,0.12758225519834676,0.1275822430870583
7,0.6023271741260877,0.1794113938745775,0.123155428,0.124474301,0.123814865,0.0092337483374447,0.0006594364999999,True,0.12836963806202512,0.12836962582908557
7,0.6023271741260877,0.191107433530869,0.123309297,0.124686111,0.123997704,0.0092610396626263,0.000688407,True,0.12934333795750375,0.12934332562050038
8,0.6789869949434112,-0.4050583453473543,0.316572435,0.317591475,0.317081955,0.0682660084997616,0.00050952,True,0.30937555044205844,0.3093755685998784
8,0.6789869949434112,-0.3945870453551096,0.312880576,0.313864167,0.313372371,0.0666780458075576,0.0004917955,True,0.3064037506474706,0.3064037687702559
8,0.6789869949434112,-0.3893922291545439,0.311068141,0.312446677,0.311757409,0.0659925671267507,0.0006892679999999,True,0.30491917265155427,0.3049191907546867
8,0.6789869949434112,-0.3842242581971902,0.309230546,0.310315165,0.309772855,0.0651550635756954,0.0005423095,True,0.3034354006195671,0.3034354187015802
8,0.6789869949434112,-0.3790828593669983,0.307502286,0.308832593,0.30816744,0.0644814741072743,0.0006651534999999,True,0.30195237987897205,0.30195239793837364
8,0.6789869949434112,-0.3739677579101255,0.305614598,0.306661728,0.306138163,0.0636350514783855,0.000523565,True,0.3004700550422015,0.30047007307747786
8,0.6789869949434112,-0.3688786890666854,0.303833281,0.305246259,0.30453977,0.062972290009312,0.000706489,True,0.2989883735227135,0.29898839153231305
8,0.6789869949434112,-0.3638153863286538,0.302152333,0.303162666,0.3026575,0.0621962695224423,0.0005051665,True,0.2975072819357263,0.2975072999180701
8,0.6789869949434112,-0.3587775929566442,0.300316983,0.301681083,0.300999033,0.0615165054680876,0.00068205,True,0.2960267290338606,0.2960267469873549
8,0.6789869949434112,-0.3537650503600476,0.298579376,0.299676787,0.299128082,0.0607541331490639,0.0005487054999999,True,0.29454666190865736,0.29454667983168087
8,0.6789869949434112,-0.3487775095009822,0.296813732,0.298250244,0.297531988,0.0601075164803882,0.000718256,True,0.2930670291716414,0.2930670470625283
8,0.6789869949434112,-0.3438147193940541,0.295139073,0.29619856,0.295668816,0.0593570762018565,0.0005297435,True,0.29158777769829025,0.2915877955553637
8,0.6789869949434112,-0.3388764383995776,0.293434058,0.294820766,0.294127412,0.0587397994389876,0.000693354,True,0.29010885634938016,0.2901088741709164
8,0.6789869949434112,-0.3339624242369201,0.291699663,0.29283622,0.292267941,0.0579994421003236,0.0005682784999999,True,0.288630213415535,0.2886302311997826
8,0.6789869949434112,-0.3290724381865797,0.290048858,0.291165525,0.290607191,0.0573421759839034,0.0005583334999999,True,0.28715179812833325,0.2871518158734993
8,0.6789869949434112,-0.324206249169532,0.288366629,0.28935461,0.288860619,0.056654985297086,0.0004939905,True,0.2856735619139275,0.28567357961820433
8,0.6789869949434112,-0.3193636239454906,0.286653959,0.287840273,0.287247116,0.0560238318775683,0.0005931569999999,True,0.28419545520223355,0.28419547286377095
8,0.6789869949434112,-0.3145443381381182,0.285018117,0.286078233,0.285548175,0.0553630788037328,0.0005300579999999,True,0.28271743045216735,0.2827174480690832
8,0.6789869949434112,-0.3097481651341047,0.283454499,0.284495967,0.283975233,0.0547548237251759,0.0005207339999999,True,0.2812394385083104,0.28123945607869205
8,0.6789869949434112,-0.3049748870045702,0.281753382,0.282777381,0.282265381,0.0540974369046536,0.0005119994999999,True,0.27976143189084157,0.2797614494127477
8,0.6789869949434112,-0.3002242835130275,0.280122909,0.281229813,0.280676361,0.0534900655966241,0.000553452,True,0.27828336157215083,0.2782833790435925
8,0.6789869949434112,-0.2954961429348441,0.278558821,0.279547956,0.279053389,0.0528732563524281,0.0004945674999999,True,0.27680518063870196,0.276805198057654
8,0.6789869949434112,-0.2907902511719095,0.276959535,0.278028811,0.277494173,0.0522840464686584,0.000534638,True,0.2753268412271651,0.27532685859156814
8,0.6789869949434112,-0.2861064024719759,0.2753261,0.276282123,0.275804112,0.051649120397707,0.0004780114999999,True,0.2738482980777832,0.2738483153855376
8,0.6789869949434112,-0.2814443886479173,0.273753718,0.274880985,0.274317352,0.0510937778933969,0.0005636335,True,0.2723695051607002,0.27236952240966483
8,0.6789869949434112,-0.2768040096987261,0.272145969,0.273162303,0.272654136,0.0504760818795778,0.000508167,True,0.27089041887255766,0.2708904360605582
8,0.6789869949434112,-0.2721850644441453,0.270594929,0.271684753,0.271139841,0.0499169601930078,0.000544912,True,0.26941099483910536,0.26941101196392797
8,0.6789869949434112,-0.2675873544849015,0.269007465,0.26999013,0.269498798,0.0493145552897333,0.0004913324999999,True,0.2679311889751756,0.2679312060345718
8,0.6789869949434112,-0.2630106880542057,0.267472647,0.26861412,0.268043384,0.0487833522468642,0.0005707365,True,0.2664509586857204,0.26645097567739195
8,0.6789869949434112,-0.2584548708147084,0.265900493,0.266937063,0.266418778,0.048193794333558,0.0005182849999999,True,0.26497026001923735,0.264970276940844
8,0.6789869949434112,-0.2539197162411166,0.264377184,0.26548136,0.264929272,0.047656412718645,0.000552088,True,0.2634890512724088,0.26348906812157097
8,0.6789869949434112,-0.2494050351897962,0.262899494,0.263818607,0.26335905,0.0470931726737021,0.0004595564999999,True,0.2620072898810009,0.2620073066552853
8,0.6789869949434112,-0.2449106461889197,0.261299614,0.26245008,0.261874847,0.0465638658321403,0.0005752329999999,True,0.2605249359967474,0.26052495269368003
8,0.6789869949434112,-0.2404363651039166,0.259825712,0.260795985,0.260310848,0.0460093385759874,0.0004851365,True,0.25904194918172174,0.2590419657987821
8,0.6789869949434112,-0.2359820153367399,0.258311418,0.259424788,0.258868103,0.0455007482319184,0.000556685,True,0.2575582917218517,0.257558308256469
8,0.6789869949434112,-0.2315474175853764,0.25675779,0.257697281,0.257227535,0.0449258567408814,0.0004697455,True,0.2560739250959484,0.256073941545511
8,0.6789869949434112,-0.22713239995378,0.255243009,0.25632133,0.25578217,0.0444223972050828,0.0005391604999999,True,0.2545888132031748,0.2545888295650215
8,0.6789869949434112,-0.2227367890531962,0.25376435,0.254749863,0.254257107,0.0438942525826607,0.0004927564999999,True,0.2531029193275735,0.2531029355989907
8,0.6789869949434112,-0.2183604137768166,0.252244442,0.253363477,0.252803959,0.0433939513537363,0.0005595174999999,True,0.25161620745489405,0.25161622363312247
8,0.6789869949434112,-0.2140031089757902,0.25075788,0.251786125,0.251272003,0.0428696225265037,0.0005141225,True,0.2501286437155118,0.2501286597977305
8,0.6789869949434112,-0.2096647067069395,0.249229743,0.250386523,0.249808133,0.0423715745805951,0.00057839,True,0.24864019366406054,0.24864020964739772
8,0.6789869949434112,-0.2053450461258975,0.247803658,0.248800307,0.248301982,0.0418621788138983,0.0004983244999999,True,0.24715082591657517,0.247150841798097
8,0.6789869949434112,-0.2010439635624659,0.246263302,0.247384883,0.246824092,0.0413653355981337,0.0005607905,True,0.24566050894050798,0.2456605247172288
8,0.6789869949434112,-0.196761302329553,0.244889526,0.245855921,0.245372724,0.0408802953253755,0.0004831975,True,0.24416921453132023,0.24416923020019504
8,0.6789869949434112,-0.1924969028851526,0.243265161,0.244421173,0.243843167,0.0403722204988351,0.0005780059999999,True,0.2426769144044106,0.24267692996233484
8,0.6789869949434112,-0.1882506125584704,0.241937171,0.242874853,0.242406012,0.0398977339039932,0.0004688409999999,True,0.24118358353276692,0.24118359897657715
8,0.6789869949434112,-0.184022275796994,0.240362626,0.241484424,0.240923525,0.0394112195186419,0.000560899,True,0.2396891966978866,0.23968921202435794
8,0.6789869949434112,-0.1798117438111657,0.239007195,0.239917452,0.239462324,0.0389346111952956,0.0004551284999999,True,0.23819373191633306,0.238193747122177
8,0.6789869949434112,-0.1756188660970383,0.237411101,0.23850047,0.237955785,0.03844625047782,0.0005446844999999,True,0.23669716758681325,0.23669718266867323
8,0.6789869949434112,-0.1714434940408999,0.236089641,0.237036812,0.236563226,0.0379975787780066,0.0004735855,True,0.2351994839925351,0.2351994989469841
8,0.6789869949434112,-0.1672854844340281,0.234468955,0.235527408,0.234998181,0.0374964763116449,0.0005292264999999,True,0.23370066487422506,0.23370067969776742
8,0.6789869949434112,-0.1631446911281041,0.233175212,0.234095713,0.233635462,0.0370628643736894,0.0004602505,True,0.23220069474705107,0.2322007094361162
8,0.6789869949434112,-0.1590209744819787,0.231587667,0.232616528,0.232102097,0.0365779687498004,0.0005144304999999,True,0.23069956258398266,0.23069957713492573
8,0.6789869949434112,-0.1549141918950963,0.230255187,0.231150329,0.230702758,0.0361382425925958,0.0004475709999999,True,0.22919725859834628,0.22919727300744466
8,0.6789869949434112,-0.150824207177312,0.228635782,0.229636681,0.229136231,0.0356491341804763,0.0005004494999999,True,0.22769377780016953,0.22769379206362542
8,0.6789869949434112,-0.146750881161012,0.227321343,0.228192402,0.227756873,0.0352212235681302,0.0004355294999999,True,0.22618911667035643,0.22618913078428657
8,0.6789869949434112,-0.1426940809952008,0.225667516,0.226699113,0.226183315,0.034736222333115,0.0005157984999999,True,0.22468327669445104,0.22468329065489573
8,0.6789869949434112,-0.1386536708350002,0.224365867,0.225214084,0.224789976,0.0343095749650995,0.0004241085,True,0.22317626109744773,0.22317627490035774
8,0.6789869949434112,-0.1346295210611977,0.222731002,0.223735832,0.223233417,0.0338360665150258,0.0005024149999999,True,0.22166807852979598,0.22166809217103423
8,0.6789869949434112,-0.1306214990458379,0.22138128,0.222262915,0.221822098,0.0334095843920308,0.0004408174999999,True,0.22015873998611274,0.22015875346144897
8,0.6789869949434112,-0.1266294782983987,0.219814537,0.220793938,0.220304237,0.0329539255076081,0.0004897004999999,True,0.2186482626786996,0.2186482759838083
8,0.6789869949434112,-0.1226533304367141,0.218467903,0.219327539,0.218897721,0.0325344849708048,0.0004298179999999,True,0.21713666751355165,0.21713668064400637
8,0.6789869949434112,-0.1186929286084532,0.216853976,0.217809364,0.21733167,0.0320706299304571,0.000477694,True,0.21562398087336945,0.2156239938246404
8,0.6789869949434112,-0.1147481508316841,0.215505939,0.216344823,0.215925381,0.0316569335938674,0.0004194419999999,True,0.2141102363850854,0.21411024915253946
8,0.6789869949434112,-0.1108188720848159,0.213842669,0.214827191,0.21433493,0.0311922974007874,0.0004922609999999,True,0.21259547234298237,0.21259548492187652
8,0.6789869949434112,-0.1069049732742715,0.212540114,0.213359387,0.212949751,0.0307904282421451,0.0004096365,True,0.21107973557744755,0.21107974796293236
8,0.6789869949434112,-0.1030063322567342,0.21087533,0.211837212,0.211356271,0.0303313494095682,0.0004809409999999,True,0.20956307843047828,0.20956309061758605
8,0.6789869949434112,-0.0991228327373241,0.209510359,0.210361224,0.209935791,0.0299250185044265,0.0004254325,True,0.20804556268676344,0.20804557467041035
8,0.6789869949434112,-0.095254355362538,0.207889026,0.208879072,0.208384049,0.0294842714344824,0.0004950229999999,True,0.2065272566808057,0.20652726845578256
8,0.6789869949434112,-0.0914007865499814,0.206508255,0.207389596,0.206948926,0.0290795585846473,0.0004406705,True,0.20500823943107022,0.20500825099204495
8,0.6789869949434112,-0.0875620096508815,0.204874221,0.205891647,0.205382934,0.0286411309825241,0.000508713,True,0.2034885979739709,0.20348860931547524
8,0.6789869949434112,-0.0837379137124063,0.203473128,0.204384082,0.203928605,0.0282369479217151,0.0004554769999999,True,0.2019684317260988,0.20196844284253146
8,0.6789869949434112,-0.079928385791865,0.201821555,0.20281832,0.202319937,0.0277932169996944,0.0004983824999999,True,0.20044785043580415,0.2004478613214196
8,0.6789869949434112,-0.0761333142365749,0.200442671,0.201335546,0.200889109,0.0274014939262492,0.0004464375,True,0.19892697651592253,0.1989269871648342
8,0.6789869949434112,-0.072352591889393,0.198768288,0.199792295,0.199280291,0.0269643622796719,0.0005120035,True,0.19740594741036005,0.19740595781653447
8,0.6789869949434112,-0.0685861085119427,0.197358774,0.198234856,0.197796815,0.0265644020320217,0.000438041,True,0.195884913652576,0.19588492380982328
8,0.6789869949434112,-0.0648337593827597,0.195702491,0.196753424,0.196227957,0.0261446733775489,0.0005254665,True,0.19436404346002786,0.19436405336201096
8,0.6789869949434112,-0.0610954366948677,0.1943028,0.19520859,0.194755695,0.0257538278400746,0.0004528949999999,True,0.1928435204595197,0.19284353009974445
8,0.6789869949434112,-0.0573710380899412,0.192567519,0.193645299,0.193106409,0.0253194828890101,0.00053889,True,0.1913235484441801,0.19132355781598542
8,0.6789869949434112,-0.0536604581207348,0.191171618,0.192106905,0.191639262,0.0249362093578013,0.0004676435,True,0.18980434933440773,0.18980435843097515
8,0.6789869949434112,-0.049963596722197,0.189486476,0.190546978,0.190016727,0.0245157465253091,0.000530251,True,0.18828616822960723,0.18828617704394865
8,0.6789869949434112,-0.0462803507377712,0.188043429,0.188964328,0.188503879,0.0241269286003331,0.0004604494999999,True,0.186769271707942,0.18676928023290187
8,0.6789869949434112,-0.0426106223283728,0.186356394,0.187401255,0.186878824,0.023712734625056,0.0005224304999999,True,0.18525395321739868,0.18525396144565065
8,0.6789869949434112,-0.038954310561603,0.184947656,0.185855583,0.18540162,0.0233393364816629,0.0004539635,True,0.18374053170222912,0.18374053962627795
8,0.6789869949434112,-0.0353113197594841,0.183208418,0.184282242,0.18374533,0.022924194054309,0.000536912,True,0.18222935726610792,0.18222936487828645
8,0.6789869949434112,-0.0316815521818355,0.181783503,0.182722627,0.182253065,0.0225533540392894,0.0004695619999999,True,0.18072081046537117,0.18072081775785354
8,0.6789869949434112,-0.0280649111527,0.18011362,0.181174647,0.180644133,0.022156909207647,0.0005305134999999,True,0.1792153060043571,0.17921531296915083
8,0.6789869949434112,-0.0244613041192387,0.178665352,0.17959403,0.179129691,0.0217869586692223,0.0004643389999999,True,0.17771329649782677,0.17771330312678782
8,0.6789869949434112,-0.0208706354338893,0.176971284,0.178063378,0.177517331,0.0213965116842601,0.0005460469999999,True,0.17621527203728152,0.17621527832212663
8,0.6789869949434112,-0.0172928145527892,0.175576528,0.176496428,0.176036478,0.0210410204256931,0.00045995,True,0.17472176627986571,0.1747217722121729
8,0.6789869949434112,-0.0137277478379323,0.173892243,0.174933341,0.174412792,0.02065466353548,0.0005205489999999,True,0.1732333558150028,0.17323336138623446
8,0.6789869949434112,-0.0101753466973344,0.172417691,0.173413564,0.172915628,0.0203015851333263,0.0004979364999999,True,0.171750666465677,0.17175067166719543
8,0.6789869949434112,-0.006635519446045,0.170776402,0.171893303,0.171334852,0.0199320920235472,0.0005584505,True,0.17027437290126055,0.17027437772434814
8,0.6789869949434112,-0.0031081793888705,0.169380307,0.170329305,0.169854806,0.0195892196229586,0.0004744989999999,True,0.16880520509147026,0.16880520952735512
8,0.6789869949434112,0.0004067632606068,0.167369521,0.168522476,0.167945999,0.0191514111571063,0.0005764775,True,0.16734394803136393,0.16734395207125127
8,0.6789869949434112,0.0039093933539531,0.166058768,0.167004471,0.16653162,0.0188301972658415,0.0004728514999999,True,0.16589144810911172,0.16589145174422681
8,0.6789869949434112,0.0073997978390567,0.164450617,0.165518762,0.164984689,0.0184819904264468,0.0005340725,True,0.16444861303971053,0.16444861626133542
8,0.6789869949434112,0.0108780627530548,0.163159622,0.164022157,0.16359089,0.0181710358975285,0.0004312674999999,True,0.16301641570108544,0.1630164185006146
8,0.6789869949434112,0.0143442702777351,0.161567512,0.162594771,0.162081142,0.0178371897392906,0.0005136295,True,0.16159589752337034,0.16159589989237508
8,0.6789869949434112,0.0177985056794918,0.160288631,0.16115247,0.16072055,0.0175389777007186,0.0004319195,True,0.16018816729895052,0.1601881692292379
8,0.6789869949434112,0.0212408494214826,0.158745396,0.15973442,0.159239908,0.0172173097218475,0.0004945119999999,True,0.15879440542898704,0.15879440691268465
8,0.6789869949434112,0.0246713850479956,0.15751255,0.15833881,0.15792568,0.0169342890010717,0.0004131299999999,True,0.157415860946116,0.15741586197574778
8,0.6789869949434112,0.0280901913505883,0.155969128,0.157005357,0.156487242,0.0166272079698856,0.0005181144999999,True,0.15605385399221788,0.15605385456080798
8,0.6789869949434112,0.0314973501980387,0.154775747,0.155608091,0.155191919,0.0163530838191528,0.000416172,True,0.1547097708938127,0.15470977099497754
8,0.6789869949434112,0.0348929387557394,0.153307896,0.154269792,0.153788844,0.016058727215179,0.0004809479999999,True,0.15338506421356246,0.1533850638416198
8,0.6789869949434112,0.0382770372619845,0.152148412,0.152947548,0.15254798,0.0158006290920206,0.0003995679999999,True,0.15208124517820204,0.15208124432829445
8,0.6789869949434112,0.0416497212999077,0.150750856,0.1516823,0.151216578,0.0155260245211971,0.000465722,True,0.15079988052457802,0.15079987919278748
8,0.6789869949434112,0.0450110695208412,0.149663299,0.150431049,0.150047174,0.0152868180569849,0.000383875,True,0.14954258150670868,0.14954257969018234
8,0.6789869949434112,0.0483611559680956,0.148289407,0.149192705,0.148741056,0.0150218415588626,0.0004516489999999,True,0.14831099677485432,0.14831099447192747
8,0.6789869949434112,0.051700056798503,0.147228226,0.148009663,0.147618945,0.01479604523688,0.0003907185,True,0.14710679768671217,0.1471067948970388
8,0.6789869949434112,0.0550278474054203,0.145917362,0.146838519,0.14637794,0.0145483157424968,0.0004605785,True,0.14593166509636274,0.14593166182102751
8,0.6789869949434112,0.0583445995989263,0.144924551,0.14572295,0.145323751,0.0143395213249041,0.0003991994999999,True,0.1447872739178251,0.1447872701594398
8,0.6789869949434112,0.0616503882440043,0.143721088,0.144619179,0.144170134,0.0141127633875561,0.0004490454999999,True,0.14367527250416584,0.14367526826696866
8,0.6789869949434112,0.0649452837109576,0.142798998,0.143572428,0.143185713,0.0139206921369689,0.0003867149999999,True,0.14259726538016476,0.1425972606700762
8,0.6789869949434112,0.0682293594191135,0.141615334,0.14253844,0.142076887,0.0137059240775005,0.0004615529999999,True,0.14155478971055235,0.14155478453522607
8,0.6789869949434112,0.0715026843367411,0.140767728,0.141564287,0.141166007,0.0135307452377412,0.0003982795,True,0.1405492961916341,0.14054929056045584
8,0.6789869949434112,0.0747653304749613,0.139700128,0.140605142,0.140152635,0.0133371793299443,0.0004525069999999,True,0.13958212520437982,0.1395821191284501
8,0.6789869949434112,0.0780173654365252,0.138886538,0.139661878,0.139274208,0.0131705178414751,0.0003876699999999,True,0.13865448843417397,0.13865448192624782
8,0.6789869949434112,0.0812588598605874,0.137896385,0.138784935,0.13834066,0.0129945469515005,0.0004442749999999,True,0.13776744753252235,0.13776744060691742
8,0.6789869949434112,0.0844898800197189,0.137173573,0.13792838,0.137550976,0.0128466179488221,0.0003774034999999,True,0.1369218993360584,0.13692189200852883
8,0.6789869949434112,0.0877104943001622,0.136272304,0.13709421,0.136683257,0.0126850473887284,0.0004109529999999,True,0.13611856005718076,0.13611855234475068
8,0.6789869949434112,0.090920770426591,0.135602642,0.136389592,0.135996117,0.0125578263389425,0.000393475,True,0.1353579554994882,0.13535794742028118
8,0.6789869949434112,0.0941207727400995,0.134751438,0.135610192,0.135180815,0.0124077083607305,0.0004293769999999,True,0.13464041486461725,0.1346404064376452
8,0.6789869949434112,0.0973105686009684,0.134202735,0.134861906,0.13453232,0.0122889483617859,0.0003295855,True,0.1339660665123944,0.1339660577573341
8,0.6789869949434112,0.1004902211035941,0.133360122,0.134261007,0.133810565,0.0121574436415009,0.0004504424999999,True,0.13333484092808068,0.13333483186505055
8,0.6789869949434112,0.1036597963542762,0.132839543,0.133590185,0.133214864,0.0120494390032405,0.0003753209999999,True,0.13274647447446314,0.13274646512379895
8,0.6789869949434112,0.1099689656212511,0.131719342,0.132389468,0.132054405,0.0118404236455197,0.000335063,True,0.13169635656158368,0.13169634669642555
8,0.6789869949434112,0.1162385787076352,0.130647146,0.131356853,0.131002,0.0116524516121251,0.0003548535,True,0.13081015490280196,0.13081014460183982
8,0.6789869949434112,0.1286610979698022,0.128863917,0.129595254,0.129229585,0.011339276760906,0.0003656684999999,True,0.12949665771363728,0.12949664675503608
8,0.6789869949434112,0.1409311907117361,0.127510283,0.128265764,0.127888023,0.0111050675216243,0.0003777405,True,0.12872721894898115,0.12872720756768033
8,0.6789869949434112,0.1530525513905833,0.126421361,0.127298715,0.126860038,0.0109272563184062,0.0004386769999999,True,0.12841384408484158,0.12841383245170293
8,0.6789869949434112,0.165028742580313,0.125740381,0.12676715,0.126253766,0.0108230618176384,0.0005133844999999,True,0.12847172304418625,0.12847171127369134
8,0.6789869949434112,0.176863200366965,0.125392929,0.126468674,0.125930802,0.0107677606783547,0.0005378725,True,0.12882584006364578,0.12882582822665906
8,0.6789869949434112,0.1885592402665576,0.12498654,0.126425666,0.125706103,0.0107293690148316,0.0007195629999999,True,0.12941325720938873,0.12941324534595558
9,0.7748117733527029,-0.4392341551147014,0.321851053,0.323025222,0.322438137,0.080554353710919,0.0005870845,True,0.3135831111683748,0.31358313312109215
9,0.7748117733527029,-0.4338140869912084,0.320033769,0.321618126,0.320825948,0.0797508248703662,0.0007921784999999,True,0.312146129235743,0.312146151138006
9,0.7748117733527029,-0.4284232392440476,0.31833739,0.319329394,0.318833392,0.078763283057666,0.0004960019999999,True,0.31071073641277513,0.3107107582632784
9,0.7748117733527029,-0.4230612954542558,0.316475772,0.317867218,0.317171495,0.0779443266828436,0.000695723,True,0.30927688050991864,0.30927690230732674
9,0.7748117733527029,-0.4177279503558922,0.314731734,0.315690032,0.315210883,0.0769836712857279,0.000479149,True,0.30784451118772815,0.30784453293068975
9,0.7748117733527029,-0.4124228974834446,0.312963913,0.314441335,0.313702624,0.0762487123765408,0.000738711,True,0.3064135766476674,0.3064135983348112
9,0.7748117733527029,-0.4071458412491353,0.311173145,0.312230746,0.311701945,0.0752792417066123,0.0005288005,True,0.304984027058854,0.304984048688781
9,0.7748117733527029,-0.4018964847257959,0.309360211,0.310788295,0.310074253,0.0744950855922618,0.0007140419999999,True,0.3035558115418404,0.3035558331131382
9,0.7748117733527029,-0.3966745401140858,0.307654045,0.308548523,0.308101284,0.0735500932536593,0.000447239,True,0.30212888124230414,0.30212890275353055
9,0.7748117733527029,-0.3914797240921259,0.305922843,0.307302283,0.306612563,0.0728410340118162,0.00068972,True,0.30070318818077846,0.30070320963046804
9,0.7748117733527029,-0.3863117533084679,0.304167452,0.305277929,0.30472269,0.0719458583375586,0.0005552384999999,True,0.2992786839397823,0.29927870532644885
9,0.7748117733527029,-0.3811703546532435,0.302510362,0.303843094,0.303176728,0.0712176984459277,0.000666366,True,0.2978553223027058,0.29785534362484817
9,0.7748117733527029,-0.376055253366515,0.300826531,0.301899092,0.301362812,0.070368052295462,0.0005362804999999,True,0.2964330557789017,0.2964330770349862
9,0.7748117733527029,-0.370966184694514,0.299116851,0.300521369,0.29981911,0.069648991533499,0.0007022589999999,True,0.2950118387222585,0.29501185991073925
9,0.7748117733527029,-0.365902882123183,0.297497687,0.298533938,0.298015812,0.0688136867034924,0.0005181254999999,True,0.2935916240931477,0.2935916452124424
9,0.7748117733527029,-0.3608650874846205,0.295850417,0.297094555,0.296472486,0.068102805232993,0.000622069,True,0.2921723664366315,0.2921723874851438
9,0.7748117733527029,-0.3558525464859539,0.294175956,0.295177451,0.294676704,0.0672802843668048,0.0005007474999999,True,0.2907540208575915,0.29075404183369247
9,0.7748117733527029,-0.3508650043712892,0.292475168,0.293787167,0.293131167,0.0665763842862467,0.0006559995,True,0.2893365419665871,0.28933656286862647
9,0.7748117733527029,-0.3459022158447754,0.290856771,0.291932269,0.29139452,0.0657898614028161,0.000537749,True,0.2879198867705899,0.2879199075968861
9,0.7748117733527029,-0.34096393360547,0.2893161,0.290478401,0.28989725,0.065115503411453,0.0005811504999999,True,0.28650401137218034,0.2865040321210286
9,0.7748117733527029,-0.3360499196095968,0.287640205,0.288679793,0.288159999,0.0643374137706406,0.000519794,True,0.2850888740569082,0.28508889472657994
9,0.7748117733527029,-0.3311599337215096,0.28604028,0.287266224,0.286653252,0.063666350733724,0.000612972,True,0.2836744318966903,0.28367445248543555
9,0.7748117733527029,-0.3262937434822072,0.284511993,0.285516772,0.285014383,0.0629404385979687,0.0005023894999999,True,0.28226064347210933,0.2822606639781459
9,0.7748117733527029,-0.3214511198030997,0.282952098,0.28413701,0.283544554,0.06229294047534,0.000592456,True,0.2808474676530222,0.2808474880745464
9,0.7748117733527029,-0.3166318327836737,0.281361569,0.282333199,0.281847384,0.0615494572588283,0.000485815,True,0.2794348624808154,0.2794348828159876
9,0.7748117733527029,-0.3118356613082173,0.279837113,0.28088775,0.280362432,0.0609026020929251,0.0005253184999999,True,0.27802278814055514,0.2780228083875103
9,0.7748117733527029,-0.3070623819766654,0.278280664,0.279220268,0.278750466,0.0602042867252937,0.0004698019999999,True,0.27661120387870175,0.2766112240355422
9,0.7748117733527029,-0.3023117786446606,0.276693168,0.277801872,0.27724752,0.0595568269285319,0.000554352,True,0.27520007090982834,0.27520009097462866
9,0.7748117733527029,-0.297583638227318,0.275166651,0.276166488,0.275666569,0.0588795406496195,0.0004999185,True,0.27378935120510206,0.27378937117590857
9,0.7748117733527029,-0.2928777466209191,0.273607881,0.274769883,0.274188882,0.0582499950412911,0.0005810009999999,True,0.2723790062070681,0.27237902608189646
9,0.7748117733527029,-0.2881938980788399,0.272105952,0.273161261,0.272633607,0.0575910491268035,0.0005276545,True,0.2709689995348748,0.27096901931171197
9,0.7748117733527029,-0.2835318844083986,0.27065744,0.271781611,0.271219525,0.0569951778664883,0.0005620854999999,True,0.2695592936656058,0.2695593133424098
9,0.7748117733527029,-0.2788915056141584,0.269088451,0.270109919,0.269599185,0.056316202415282,0.0005107339999999,True,0.26814985311586914,0.26814987269056245
9,0.7748117733527029,-0.2742725591975271,0.267655904,0.268744196,0.26820005,0.0557331924043125,0.0005441459999999,True,0.2667406412605574,0.266740660731034
9,0.7748117733527029,-0.2696748493937015,0.266104815,0.267176006,0.26664041,0.0550868765195328,0.0005355955,True,0.2653316232530771,0.2653316426171928
9,0.7748117733527029,-0.2650981831197229,0.264683928,0.265818656,0.265251292,0.0545143988313303,0.0005673639999999,True,0.2639227649514956,0.26392278420707366
9,0.7748117733527029,-0.2605423660328122,0.263146436,0.264183888,0.263665162,0.0538643857925927,0.0005187259999999,True,0.26251403183236827,0.2625140509771945
9,0.7748117733527029,-0.2560072116131199,0.261733242,0.262910776,0.262322009,0.0533169958050043,0.000588767,True,0.26110539187796167,0.26110541090979095
9,0.7748117733527029,-0.251492530711631,0.260282837,0.261364775,0.260823806,0.0527097148951883,0.000540969,True,0.25969681236853714,0.2596968312850884
9,0.7748117733527029,-0.2469981418619116,0.258796206,0.25993733,0.259366768,0.0521224560482014,0.000570562,True,0.25828826305730224,0.25828828185625524
9,0.7748117733527029,-0.2425238609240584,0.257349343,0.258398037,0.25787369,0.0515240841418162,0.000524347,True,0.2568797128889844,0.2568797315679888
9,0.7748117733527029,-0.2380695100365721,0.256013531,0.25697205,0.256492791,0.050973744513559,0.0004792594999999,True,0.25547113276477734,0.2554711513214399
9,0.7748117733527029,-0.2336349136985455,0.25449188,0.255580975,0.255036427,0.0503965308652962,0.0005445474999999,True,0.25406249433113204,0.2540625127630232
9,0.7748117733527029,-0.2292198949552191,0.253006974,0.25422242,0.253614697,0.0498362144481808,0.000607723,True,0.252653768827124,0.2526537871317715
9,0.7748117733527029,-0.2248242842047601,0.251697514,0.252683302,0.252190408,0.0492780302474616,0.0004928939999999,True,0.2512449300055729,0.25124494818047016
9,0.7748117733527029,-0.2204479090745946,0.250137817,0.251317017,0.250727417,0.0487079514428212,0.0005895999999999,True,0.2498359510509971,0.2498359690935852
9,0.7748117733527029,-0.2160906044210989,0.248885883,0.249842303,0.249364093,0.0481796950359778,0.0004782099999999,True,0.24842680793119376,0.24842682583888004
9,0.7748117733527029,-0.2117522022959248,0.247320313,0.248464696,0.247892504,0.0476127208350082,0.0005721914999999,True,0.24701747628512216,0.24701749405526904
9,0.7748117733527029,-0.2074325406293719,0.24605203,0.247046704,0.246549367,0.0470981658791724,0.000497337,True,0.24560793430204522,0.24560795193196436
9,0.7748117733527029,-0.2031314594376592,0.244477993,0.245654482,0.245066238,0.0465332278662606,0.0005882445,True,0.24419816153810037,0.24419817902506388
9,0.7748117733527029,-0.1988487971272903,0.243255787,0.244221771,0.243738779,0.0460304768208524,0.000482992,True,0.24278813770909263,0.2427881550503214
9,0.7748117733527029,-0.1945843990416824,0.241733531,0.242812823,0.242273177,0.0454785783212896,0.000539646,True,0.24137784551135213,0.24137786270403136
9,0.7748117733527029,-0.190338107645483,0.240487227,0.24136328,0.240925254,0.0449739323499933,0.0004380265,True,0.23996726743325972,0.23996728447451415
9,0.7748117733527029,-0.1861097722301119,0.238948239,0.2399972,0.23947272,0.0444332730406482,0.0005244804999999,True,0.23855638905298387,0.2385564059398957
9,0.7748117733527029,-0.1818992391825919,0.237676221,0.23858871,0.238132465,0.0439373061555754,0.0004562445,True,0.23714519594228847,0.23714521267188213
9,0.7748117733527029,-0.1777063604156571,0.236178576,0.237198577,0.236688576,0.0434061038211683,0.0005100004999999,True,0.2357336766495502,0.23573369321880155
9,0.7748117733527029,-0.1735309896919993,0.234937661,0.23576604,0.235351851,0.0429172067041385,0.0004141895,True,0.2343218216747618,0.23432183808058604
9,0.7748117733527029,-0.1693729790398968,0.233357662,0.234350201,0.233853931,0.0423726436341315,0.0004962695,True,0.23290962244021135,0.23290963867947062
9,0.7748117733527029,-0.1652321870542543,0.232143208,0.233006993,0.232575101,0.0419104812429901,0.0004318925,True,0.2314970742726229,0.23149709034212032
9,0.7748117733527029,-0.1611084693703688,0.230596067,0.231619065,0.231107566,0.0413832446550742,0.000511499,True,0.230084173311601,0.23008418920808107
9,0.7748117733527029,-0.1570016869217903,0.229345987,0.230187213,0.2297666,0.0409043981274289,0.000420613,True,0.22867091944371074,0.22867093516386017
9,0.7748117733527029,-0.1529117023436109,0.227826264,0.228767476,0.22829687,0.0403827718887675,0.0004706059999999,True,0.22725731519727516,0.22725733073771426
9,0.7748117733527029,-0.1488383764633608,0.226593341,0.227413018,0.227003179,0.0399263941364105,0.0004098384999999,True,0.2258433646478014,0.22584338000508913
9,0.7748117733527029,-0.1447815764349081,0.225041205,0.226012564,0.225526885,0.0394087676353162,0.0004856795,True,0.22442907639111692,0.22442909156174712
9,0.7748117733527029,-0.1407411664085577,0.223820846,0.224620073,0.22422046,0.0389535183192128,0.0003996135,True,0.22301446050651944,0.22301447548691816
9,0.7748117733527029,-0.1367170167699212,0.222286848,0.223234242,0.222760545,0.0384479115850321,0.0004736969999999,True,0.22159953202689553,0.22159954681341545
9,0.7748117733527029,-0.1327089948862647,0.221022013,0.221801856,0.221411934,0.0379837870202005,0.0003899215,True,0.2201843079897729,0.2201843225786943
9,0.7748117733527029,-0.1287169731344832,0.219450089,0.220426209,0.219938149,0.0374798067258318,0.00048806,True,0.21876881057491548,0.2187688249624457
9,0.7748117733527029,-0.1247408254092817,0.218190569,0.219002792,0.21859668,0.0370239997751133,0.0004061115,True,0.21735306621610484,0.21735308039837414
9,0.7748117733527029,-0.1207804237140723,0.216679104,0.217582345,0.217130724,0.0365290831744898,0.0004516204999999,True,0.21593710471148972,0.21593711868454557
9,0.7748117733527029,-0.1168356460716507,0.215419663,0.21621326,0.215816461,0.0360882102653645,0.0003967984999999,True,0.21452096236961923,0.21452097612943208
9,0.7748117733527029,-0.1129063674557417,0.213862762,0.214794686,0.214328724,0.0355923749666727,0.000465962,True,0.21310467908809194,0.21310469263054832
9,0.7748117733527029,-0.1089924687774588,0.2125996,0.213375636,0.212987618,0.0351483485395733,0.000388018,True,0.21168830190597593,0.21168831522687864
9,0.7748117733527029,-0.1050938278888374,0.210995349,0.212002954,0.211499151,0.0346587956932872,0.0005038024999999,True,0.2102718821087929,0.21027189520385609
9,0.7748117733527029,-0.101210327393142,0.20972475,0.2105317,0.210128225,0.0342109390446866,0.000403475,True,0.20885547843628224,0.20885549130112818
9,0.7748117733527029,-0.097341851251785,0.208165131,0.209151605,0.208658368,0.033733998694754,0.0004932369999999,True,0.20743915629849616,0.2074391689286587
9,0.7748117733527029,-0.0934882814694639,0.206882449,0.207719287,0.207300868,0.033296489865966,0.000418419,True,0.20602298705160993,0.20602299944252483
9,0.7748117733527029,-0.0896495057933314,0.20531453,0.206281144,0.205797837,0.0328154091121734,0.000483307,True,0.2046070513770823,0.2046070635240848
9,0.7748117733527029,-0.0858254088915281,0.204015774,0.204881695,0.204448735,0.0323865783240819,0.0004329604999999,True,0.2031914366506975,0.20319144854902818
9,0.7748117733527029,-0.0820158811004574,0.202435235,0.203473486,0.20295436,0.0319148628438415,0.0005191255,True,0.2017762408238103,0.20177625246860292
9,0.7748117733527029,-0.0782208096714021,0.201161205,0.201966132,0.201563668,0.03147898474394,0.0004024634999999,True,0.200361569871896,0.2003615812581792
9,0.7748117733527029,-0.0744400863744679,0.199563362,0.200538268,0.200050815,0.0310082217589045,0.0004874529999999,True,0.1989475413307111,0.198947552453411
9,0.7748117733527029,-0.0706736041986299,0.198264201,0.199098665,0.198681433,0.0305851615423054,0.000417232,True,0.19753428381561058,0.1975342946695395
9,0.7748117733527029,-0.0669212541258657,0.19664482,0.197646332,0.197145576,0.0301141273676389,0.000500756,True,0.19612193657302057,0.19612194715288955
9,0.7748117733527029,-0.063182932629656,0.195316684,0.196180269,0.195748476,0.0296888236705189,0.0004317925,True,0.19471065310423455,0.19471066340463955
9,0.7748117733527029,-0.0594585330872414,0.193714312,0.194742281,0.194228297,0.0292294885196475,0.0005139844999999,True,0.19330059879353317,0.19330060880895858
9,0.7748117733527029,-0.0557479542999486,0.19239543,0.193287853,0.192841641,0.0288136215868136,0.0004462115,True,0.19189195505236642,0.19189196477718515
9,0.7748117733527029,-0.0520510919699395,0.190803703,0.191815978,0.19130984,0.0283576885399547,0.0005061375,True,0.19048491710031176,0.19048492652878732
9,0.7748117733527029,-0.0483678461082593,0.189571934,0.190283758,0.189927846,0.0279494648597535,0.0003559119999999,True,0.18907969786889736,0.18907970699517843
9,0.7748117733527029,-0.044698117822888,0.187859306,0.188857311,0.188358308,0.0274894323838845,0.0004990024999999,True,0.18767652796838086,0.1876765367865044
9,0.7748117733527029,-0.0410418061770673,0.18650035,0.187409122,0.186954736,0.0270812779058672,0.000454386,True,0.1862756557466086,0.1862756642505016
9,0.7748117733527029,-0.0373988154971826,0.184911935,0.185897107,0.185404521,0.0266340279554022,0.000492586,True,0.18487735142311298,0.18487735960659663
9,0.7748117733527029,-0.0337690470065369,0.18366805,0.184402515,0.184035282,0.0262420883456373,0.0003672324999999,True,0.18348190528424957,0.18348191314104417
9,0.7748117733527029,-0.0301524060994587,0.181949668,0.182964058,0.182456863,0.0257938766527533,0.000507195,True,0.1820896319255447,0.18208963944926784
9,0.7748117733527029,-0.0265487991893179,0.180610582,0.181498556,0.181054569,0.0253989164287485,0.000443987,True,0.18070087054067038,0.1807008777248535
9,0.7748117733527029,-0.0229581306242713,0.179000705,0.180004859,0.179502782,0.0249654028803249,0.0005020769999999,True,0.17931598526730771,0.17931599210539936
9,0.7748117733527029,-0.019380309864741,0.177762002,0.178521736,0.178141869,0.0245882839720435,0.0003798669999999,True,0.17793536953062888,0.1779353760160031
9,0.7748117733527029,-0.0158152432684699,0.176091654,0.177127055,0.176609355,0.0241670488601664,0.0005177005,True,0.17655944449303373,0.17655945061900843
9,0.7748117733527029,-0.0122628422477277,0.174667538,0.1756198,0.175143669,0.0237675873030801,0.0004761309999999,True,0.1751886638599226,0.1751886696197646
9,0.7748117733527029,-0.0087230151133436,0.173089837,0.174197235,0.173643536,0.0233621847113273,0.000553699,True,0.17382351242851837,0.1738235178154681
9,0.7748117733527029,-0.0051956741691381,0.171792019,0.172699157,0.172245588,0.0229875360934348,0.000453569,True,0.17246451054830889,0.1724645155555945
9,0.7748117733527029,-0.0016807326401298,0.170180029,0.171281845,0.170730937,0.0225850293294062,0.0005509079999999,True,0.171112214664154,0.17111221928501577
9,0.7748117733527029,0.0018218983348608,0.168230077,0.16905494,0.168642508,0.0220358757945398,0.0004124314999999,True,0.16976721786941035,0.16976722209712328
9,0.7748117733527029,0.0053123027007629,0.166608468,0.167706886,0.167157677,0.0216495495890916,0.0005492089999999,True,0.1684301542458969,0.16843015807380524
9,0.7748117733527029,0.0087905674984545,0.165296523,0.166315739,0.165806131,0.0213008719693696,0.0005096079999999,True,0.16710169732803296,0.1671017007495846
9,0.7748117733527029,0.0122567749055734,0.163860875,0.164919113,0.164389994,0.0209385676985566,0.000529119,True,0.1657825645286919,0.16578256753747073
9,0.7748117733527029,0.015711010192632,0.162731115,0.163476107,0.163103611,0.0206121532853813,0.0003724959999999,True,0.16447351525840517,0.16447351784817674
9,0.7748117733527029,0.0191533547996964,0.161160616,0.162220371,0.161690494,0.0202565363209171,0.0005298774999999,True,0.16317535443720896,0.16317535660197147
9,0.7748117733527029,0.0225838893320581,0.159892962,0.160875831,0.160384397,0.0199306031876304,0.0004914344999999,True,0.16188893187223935,0.16188893360627574
9,0.7748117733527029,0.0260026964946011,0.158534105,0.159519239,0.159026672,0.0195945887112461,0.0004925669999999,True,0.16061514127655763,0.1606151425744948
9,0.7748117733527029,0.02940985425614,0.157279373,0.158227907,0.15775364,0.0192821292252205,0.000474267,True,0.15935492245246155,0.1593549233093254
9,0.7748117733527029,0.0328054436687268,0.155969567,0.15696125,0.156465409,0.0189684957090906,0.0004958414999999,True,0.15810925744647486,0.15810925785776492
9,0.7748117733527029,0.0361895410971783,0.154761914,0.155678262,0.155220088,0.018667753685503,0.000458174,True,0.15687917185167408,0.15687917181343364
9,0.7748117733527029,0.0395622259849812,0.153456189,0.154417302,0.153936745,0.0183603438156389,0.0004805565,True,0.15566572966937492,0.1556657291782668
9,0.7748117733527029,0.0429235740941038,0.152291106,0.153217587,0.152754346,0.0180793728620381,0.0004632404999999,True,0.15447003267769865,0.15447003173108023
9,0.7748117733527029,0.0462736604283044,0.151065197,0.151997886,0.151531542,0.0177910793470184,0.0004663444999999,True,0.1532932153641728,0.1532932139601809
9,0.7748117733527029,0.0496125620980094,0.149939431,0.150838232,0.150388831,0.0175237632948698,0.0004494004999999,True,0.15213643898084694,0.15213643711847685
9,0.7748117733527029,0.0529403516437523,0.148750235,0.149697723,0.149223979,0.0172533504365925,0.0004737439999999,True,0.1510008878885192,0.15100088556770364
9,0.7748117733527029,0.0562571046717326,0.14770286,0.148575853,0.148139356,0.0170034526326039,0.0004364965,True,0.14988775984785546,0.1498877570695478
9,0.7748117733527029,0.0595628922633889,0.146548468,0.147472242,0.147010355,0.0167452665071769,0.000461887,True,0.14879826045610206,0.14879825722234327
9,0.7748117733527029,0.0628577885600464,0.145537714,0.14642907,0.145983392,0.016512130496911,0.0004456779999999,True,0.1477335913934898,0.14773358770747988
9,0.7748117733527029,0.0661418641584198,0.144459976,0.145404818,0.144932397,0.0162752309916676,0.000472421,True,0.14669494242168035,0.14669493828782865
9,0.7748117733527029,0.0694151889650371,0.143529887,0.144399687,0.143964787,0.0160586402602448,0.0004349,True,0.14568347936573042,0.14568347478970134
9,0.7748117733527029,0.0726778349949091,0.142488262,0.143414059,0.142951161,0.0158333052661987,0.0004628985,True,0.14470033155266265,0.14470032654140844
9,0.7748117733527029,0.0759298698468956,0.141643505,0.142493196,0.142068351,0.0156383486189992,0.0004248454999999,True,0.14374658163582515,0.14374657619759
9,0.7748117733527029,0.0791713641640164,0.140686314,0.141594592,0.141140453,0.0154347366986887,0.0004541389999999,True,0.1428232509992128,0.1428232451435299
9,0.7748117733527029,0.0824023851358772,0.139842486,0.140719449,0.140280967,0.0152473269543232,0.0004384815,True,0.141931289464377,0.1419312832020367
9,0.7748117733527029,0.0856229993058829,0.138977057,0.139869245,0.139423151,0.0150614227489643,0.000446094,True,0.14107156267379017,0.14107155601679616
9,0.7748117733527029,0.0888332753244906,0.138232999,0.139045766,0.138639383,0.0148925629704093,0.0004063834999999,True,0.14024484043054425,0.140244833392037
9,0.7748117733527029,0.0920332775289645,0.137373899,0.138299785,0.137836842,0.0147206450175798,0.000462943,True,0.13945178854905393,0.13945178114322593
9,0.7748117733527029,0.0952230732833892,0.13669248,0.137537474,0.137114977,0.0145668618529587,0.0004224969999999,True,0.1386929585439889,0.13869295078597266
9,0.7748117733527029,0.0984027256783569,0.135895795,0.136809491,0.136352643,0.0144053340031732,0.0004568479999999,True,0.13796878269505825,0.13796877460080947
9,0.7748117733527029,0.1015723008239462,0.135341324,0.136119215,0.13573027,0.0142741296563404,0.0003889454999999,True,0.13727956745102676,0.1372795590371776
9,0.7748117733527029,0.1078814698808462,0.13410784,0.134867911,0.134487876,0.0140140118597584,0.0003800355,True,0.13600660714848434,0.13600659814731925
9,0.7748117733527029,0.1141510827597816,0.132966486,0.133764871,0.133365678,0.0137811152778044,0.0003991925,True,0.13487397695579306,0.1348739674382561
9,0.7748117733527029,0.1203816323774303,0.131888586,0.132670285,0.132279435,0.0135575393545995,0.0003908494999999,True,0.13387960833014945,0.13387959836718988
9,0.7748117733527029,0.1265736033751151,0.130968239,0.131794608,0.131381423,0.0133740866949673,0.0004131845,True,0.13301965356103687,0.13301964322140072
9,0.7748117733527029,0.132727468814354,0.130120909,0.130930127,0.130525518,0.013200399107496,0.000404609,True,0.1322887628507706,0.13228875219919356
9,0.7748117733527029,0.1388436956982986,0.129384948,0.130245464,0.129815206,0.0130571184811906,0.000430258,True,0.13168041162210464,0.1316804007179835
9,0.7748117733527029,0.1509650559684856,0.128126859,0.129107993,0.128617426,0.0128172790314739,0.0004905669999999,True,0.13080139362626364,0.13080138237034378
9,0.7748117733527029,0.1629412467592853,0.127228208,0.128356387,0.127792297,0.0126533512535873,0.0005640894999999,True,0.1303193177026652,0.13031930625644028
9,0.7748117733527029,0.1747757049960391,0.126716199,0.127805196,0.127260697,0.0125482974915197,0.0005444985,True,0.13017068268056226,0.1301706711582538
9,0.7748117733527029,0.1864717445053841,0.126835098,0.127592928,0.127214013,0.0125390928071777,0.0003789149999999,True,0.13029687981485893,0.13029686829199505
9,0.7748117733527029,0.1980325666584494,0.126420324,0.127459586,0.126939955,0.0124851248983892,0.000519631,True,0.13064663394003456,0.13064662246295694
9,0.7748117733527029,0.2094612630507191,0.126343309,0.127739145,0.127041227,0.0125050539732315,0.000697918,True,0.1311765885031144,0.13117657709745736
9,0.7748117733527029,0.2319341184161651,0.126808201,0.128270804,0.127539503,0.0126033399839666,0.0007313014999999,True,0.13263984421044506,0.13263983297228515
10,0.8514715958064945,-0.4525345146305975,0.31894488,0.320904522,0.319924701,0.0871496626641741,0.000979821,True,0.3131818033309549,0.3131818280579815
10,0.8514715958064945,-0.4416054427824671,0.315610978,0.31709942,0.316355199,0.0852157983530141,0.000744221,True,0.31038961490798095,0.310389639480132
10,0.8514715958064945,-0.4307945269290906,0.311922965,0.313884292,0.312903629,0.083366460889604,0.0009806635,True,0.307604887187085,0.3076049115992726
10,0.8514715958064945,-0.4254325839111125,0.310182695,0.312494265,0.31133848,0.0825345459677782,0.0011557849999999,True,0.3062152001734503,0.3062152245037004
10,0.8514715958064945,-0.4200992380578446,0.308549027,0.310444466,0.309496747,0.0815609625100477,0.0009477194999999,True,0.3048272343202315,0.3048272585672173
10,0.8514715958064945,-0.414794185948954,0.306891216,0.309247683,0.30806945,0.0808104325481269,0.0011782334999999,True,0.3034409429305384,0.3034409670929097
10,0.8514715958064945,-0.4095171289676413,0.305210108,0.307042145,0.306126127,0.0797941327476383,0.0009160185,True,0.30205628008779684,0.3020563041641807
10,0.8514715958064945,-0.4042677731997768,0.303506499,0.305904443,0.304705471,0.079055241385427,0.001198972,True,0.3006732006287439,0.3006732246177561
10,0.8514715958064945,-0.3990458293356723,0.3018999,0.303670991,0.302785445,0.0780620863180401,0.0008855455,True,0.29929166003661345,0.2992916839368537
10,0.8514715958064945,-0.3938510125744028,0.300268319,0.302586117,0.301427218,0.0773633193815042,0.0011588989999999,True,0.29791161430436247,0.29791163811440047
10,0.8514715958064945,-0.3886830425306003,0.29872732,0.300438707,0.299583014,0.0764195606332778,0.0008556935,True,0.29653301982707525,0.2965330435454764
10,0.8514715958064945,-0.3835416431436461,0.297046368,0.299064541,0.298055454,0.0756422278459003,0.0010090865,True,0.2951558333659678,0.2951558569912701
10,0.8514715958064945,-0.3784265411291966,0.295453799,0.297218891,0.296336345,0.0747721734860494,0.0008825459999999,True,0.29378001169912127,0.29378003522984336
10,0.8514715958064945,-0.373337471740303,0.293726682,0.295895321,0.294811001,0.074004398944875,0.0010843194999999,True,0.2924055132948302,0.2924055367294674
10,0.8514715958064945,-0.3682741699011359,0.292300313,0.294007022,0.293153667,0.0731746791828839,0.0008533545,True,0.2910322960567151,0.2910323193937456
10,0.8514715958064945,-0.3632363759873788,0.290632024,0.29283292,0.291732472,0.0724669042697546,0.001100448,True,0.28966031896851957,0.28966034220639214
10,0.8514715958064945,-0.3582238342788726,0.289148075,0.290901611,0.290024843,0.0716210305359685,0.000876768,True,0.2882895417052959,0.28828956484244755
10,0.8514715958064945,-0.3532362928817269,0.287838661,0.289359209,0.288598935,0.0709185117419084,0.000760274,True,0.28691992457571514,0.286919947610556
10,0.8514715958064945,-0.3482735036523637,0.286394013,0.287690165,0.287042089,0.070155436158863,0.0006480759999999,True,0.2855514284287073,0.28555145135962956
10,0.8514715958064945,-0.3433352221234358,0.284721952,0.286290971,0.285506462,0.0694068044392387,0.0007845095,True,0.28418401456429515,0.2841840373896716
10,0.8514715958064945,-0.3384212074315669,0.283414028,0.284571409,0.283992719,0.0686727717237642,0.0005786905,True,0.2828176446841443,0.2828176674023222
10,0.8514715958064945,-0.3335312222468565,0.281690161,0.283208311,0.282449236,0.0679283356182498,0.0007590749999999,True,0.28145228089958196,0.28145230350888883
10,0.8514715958064945,-0.3286650327041022,0.280319374,0.281532852,0.280926113,0.0671976963977346,0.0006067389999999,True,0.2800878857915865,0.2800879082903212
10,0.8514715958064945,-0.3238224083356852,0.278731181,0.280200129,0.279465655,0.0665008276569758,0.000734474,True,0.27872442249793733,0.2787244448843818
10,0.8514715958064945,-0.319003122006075,0.277388737,0.278562924,0.277975831,0.0657936892630367,0.0005870934999999,True,0.27736185479448516,0.2773618770668891
10,0.8514715958064945,-0.3142069484787299,0.275744657,0.27725531,0.276499984,0.0650969117766766,0.0007553264999999,True,0.2760001467527644,0.2760001689093575
10,0.8514715958064945,-0.3094336698369099,0.27451462,0.275476529,0.274995575,0.0643904671805422,0.0004809545,True,0.2746392642983942,0.2746392863373826
10,0.8514715958064945,-0.3046830671880994,0.272815211,0.274277875,0.273546543,0.0637136706551559,0.000731332,True,0.2732791728316545,0.27327919475121903
10,0.8514715958064945,-0.2999549261009049,0.271517421,0.272618196,0.272067809,0.0630266876252329,0.0005503874999999,True,0.27191983872445546,0.2719198605227587
10,0.8514715958064945,-0.2952490351712227,0.269933039,0.271349495,0.270641267,0.0623674806226556,0.000708228,True,0.270561228875708,0.2705612505508767
10,0.8514715958064945,-0.2905651859655198,0.268650745,0.26971686,0.269183803,0.0616975635420243,0.0005330574999999,True,0.2692033106870782,0.2692033322372234
10,0.8514715958064945,-0.2859031729654392,0.267089104,0.268461142,0.267775123,0.0610535076172042,0.0006860189999999,True,0.26784605208091816,0.2678460735041181
10,0.8514715958064945,-0.2812627935136887,0.265818244,0.26693032,0.266374282,0.0604163868546481,0.000556038,True,0.2664894215565972,0.26648944285090065
10,0.8514715958064945,-0.2766438477611804,0.264275077,0.265604481,0.264939779,0.0597674193738167,0.0006647019999999,True,0.2651333882687972,0.2651334094322333
10,0.8514715958064945,-0.2720461386153852,0.262934749,0.264089622,0.263512186,0.0591250570036984,0.0005774365,True,0.26377792210523154,0.26377794313579345
10,0.8514715958064945,-0.2674694716898683,0.261407262,0.262847389,0.262127325,0.0585052387636757,0.0007200635,True,0.26242299374339345,0.2624230146390478
10,0.8514715958064945,-0.2629136552549764,0.260149592,0.261269161,0.260709377,0.0578739958208516,0.0005597845,True,0.2610685746751056,0.26106859543379257
10,0.8514715958064945,-0.25837850018964,0.258632927,0.260029309,0.259331118,0.057263703135124,0.0006981909999999,True,0.2597146371998854,0.25971465781951203
10,0.8514715958064945,-0.2538638186452708,0.257376315,0.258462091,0.257919203,0.0566418619449306,0.0005428879999999,True,0.25836115401199294,0.2583611744904426
10,0.8514715958064945,-0.2493694291614759,0.255867082,0.257221608,0.256544345,0.0560396038881618,0.0006772629999999,True,0.25700809972325667,0.2570081200583766
10,0.8514715958064945,-0.2448951488696704,0.254678974,0.255662067,0.25517052,0.0554410136732404,0.0004915464999999,True,0.2556554485306117,0.2556554687202225
10,0.8514715958064945,-0.2404407986224891,0.253242334,0.254280102,0.253761218,0.0548303054492548,0.0005188839999999,True,0.25430317578670125,0.25430319582858696
10,0.8514715958064945,-0.2360062016559179,0.251908919,0.252931229,0.252420074,0.0542522737365022,0.0005111549999999,True,0.2529512576660355,0.25295127755794866
10,0.8514715958064945,-0.2315911835472033,0.250404336,0.251680301,0.251042319,0.0536616523123879,0.0006379824999999,True,0.2515996712436509,0.2515996909833142
10,0.8514715958064945,-0.2271955721736865,0.249199525,0.250192123,0.249695824,0.0530875549065825,0.0004962989999999,True,0.25024839458488246,0.2502484141699806
10,0.8514715958064945,-0.2228191976725399,0.247692647,0.248996926,0.248344786,0.0525146236900733,0.0006521395,True,0.24889740683054495,0.248897426258725
10,0.8514715958064945,-0.2184618924013785,0.246475606,0.247504044,0.246989825,0.051943150797309,0.0005142189999999,True,0.24754668826510717,0.24754670753398098
10,0.8514715958064945,-0.2141234908997281,0.245027423,0.246294558,0.245660991,0.0513857339341512,0.0006335675,True,0.2461962203626083,0.24619623946975702
10,0.8514715958064945,-0.2098038298513235,0.243795202,0.244794639,0.24429492,0.0508158315965482,0.0004997185,True,0.24484598581332048,0.24484600475628066
10,0.8514715958064945,-0.2055027480472199,0.242337222,0.243568993,0.242953108,0.0502591435108939,0.0006158855,True,0.24349596854115546,0.24349598731742897
10,0.8514715958064945,-0.2012200851267976,0.241148818,0.242120467,0.241634642,0.049715127688446,0.0004858245,True,0.24214615333912687,0.2421461719461787
10,0.8514715958064945,-0.1969556864392123,0.239678138,0.240876031,0.240277084,0.0491580752853614,0.0005989464999999,True,0.24079652745314517,0.24079654588839783
10,0.8514715958064945,-0.1927093956557956,0.238468487,0.239413713,0.2389411,0.0486129394763938,0.0004726129999999,True,0.23944707832882,0.23944709658965474
10,0.8514715958064945,-0.1884810596434815,0.236983183,0.238207049,0.237595116,0.0480667969761148,0.000611933,True,0.23809779524831726,0.23809781333207364
10,0.8514715958064945,-0.1842705272035283,0.235808345,0.236728304,0.236268325,0.0475314616712766,0.0004599794999999,True,0.23674866905846312,0.2367486869624333
10,0.8514715958064945,-0.1800776490390758,0.234305816,0.235554004,0.23492991,0.0469944736286093,0.000624094,True,0.235399692298282,0.23539971001971713
10,0.8514715958064945,-0.1759022777233823,0.233104469,0.234056358,0.233580413,0.0464561279232868,0.0004759444999999,True,0.23405085932864486,0.23405087686474438
10,0.8514715958064945,-0.171744267668719,0.23169367,0.232854188,0.232273929,0.0459378957065697,0.0005802589999999,True,0.23270216645472283,0.232702183802649
10,0.8514715958064945,-0.1676034750959112,0.23046305,0.231390483,0.230926766,0.0454065716085273,0.0004637165,True,0.23135361203661384,0.23135362919347055
10,0.8514715958064945,-0.1634797580045055,0.229027397,0.230212291,0.229619844,0.0448940721350844,0.000592447,True,0.2300051965890269,0.2300052135518725
10,0.8514715958064945,-0.1593729761435505,0.227766341,0.22872372,0.22824503,0.0443580886133196,0.0004786894999999,True,0.22865692287634642,0.22865693964219092
10,0.8514715958064945,-0.1552829909829754,0.226356988,0.227512543,0.226934766,0.0438502661,0.0005777775,True,0.22730879601268816,0.2273088125784871
10,0.8514715958064945,-0.15120966568555,0.225115581,0.226049485,0.225582533,0.0433292431164776,0.0004669519999999,True,0.2259608235772239,0.22596083993987975
10,0.8514715958064945,-0.1471528639208847,0.223675959,0.224854799,0.224265379,0.0428247300378562,0.0005894199999999,True,0.22461301536743275,0.22461303152379444
10,0.8514715958064945,-0.1431124544773096,0.222449919,0.223361513,0.222905716,0.0423070336110138,0.000455797,True,0.22326538510852606,0.22326540105538525
10,0.8514715958064945,-0.1390883042702635,0.220978121,0.222179234,0.221578678,0.0418047950645814,0.0006005565,True,0.22191794833338355,0.2219179640674715
10,0.8514715958064945,-0.1350802829646628,0.219763383,0.220653798,0.220208591,0.0412894103818602,0.0004452075,True,0.22057072414203907,0.22057073966002766
10,0.8514715958064945,-0.1310882617863308,0.218306474,0.219480043,0.218893258,0.0407976300599059,0.0005867845,True,0.21922373504808285,0.21922375034658304
10,0.8514715958064945,-0.1271121134971731,0.217050209,0.217968861,0.217509535,0.0402834599265582,0.000459326,True,0.21787700721877398,0.2178770222943348
10,0.8514715958064945,-0.1231517123708424,0.215604115,0.216751595,0.216177855,0.0397917071316891,0.0005737399999999,True,0.21653057071764217,0.21653058556674737
10,0.8514715958064945,-0.1192069341688857,0.214399429,0.215297889,0.214848659,0.0393038831163485,0.0004492299999999,True,0.21518445974765577,0.21518447436672059
10,0.8514715958064945,-0.1152776561173571,0.212912399,0.214035126,0.213473763,0.038802452528356,0.0005613634999999,True,0.2138387128971606,0.2138387272825357
10,0.8514715958064945,-0.1113637568838915,0.211660548,0.212586253,0.212123401,0.0383131030852431,0.0004628524999999,True,0.21249337339445118,0.2124933875424169
10,0.8514715958064945,-0.1074651165552226,0.210177152,0.211368057,0.210772605,0.037826703143359,0.0005954524999999,True,0.2111484893790882,0.21114850328585416
10,0.8514715958064945,-0.1035816166151391,0.208967367,0.209874095,0.209420731,0.0373430260266232,0.000453364,True,0.20980411419849612,0.20980412786020108
10,0.8514715958064945,-0.0997131399228663,0.207482977,0.208605066,0.208044021,0.0368536615455405,0.0005610444999999,True,0.20846030673688193,0.20846032014959157
10,0.8514715958064945,-0.0958595695912606,0.206220245,0.207109125,0.206664685,0.0363666005088666,0.00044444,True,0.20711713139642401,0.2071171445561239
10,0.8514715958064945,-0.0920207933726494,0.204731286,0.20587572,0.205303503,0.0358891261616172,0.0005722169999999,True,0.2057746600372576,0.20577467293985838
10,0.8514715958064945,-0.0881966970221243,0.203457713,0.20437339,0.203915551,0.0354055103861504,0.0004578384999999,True,0.2044329701089072,0.20443298275024074
10,0.8514715958064945,-0.0843871686926668,0.20200345,0.203126704,0.202565077,0.0349381022744371,0.0005616269999999,True,0.20309214665594857,0.20309215903176459
10,0.8514715958064945,-0.0805920978106645,0.200714983,0.201614105,0.201164544,0.0344566490215286,0.0004495609999999,True,0.20175228242692925,0.20175229453289767
10,0.8514715958064945,-0.0768113750566548,0.199204691,0.200350597,0.199777644,0.0339831740036179,0.000572953,True,0.20041347838911808,0.20041349022082777
10,0.8514715958064945,-0.0730448923464283,0.197940214,0.198865953,0.198403084,0.0335171437586849,0.0004628695,True,0.19907584426292052,0.19907585581587714
10,0.8514715958064945,-0.0692925428124896,0.196455027,0.197581746,0.197018387,0.0330509299167647,0.0005633594999999,True,0.19773949907729102,0.19773951034691342
10,0.8514715958064945,-0.0655542207858629,0.195167446,0.196036745,0.195602095,0.0325774561529392,0.0004346495,True,0.1964045717503397,0.1964045827319664
10,0.8514715958064945,-0.0618298217782364,0.19366077,0.194810779,0.194235775,0.0321239255305665,0.0005750044999999,True,0.19507120170152686,0.19507121239041206
10,0.8514715958064945,-0.0581192424644393,0.192346556,0.193243336,0.192794946,0.0316491065786938,0.0004483899999999,True,0.19373953950267536,0.19373954989398845
10,0.8514715958064945,-0.0544223806652411,0.190855031,0.191988062,0.191421546,0.0311997995521108,0.0005665154999999,True,0.19240974757451082,0.1924097576633423
10,0.8514715958064945,-0.0507391342784204,0.189550458,0.190474637,0.190012547,0.030742184440022,0.0004620894999999,True,0.19108200055394306,0.19108201033529634
10,0.8514715958064945,-0.0470694054742384,0.188028551,0.189185973,0.188607262,0.030289143022351,0.000578711,True,0.18975648761267386,0.18975649708147654
10,0.8514715958064945,-0.0434130943552894,0.186728577,0.187640616,0.187184597,0.02983392423276,0.0004560195,True,0.18843341102845804,0.1884334201795566
10,0.8514715958064945,-0.039770103160338,0.185211478,0.186354364,0.185782921,0.0293887922365191,0.0005714429999999,True,0.1871129886045293,0.18711299743269663
10,0.8514715958064945,-0.0361403351927033,0.183910859,0.184811989,0.184361424,0.0289407827284426,0.000450565,True,0.1857954542309136,0.18579546273084957
10,0.8514715958064945,-0.0325236948048601,0.182354099,0.183561948,0.182958024,0.0285018524301992,0.0006039245,True,0.1844810588622383,0.1844810670285771
10,0.8514715958064945,-0.0289200873833143,0.181086621,0.182016865,0.181551743,0.0280653853998395,0.0004651219999999,True,0.1831700715258326,0.18317007935314825
10,0.8514715958064945,-0.0253294193337526,0.179524075,0.180719801,0.180121938,0.0276250699921976,0.000597863,True,0.18186278035521894,0.18186278783803023
10,0.8514715958064945,-0.0217515980664556,0.178245193,0.179166742,0.178705968,0.0271924461721964,0.0004607744999999,True,0.18055949364550816,0.18055950077829053
10,0.8514715958064945,-0.0181865319819729,0.176709514,0.177894914,0.177302214,0.0267669250221805,0.0005926999999999,True,0.17926054092844249,0.1792605477056335
10,0.8514715958064945,-0.014634130457051,0.175413886,0.176366254,0.17589007,0.0263422464414702,0.000476184,True,0.17796627406523197,0.17796628048124727
10,0.8514715958064945,-0.0110943038308116,0.173860719,0.175113604,0.174487161,0.0259237078172705,0.0006264425,True,0.17667706835462724,0.1766770744038703
10,0.8514715958064945,-0.0075669633911721,0.172580914,0.173565109,0.173073011,0.02550520764002,0.0004920974999999,True,0.17539332365157553,0.17539332932845236
10,0.8514715958064945,-0.0040520203574467,0.171079875,0.172363634,0.171721754,0.0251085016254,0.0006418794999999,True,0.1741154651236683,0.17411547042260397
10,0.8514715958064945,-0.0005493898869908,0.169809785,0.170789422,0.170299604,0.0246943410097117,0.0004898185,True,0.17284394582353968,0.17284395073900188
10,0.8514715958064945,0.0029410149725943,0.168547155,0.169938983,0.169243069,0.0243888851810033,0.0006959139999999,True,0.17157924557882165,0.1715792501053327
10,0.8514715958064945,0.0064192792692925,0.167325681,0.1684153,0.16787049,0.0239948965086181,0.0005448094999999,True,0.1703218734910838,0.1703218776232559
10,0.8514715958064945,0.0098854871667031,0.165878624,0.167230343,0.166554484,0.0236201593700611,0.0006758595,True,0.16907236852685023,0.16907237225940605
10,0.8514715958064945,0.0133397219562606,0.164692847,0.165744011,0.165218429,0.0232427302300234,0.0005255819999999,True,0.16783130036701602,0.16783130369481852
10,0.8514715958064945,0.0167820660692429,0.163278777,0.16459321,0.163935993,0.0228833074824841,0.0006572164999999,True,0.16659927011376924,0.16659927303185973
10,0.8514715958064945,0.0202126010885758,0.162085639,0.163138145,0.162611892,0.0225151461664704,0.000526253,True,0.16537691081830277,0.1653769133219355
10,0.8514715958064945,0.023631407760434,0.160698696,0.162016271,0.161357484,0.0221691168145207,0.0006587874999999,True,0.16416488779090188,0.1641648898755807
10,0.8514715958064945,0.027038566005644,0.159530486,0.160549006,0.160039746,0.0218085038265688,0.0005092599999999,True,0.16296389865367933,0.16296390031520894
10,0.8514715958064945,0.0304341549308959,0.158165093,0.159451096,0.158808095,0.0214741230443822,0.0006430014999999,True,0.1617746730949696,0.1617746743294945
10,0.8514715958064945,0.0338182528397629,0.157054825,0.158079432,0.157567128,0.0211398257497134,0.0005123034999999,True,0.1605979722830498,0.16059797308710771
10,0.8514715958064945,0.0371909372435363,0.155743925,0.15700115,0.156372537,0.0208204987842771,0.0006286125,True,0.15943458789534895,0.15943458826592352
10,0.8514715958064945,0.0405522858321366,0.154649669,0.155606518,0.155128094,0.0204904302650628,0.0004784245,True,0.15828534039119585,0.15828534032576932
10,0.8514715958064945,0.0439023726403409,0.153350753,0.154581992,0.153966373,0.0201846825388812,0.0006156194999999,True,0.15715107844699702,0.15715107794361013
10,0.8514715958064945,0.0472412738292917,0.152307146,0.153274829,0.152790988,0.0198776776425941,0.0004838414999999,True,0.1560326745848693,0.15603267364217638
10,0.8514715958064945,0.0505690638459112,0.151054889,0.152301821,0.151678355,0.0195892308781823,0.000623466,True,0.15493102352963886,0.15493102214697102
10,0.8514715958064945,0.0538858163963539,0.150059791,0.151041228,0.15055051,0.0192989920421631,0.0004907185,True,0.15384703831172308,0.15384703648914277
10,0.8514715958064945,0.0571916044558007,0.148970626,0.149960115,0.14946537,0.0190217876033427,0.0004947445,True,0.15278164606764666,0.15278164380600687
10,0.8514715958064945,0.0604865002780942,0.147904098,0.148862554,0.148383326,0.0187473707442554,0.0004792279999999,True,0.1517357831897952,0.15173578049079608
10,0.8514715958064945,0.0637705754052141,0.146779395,0.147989097,0.147384246,0.0184957647484083,0.0006048509999999,True,0.150710389824478,0.15071038669071798
10,0.8514715958064945,0.0670439006765975,0.145838685,0.146816722,0.146327703,0.0182315366756498,0.0004890185,True,0.14970640373778835,0.14970640017280681
10,0.8514715958064945,0.0703065462383073,0.144757541,0.145952743,0.145355142,0.0179899917587905,0.000597601,True,0.1487247535923453,0.14872474960066584
10,0.8514715958064945,0.0735585815520528,0.143906324,0.14486581,0.144386067,0.0177509147449092,0.000479743,True,0.1477663517039045,0.14776634729106167
10,0.8514715958064945,0.076800075404062,0.142997421,0.143969332,0.143483377,0.0175296540024876,0.0004859554999999,True,0.14683208637342346,0.14683208154598595
10,0.8514715958064945,0.0800310968369,0.142114234,0.143056742,0.142585488,0.0173109466371467,0.0004712539999999,True,0.14592281365963722,0.14592280842521263
10,0.8514715958064945,0.0832517114627392,0.141127305,0.142300987,0.141714146,0.0171000182102433,0.0005868409999999,True,0.14503935028402948,0.14503934465126234
10,0.8514715958064945,0.0864619870192598,0.140429772,0.141312648,0.14087121,0.0168971965099082,0.000441438,True,0.14418246394749426,0.14418245792604717
10,0.8514715958064945,0.0896619896766742,0.139496725,0.140663148,0.140079936,0.0167079064238849,0.0005832114999999,True,0.1433528664423285,0.143352860042851
10,0.8514715958064945,0.0928517849719845,0.138819416,0.139732142,0.139275779,0.0165166268603375,0.000456363,True,0.1425512058239365,0.14255119905801988
10,0.8514715958064945,0.0960314378170367,0.137946661,0.139154461,0.138550561,0.0163450683931071,0.0006039,True,0.14177805940415034,0.1417780522842625
10,0.8514715958064945,0.0992010125064458,0.13734248,0.138289103,0.137815791,0.0161721637136778,0.0004733115,True,0.14103392748057705,0.14103392001999532
10,0.8514715958064945,0.1055101815573268,0.136021159,0.136956782,0.13648897,0.0158622678018017,0.0004678114999999,True,0.13963429204829148,0.13963428394894095
10,0.8514715958064945,0.1117797944303182,0.13488456,0.135552877,0.135218718,0.0155683932503126,0.0003341585,True,0.13835458431087497,0.13835457563322182
10,0.8514715958064945,0.118010344042097,0.133754334,0.134454029,0.134104182,0.0153128069637765,0.0003498475,True,0.13719562940627592,0.13719562021360773
10,0.8514715958064945,0.1242023150360762,0.132645233,0.133549481,0.133097357,0.0150837396563577,0.0004521239999999,True,0.13615679069827713,0.13615678105486728
10,0.8514715958064945,0.1303561804695756,0.13169589,0.132648207,0.132172048,0.0148747407013999,0.0004761584999999,True,0.13523604562913127,0.13523603559846312
10,0.8514715958064945,0.1364724073478511,0.130888319,0.131831001,0.13135966,0.0146924491498389,0.000471341,True,0.13443012655332617,0.13443011619652065
10,0.8514715958064945,0.1485937676069045,0.129464724,0.130453482,0.129959103,0.014380817508469,0.000494379,True,0.1331446461289028,0.13314463528768847
10,0.8514715958064945,0.160569959238494,0.128308045,0.129667888,0.128987967,0.0141666955436132,0.0006799214999999,True,0.1322571100255576,0.13225709889070691
10,0.8514715958064945,0.17240441661497,0.127578529,0.128948461,0.128263495,0.0140080055211217,0.0006849659999999,True,0.13171783644001708,0.13171782515949276
10,0.8514715958064945,0.1841004561139259,0.127083589,0.128448373,0.127765981,0.0138995465604108,0.000682392,True,0.13147635108949068,0.1314763397711513
10,0.8514715958064945,0.1956612790791316,0.126820218,0.128274319,0.127547268,0.0138520001083861,0.0007270504999999,True,0.13148514708760572,0.13148513580558552
10,0.8514715958064945,0.2070899746411164,0.126731945,0.128276962,0.127504453,0.0138427020049824,0.0007725084999999,True,0.13170170444962276,0.13170169325172737
10,0.8514715958064945,0.2183895296392913,0.126662687,0.128938958,0.127800823,0.013907128453972,0.0011381354999999,True,0.13208921747401436,0.13208920638861207
10,0.8514715958064945,0.2295628299873416,0.12687486,0.128965811,0.127920336,0.0139331511313314,0.0010454755,True,0.13261649301382553,0.13261648205538662
11,0.9281314163454844,-0.4775615343929035,0.319968384,0.322001645,0.320985015,0.0956266605124332,0.0010166305,True,0.3157544680198754,0.31575449555833757
11,0.9281314163454844,-0.4663882334723506,0.316562097,0.318658774,0.317610435,0.0936265452608971,0.0010483384999999,True,0.3130286150618396,0.31302864240387923
11,0.9281314163454844,-0.4553383985471311,0.313337692,0.315238068,0.31428788,0.0916779176612948,0.0009501879999999,True,0.3103117401677034,0.3103117673086745
11,0.9281314163454844,-0.4444093276893165,0.31002862,0.31198863,0.311008625,0.0897747779824117,0.000980005,True,0.30760346501105057,0.30760349194618447
11,0.9281314163454844,-0.4335984112664794,0.306760048,0.308656214,0.307708131,0.0878794677877771,0.0009480829999999,True,0.30490342102665724,0.30490344775106426
11,0.9281314163454844,-0.4229031218378891,0.303641049,0.305474459,0.304557754,0.0860892244630206,0.0009167049999999,True,0.30221124955087053,0.302211276059539
11,0.9281314163454844,-0.4123210122020748,0.300431614,0.302316269,0.301373942,0.0842986987608551,0.0009423275,True,0.2995266032057558,0.29952662949353126
11,0.9281314163454844,-0.4018497135304488,0.297353501,0.299176765,0.298265133,0.0825685101876322,0.0009116319999999,True,0.29684914479948543,0.2968491708611036
11,0.9281314163454844,-0.3914869261867399,0.294182672,0.29605145,0.295117061,0.0808347515410283,0.000934389,True,0.2941785439292163,0.29417856975927426
11,0.9281314163454844,-0.3863455257988142,0.292667049,0.294810063,0.293738556,0.0800813497624437,0.0010715069999999,True,0.29284571418612704,0.29284573989833645
11,0.9281314163454844,-0.3812304257176777,0.291127131,0.293036142,0.292081637,0.0791804528697365,0.0009545055,True,0.2915144794539493,0.2915145050469094
11,0.9281314163454844,-0.3761413567898948,0.289663073,0.291933808,0.29079844,0.0784862570082831,0.0011353675,True,0.29018480068072944,0.2901848261530203
11,0.9281314163454844,-0.3710780539578849,0.288173047,0.290020724,0.289096886,0.0775704481964187,0.0009238384999999,True,0.2888566394624096,0.28885666481259137
11,0.9281314163454844,-0.3660402605032765,0.286754036,0.288571483,0.287662759,0.0768027474701503,0.0009087235,True,0.2875299591474432,0.28752998437406385
11,0.9281314163454844,-0.3610277178145243,0.28549662,0.287002052,0.286249336,0.0760498653126787,0.000752716,True,0.2862047221136745,0.2862047472152607
11,0.9281314163454844,-0.3560401768745512,0.283834556,0.285686488,0.284760522,0.0752608352991974,0.000925966,True,0.28488089276014644,0.28488091773520546
11,0.9281314163454844,-0.351077388097834,0.282610334,0.284067994,0.283339164,0.0745113942089601,0.0007288299999999,True,0.2835584348123546,0.28355845965938054
11,0.9281314163454844,-0.3461391056034935,0.280992254,0.282696148,0.281844201,0.0737271897844511,0.0008519469999999,True,0.2822373124658493,0.28223733718331634
11,0.9281314163454844,-0.3412250913623464,0.279795932,0.281119458,0.280457695,0.0730035860916477,0.0006617629999999,True,0.28091749155343104,0.280917516139794
11,0.9281314163454844,-0.3363351052241528,0.278129091,0.279866222,0.278997656,0.072245463633506,0.0008685655,True,0.27959893694198207,0.27959896139567175
11,0.9281314163454844,-0.331468916130185,0.276957291,0.278239518,0.277598405,0.07152261855603,0.0006411135,True,0.2782816156122825,0.278281639931712
11,0.9281314163454844,-0.3266262922062185,0.275327818,0.277010821,0.276169319,0.0707881123364353,0.0008415015,True,0.2769654940430591,0.27696551822662707
11,0.9281314163454844,-0.3218070049371667,0.274259027,0.275583433,0.27492123,0.0701497342185002,0.000662203,True,0.27565053935572587,0.2756505634018017
11,0.9281314163454844,-0.3170108332215604,0.27249707,0.27420976,0.273353415,0.0693519187526545,0.000856345,True,0.27433672042790364,0.27433674433484484
11,0.9281314163454844,-0.3122375536450923,0.271362353,0.272646834,0.272004594,0.0686691942531276,0.0006422405,True,0.27302400522042447,0.27302402898656153
11,0.9281314163454844,-0.3074869514304957,0.269794384,0.271375546,0.270584965,0.0679542770160936,0.000790581,True,0.27171236376000074,0.27171238738365244
11,0.9281314163454844,-0.3027588107734189,0.26859348,0.269838991,0.269216235,0.0672685344546357,0.0006227554999999,True,0.27040176548124534,0.27040178896070355
11,0.9281314163454844,-0.2980529189225825,0.267050261,0.268660019,0.26785514,0.0665900655972002,0.000804879,True,0.26909218036014504,0.26909220369367715
11,0.9281314163454844,-0.293369070145272,0.265861321,0.267144634,0.266502977,0.0659194541969403,0.0006416565,True,0.2677835800660433,0.2677836032518979
11,0.9281314163454844,-0.2887070562348982,0.264338857,0.265900391,0.265119624,0.0652368861943816,0.000780767,True,0.2664759353755171,0.2664759584119207
11,0.9281314163454844,-0.2840666772098045,0.263158455,0.264403519,0.263780987,0.0645797636503817,0.0006225319999999,True,0.2651692192270213,0.26516924211217463
11,0.9281314163454844,-0.2794477318800208,0.261653039,0.263240187,0.262446613,0.0639280442231296,0.000793574,True,0.2638634041385437,0.2638634268706231
11,0.9281314163454844,-0.2748500218367386,0.260478024,0.261686383,0.261082203,0.0632650725720829,0.0006041795,True,0.26255846336494193,0.2625584859421059
11,0.9281314163454844,-0.2702733553322537,0.258986216,0.260526858,0.259756537,0.0626242366165427,0.0007703209999999,True,0.2612543720324811,0.2612543944528551
11,0.9281314163454844,-0.2657175380101994,0.257882843,0.259055692,0.258469267,0.062005083368651,0.0005864245,True,0.25995110451528375,0.25995112677697957
11,0.9281314163454844,-0.2611823833641939,0.256332286,0.257896158,0.257114222,0.0613566547229146,0.0007819359999999,True,0.25864863741906374,0.2586486595201594
11,0.9281314163454844,-0.2566677035243739,0.255226714,0.256432738,0.255829726,0.0607451326469711,0.0006030119999999,True,0.2573469469555974,0.2573469688941518
11,0.9281314163454844,-0.252173313159806,0.253751824,0.25520486,0.254478342,0.0601050726565692,0.0007265179999999,True,0.2560460100710079,0.256046031845047
11,0.9281314163454844,-0.2476990332761657,0.252575422,0.253812277,0.25319385,0.0594998373531953,0.0006184274999999,True,0.2547458055878412,0.2547458271953711
11,0.9281314163454844,-0.2432446821581408,0.251105228,0.252645484,0.251875356,0.0588817661329924,0.0007701279999999,True,0.2534463116337455,0.2534463330727401
11,0.9281314163454844,-0.23881008559817,0.249987289,0.251189424,0.250588356,0.0582815706499442,0.0006010674999999,True,0.2521475086814622,0.25214752994986944
11,0.9281314163454844,-0.2343950678924733,0.248518337,0.250015719,0.249267028,0.0576685649880453,0.000748691,True,0.25084937699921184,0.2508493980949513
11,0.9281314163454844,-0.22999945565984,0.247390643,0.248621013,0.248005828,0.0570864776007848,0.000615185,True,0.24955189782929066,0.2495519187502495
11,0.9281314163454844,-0.2256230815601832,0.245981386,0.247437535,0.24670946,0.0564912362315928,0.0007280744999999,True,0.24825505455452496,0.24825507529856156
11,0.9281314163454844,-0.2212657754393656,0.244841219,0.245978304,0.245409761,0.0558975970112602,0.0005685425,True,0.24695883013133751,0.24695885069628185
11,0.9281314163454844,-0.2169273743376689,0.243426164,0.244842988,0.244134576,0.0553182020688354,0.000708412,True,0.24566321009576708,0.24566323047941332
11,0.9281314163454844,-0.2126077136857704,0.242330196,0.24343668,0.242883438,0.0547526667749095,0.0005532419999999,True,0.24436817998317084,0.24436820018328725
11,0.9281314163454844,-0.2083066310431785,0.24084903,0.242285707,0.241567369,0.0541609173881984,0.0007183384999999,True,0.24307372647097722,0.24307374648529487
11,0.9281314163454844,-0.204023969740656,0.239792599,0.240869936,0.240331267,0.0536080519013743,0.0005386685,True,0.24177983852755416,0.24177985835377402
11,0.9281314163454844,-0.199759570218402,0.238302602,0.239757687,0.239030145,0.0530291692097818,0.0007275424999999,True,0.24048650486197193,0.24048652449776026
11,0.9281314163454844,-0.1955132798233249,0.237225247,0.238329983,0.237777615,0.0524748742559032,0.0005523679999999,True,0.2391937169601364,0.23919373640312075
11,0.9281314163454844,-0.1912849441960733,0.23577924,0.237197043,0.236488142,0.0519072728073518,0.0007089014999999,True,0.23790146656682273,0.23790148581460008
11,0.9281314163454844,-0.1870744109322296,0.234678991,0.235755758,0.235217374,0.0513509245933334,0.0005383835,True,0.23660974689053346,0.23660976594065924
11,0.9281314163454844,-0.1828815331514535,0.233271808,0.234653957,0.233962882,0.0508046423334078,0.0006910744999999,True,0.23531855381024702,0.23531857266023987
11,0.9281314163454844,-0.1787061610205697,0.232146829,0.233249283,0.232698056,0.0502568175099197,0.000551227,True,0.23402788337585279,0.2340279020231892
11,0.9281314163454844,-0.1745481513481892,0.230721687,0.232069944,0.231395816,0.049695890518532,0.0006741284999999,True,0.2327377348628502,0.23273775330496999
11,0.9281314163454844,-0.1704073591545048,0.229622187,0.230697831,0.230160009,0.0491664900022205,0.0005378219999999,True,0.23144810826481044,0.23144812649911528
11,0.9281314163454844,-0.1662836412581941,0.228177043,0.229543473,0.228860258,0.0486127556142674,0.000683215,True,0.230159005487517,0.23015902351136075
11,0.9281314163454844,-0.162176859775,0.227098872,0.228148941,0.227623907,0.0480889417674105,0.0005250344999999,True,0.22887043154161735,0.22887044935231668
11,0.9281314163454844,-0.158086873817834,0.225631767,0.226966152,0.226298959,0.0475307410789092,0.0006671924999999,True,0.22758239204374983,0.22758240963857623
11,0.9281314163454844,-0.1540135488968008,0.224522125,0.225596719,0.225059422,0.047011474370958,0.000537297,True,0.22629489627677202,0.226294913652949
11,0.9281314163454844,-0.1499567486640109,0.223080063,0.224432147,0.223756105,0.046468564914154,0.000676042,True,0.2250079547198025,0.2250079718745132
11,0.9281314163454844,-0.1459163384289986,0.221985265,0.223035555,0.22251041,0.0459526055534131,0.000525145,True,0.22372158029285868,0.22372159722323554
11,0.9281314163454844,-0.1418921885893247,0.220516395,0.221885515,0.221200955,0.0454133425771362,0.00068456,True,0.22243578961520277,0.22243580631832735
11,0.9281314163454844,-0.1378841665003145,0.219432887,0.220506718,0.219969803,0.0449092296123193,0.0005369154999999,True,0.2211506005873443,0.22115061706025227
11,0.9281314163454844,-0.1338921456880848,0.217981682,0.219321057,0.218651369,0.0443724976496457,0.0006696875,True,0.21986603551856407,0.21986605175823742
11,0.9281314163454844,-0.1299159977621238,0.216859839,0.217910734,0.217385287,0.043860115126306,0.0005254474999999,True,0.21858211872718394,0.21858213473055563
11,0.9281314163454844,-0.1259555958618871,0.215422583,0.21673374,0.216078161,0.0433342439007029,0.0006555785,True,0.21729887783404622,0.21729889359799487
11,0.9281314163454844,-0.1220108180218841,0.214305889,0.215334968,0.214820428,0.0428312380908721,0.0005145394999999,True,0.21601634505576542,0.21601636057711238
11,0.9281314163454844,-0.1180815392041348,0.212834229,0.214162903,0.213498566,0.0423057499430499,0.0006643369999999,True,0.21473455482132892,0.21473457009684593
11,0.9281314163454844,-0.1141676403313745,0.21171955,0.212771797,0.212245674,0.0418106739234796,0.0005261235,True,0.21345354691757537,0.21345356194397405
11,0.9281314163454844,-0.1102690003606038,0.210255276,0.211601102,0.210928189,0.0412932172542749,0.000672913,True,0.21217336412682625,0.21217337890076202
11,0.9281314163454844,-0.1063854996633936,0.209139138,0.210170977,0.209655057,0.0407962418724149,0.0005159195,True,0.21089405356061344,0.2108940680786848
11,0.9281314163454844,-0.1025170233277969,0.207678466,0.208998654,0.20833856,0.0402855029015453,0.000660094,True,0.20961566800935372,0.20961568226809787
11,0.9281314163454844,-0.0986634533470332,0.206557532,0.207570087,0.207063809,0.0397940252169007,0.0005062774999999,True,0.20833826364550806,0.2083382776414035
11,0.9281314163454844,-0.094824677479654,0.205222296,0.206518137,0.205870216,0.0393365722949888,0.0006479204999999,True,0.20706190325442134,0.20706191698388293
11,0.9281314163454844,-0.0910005814776798,0.203967848,0.205003646,0.204485747,0.0388092775322257,0.000517899,True,0.2057866539870309,0.20578666744641147
11,0.9281314163454844,-0.0871910524030174,0.202462417,0.203817798,0.203140108,0.0383001814420457,0.0006776904999999,True,0.204512588801726,0.20451260198731497
11,0.9281314163454844,-0.083395981868428,0.201322645,0.2023407,0.201831673,0.0378083838611417,0.0005090275,True,0.20323978791936467,0.20323980082738874
11,0.9281314163454844,-0.0796152583763387,0.199851544,0.201184208,0.200517876,0.0373177683686848,0.000666332,True,0.201968336641241,0.20196834926786256
11,0.9281314163454844,-0.0758487760123816,0.198697478,0.199738937,0.199218207,0.0368355812702631,0.0005207294999999,True,0.2006983286624725,0.20069834100378953
11,0.9281314163454844,-0.0720964268221186,0.197215804,0.198566977,0.19789139,0.0363465564709299,0.0006755865,True,0.19942986392377032,0.1994298759758164
11,0.9281314163454844,-0.068358104065854,0.196044366,0.197109125,0.196576746,0.0358652412842879,0.0005323794999999,True,0.19816305013128777,0.19816306189003188
11,0.9281314163454844,-0.0646337054007827,0.194548672,0.195918657,0.195233665,0.0353768277945787,0.0006849924999999,True,0.19689800428768764,0.1968980157490377
11,0.9281314163454844,-0.0609231253641862,0.193395638,0.194444857,0.193920248,0.0349024399982025,0.0005246094999999,True,0.19563485061388694,0.19563486177368627
11,0.9281314163454844,-0.0572262639064182,0.191920777,0.19323281,0.192576794,0.0344205161161738,0.0006560165,True,0.19437372394441688,0.19437373479844822
11,0.9281314163454844,-0.0535430189105655,0.190781412,0.191816291,0.191298852,0.0339652019347277,0.0005174394999999,True,0.19311476770948588,0.19311477825347076
11,0.9281314163454844,-0.0498732893878288,0.189246188,0.190579032,0.18991261,0.0334747296445225,0.0006664219999999,True,0.19185813557731823,0.19185814580691937
11,0.9281314163454844,-0.0462169786028717,0.188078578,0.189138214,0.188608396,0.0330165367850442,0.000529818,True,0.19060399311720383,0.1906040030280272
11,0.9281314163454844,-0.0425739866959897,0.186593541,0.187947821,0.187270681,0.0325498546006324,0.0006771399999999,True,0.18935251589212532,0.1893525254797245
11,0.9281314163454844,-0.0389442190612959,0.185394078,0.186478831,0.185936454,0.0320876980252686,0.0005423765,True,0.1881038929813587,0.18810390224123522
11,0.9281314163454844,-0.0353275790039896,0.183916221,0.185255549,0.184585885,0.0316232462284778,0.000669664,True,0.18685832513379094,0.18685833406140082
11,0.9281314163454844,-0.0317239708783704,0.182755488,0.18382888,0.183292184,0.0311815260027654,0.000536696,True,0.18561602653990888,0.18561603513066688
11,0.9281314163454844,-0.028133303158315,0.181242953,0.182605883,0.181924418,0.0307178957266567,0.0006814649999999,True,0.18437722660572925,0.18437723485501298
11,0.9281314163454844,-0.0245554811933113,0.180079131,0.181142576,0.180610853,0.030275906883463,0.0005317224999999,True,0.1831421681825707,0.1831421760857323
11,0.9281314163454844,-0.0209904154373001,0.178564465,0.179952138,0.179258301,0.0298241465792275,0.0006938365,True,0.18191111114456404,0.1819111186969329
11,0.9281314163454844,-0.0174380142385201,0.177429539,0.178520868,0.177975203,0.0293987230707858,0.0005456645,True,0.1806843306477235,0.18068433784461613
11,0.9281314163454844,-0.0138981869221224,0.175907725,0.177285251,0.176596488,0.0289450029567584,0.000688763,True,0.17946211894756844,0.17946212578429993
11,0.9281314163454844,-0.0103708468076098,0.17486894,0.175953058,0.175410999,0.0285576927850998,0.0005420589999999,True,0.17824478719793072,0.17824479366982543
11,0.9281314163454844,-0.0068559040939104,0.173226647,0.174668136,0.173947391,0.028083117163214,0.0007207444999999,True,0.1770326637509301,0.1770326698533339
11,0.9281314163454844,-0.0033532739440519,0.172242523,0.173357025,0.172799774,0.0277137830988357,0.0005572509999999,True,0.17582609769639343,0.17582610342468874
11,0.9281314163454844,0.0001371305971699,0.169955738,0.171570302,0.17076302,0.0270643204533719,0.000807282,True,0.17462545715449868,0.1746254625041168
11,0.9281314163454844,0.0036153955741068,0.168896023,0.170149823,0.169522923,0.0266726605257983,0.0006268999999999,True,0.17343113103362667,0.1734311360000703
11,0.9281314163454844,0.0070816031541051,0.167447454,0.169057638,0.168252546,0.0262743973052379,0.000805092,True,0.17224353072002063,0.17224353529888142
11,0.9281314163454844,0.0105358376284393,0.166432295,0.167648025,0.16704016,0.0258971080024385,0.0006078649999999,True,0.1710630886370404,0.17106309282402077
11,0.9281314163454844,0.013978182414484,0.16499082,0.16656373,0.165777275,0.025507004950956,0.0007864549999999,True,0.1698902598268666,0.16989026361780088
11,0.9281314163454844,0.0174087171195272,0.163944249,0.165159956,0.164552102,0.0251313802971904,0.0006078535,True,0.16872552340345426,0.16872552679433764
11,0.9281314163454844,0.0208275244586287,0.162719438,0.164222254,0.163470846,0.0248021936344091,0.000751408,True,0.16756938054147935,0.16756938352849746
11,0.9281314163454844,0.0242346823904867,0.16152978,0.162712012,0.162120896,0.0243942496457239,0.0005911159999999,True,0.16642235735190836,0.16642235993146112
11,0.9281314163454844,0.0276302710045109,0.160302508,0.161809755,0.161056132,0.0240748728824463,0.0007536234999999,True,0.1652850025953105,0.16528500476405555
11,0.9281314163454844,0.0310143695737147,0.159144164,0.160331144,0.159737654,0.0236823108368255,0.00059349,True,0.16415788854634275,0.16415789030121872
11,0.9281314163454844,0.0343870536671807,0.157801628,0.159280539,0.158541083,0.0233288383848814,0.0007394554999999,True,0.16304161159793074,0.1630416129362034
11,0.9281314163454844,0.0377484019502525,0.156814957,0.157973147,0.157394052,0.0229924952597763,0.000579095,True,0.16193678941549922,0.16193679033479508
11,0.9281314163454844,0.0410984884522846,0.155496498,0.156950018,0.156223258,0.022651702792381,0.0007267599999999,True,0.16084406264727052,0.16084406314561855
11,0.9281314163454844,0.0444373893371047,0.154571213,0.155702835,0.155137024,0.0223377993504526,0.0005658109999999,True,0.1597640915571861,0.15976409163306232
11,0.9281314163454844,0.0477651800049718,0.153309845,0.154704224,0.154007035,0.0220135757725741,0.0006971895,True,0.15869755553886025,0.15869755519122822
11,0.9281314163454844,0.051081932252148,0.152407416,0.153477737,0.152942576,0.021710322498113,0.0005351605,True,0.15764515222455802,0.15764515145291316
11,0.9281314163454844,0.0543877209573951,0.151163665,0.152538117,0.151850891,0.0214014974836528,0.0006872259999999,True,0.15660759319830198,0.15660759200271493
11,0.9281314163454844,0.0576826164772911,0.150281946,0.151329495,0.150805721,0.0211079038898739,0.0005237745,True,0.15558560387444384,0.15558560225560825
11,0.9281314163454844,0.060966691303996,0.149090623,0.15044801,0.149769316,0.0208187747380923,0.0006786934999999,True,0.15457991847008487,0.15457991642935026
11,0.9281314163454844,0.0642400172147078,0.148266282,0.149330958,0.14879862,0.0205497848964609,0.000532338,True,0.15359127758228597,0.1535912751217073
11,0.9281314163454844,0.0675026624768561,0.147126918,0.148470031,0.147798475,0.0202744638988378,0.0006715565,True,0.15262042527790953,0.15262042240027854
11,0.9281314163454844,0.0707546984246755,0.1463223,0.147368667,0.146845483,0.0200138507832887,0.0005231835,True,0.1516681029887535,0.15166809969763506
11,0.9281314163454844,0.0739961919779793,0.145235168,0.14656683,0.145900999,0.019757227673622,0.000665831,True,0.15073504723994516,0.1507350435397047
11,0.9281314163454844,0.0772272121909515,0.14449021,0.145520065,0.145005138,0.0195153459875385,0.0005149274999999,True,0.1498219828940865,0.14982197878991105
11,0.9281314163454844,0.080447827447592,0.143457204,0.144780116,0.14411866,0.0192774641548845,0.0006614559999999,True,0.14892961888832765,0.14892961438624394
11,0.9281314163454844,0.0836581027111248,0.142734958,0.143750039,0.143242498,0.0190437839353661,0.0005075405,True,0.14805864365459456,0.14805863876147424
11,0.9281314163454844,0.0868581059942308,0.141758934,0.143075824,0.142417379,0.0188250202122649,0.0006584449999999,True,0.14720971788507617,0.1472097126086376
11,0.9281314163454844,0.09004790099736,0.141103752,0.142147233,0.141625492,0.0186162557455206,0.0005217405,True,0.1463834710280594,0.1463834653768525
11,0.9281314163454844,0.0932275535520859,0.140147316,0.141460846,0.140804081,0.0184009378347306,0.000656765,True,0.14558049411780494,0.14558048810119784
11,0.9281314163454844,0.0963971288611098,0.139565681,0.140598551,0.140082116,0.018212722061824,0.0005164349999999,True,0.1448013352450136,0.14480132887315755
11,0.9281314163454844,0.0995566887905288,0.138676307,0.139988826,0.139332566,0.0180183386035048,0.0006562595,True,0.14404649517375262,0.14404648845754703
11,0.9281314163454844,0.1027062982371375,0.13813294,0.13915652,0.13864473,0.01784087728594,0.0005117899999999,True,0.1433164211433286,0.14331641409436555
11,0.9281314163454844,0.1089759105344593,0.136821858,0.137837167,0.137329512,0.0175039968685461,0.0005076545,True,0.1419320752311923,0.14193206755398793
11,0.9281314163454844,0.1152064604689016,0.135605581,0.136613481,0.136109531,0.0171943811036643,0.00050395,True,0.14065068176471562,0.1406506735124045
11,0.9281314163454844,0.1213984308983599,0.134505027,0.135505967,0.135005497,0.0169165726143086,0.00050047,True,0.13947358157810988,0.1394735728068402
11,0.9281314163454844,0.1275522966520477,0.133441706,0.134488433,0.13396507,0.0166568403833772,0.0005233634999999,True,0.1384010366929526,0.13840102746051341
11,0.9281314163454844,0.1336685238466068,0.132488563,0.13353121,0.133009886,0.0164201573993547,0.0005213235,True,0.1374322459097182,0.13743223627414516
11,0.9281314163454844,0.1397475692283873,0.131618817,0.132714601,0.132166709,0.0162126357480464,0.0005478919999999,True,0.13656540741220063,0.13656539743046225
11,0.9281314163454844,0.1457898838624561,0.130861778,0.131955363,0.131408571,0.0160271705553232,0.0005467924999999,True,0.13579782053447909,0.1357978102613239
11,0.9281314163454844,0.1577660752590234,0.129566655,0.13065273,0.130109692,0.0157119023375703,0.0005430374999999,True,0.1345459137603729,0.1345459030552714
11,0.9281314163454844,0.1696005324036443,0.128361398,0.129889792,0.129125595,0.0154751242554775,0.000764197,True,0.13364228140964654,0.13364227044607419
11,0.9281314163454844,0.1812965725103247,0.127735643,0.129206513,0.128471078,0.0153186399977923,0.0007354349999999,True,0.1330475188341665,0.13304750774968477
11,0.9281314163454844,0.1928573952469935,0.127148285,0.128726982,0.127937633,0.0151916902338609,0.0007893484999999,True,0.13272106247338566,0.1327210513712921
11,0.9281314163454844,0.2042860905833528,0.126823178,0.128516962,0.12767007,0.0151282142461026,0.000846892,True,0.1326240192468469,0.1326240082008434
11,0.9281314163454844,0.2155856461670418,0.126702444,0.128516865,0.127609654,0.0151138996940117,0.0009072105,True,0.13272084320982613,0.13272083226972653
11,0.9281314163454844,0.2267589462904819,0.126637773,0.128726652,0.127682212,0.015131091905872,0.0010444394999999,True,0.13298009864264482,0.13298008783995208
12,1.0239561947031066,-0.5020850920815787,0.322721388,0.324734151,0.32372777,0.1073102703462151,0.0010063815,True,0.3172168195268254,0.3172168503313385
12,1.0239561947031066,-0.4906563970089389,0.319372925,0.321449197,0.320411061,0.105122668769354,0.001038136,True,0.31456548921039823,0.3145655197696264
12,1.0239561947031066,-0.4793568424891126,0.31608216,0.318091013,0.317086587,0.1029525529874855,0.0010044264999999,True,0.31192460134192046,0.3119246316517398
12,1.0239561947031066,-0.4681835410116902,0.312841863,0.314906313,0.313874088,0.1008770341887174,0.0010322249999999,True,0.3092937815211305,0.30929381157731123
12,1.0239561947031066,-0.4571337055446736,0.309645356,0.311643173,0.310644265,0.0988116287974573,0.0009989085,True,0.3066726664505045,0.3066726962487172
12,1.0239561947031066,-0.4462046341540375,0.306486485,0.308533148,0.307509816,0.0968276394937721,0.0010233315,True,0.3040609015733326,0.30406093110914195
12,1.0239561947031066,-0.4353937187554089,0.303470272,0.305340884,0.304405578,0.0948826029400005,0.0009353059999999,True,0.30145814490455314,0.3014581741734263
12,1.0239561947031066,-0.4246984288001063,0.30036655,0.302283803,0.301325177,0.0929720096056295,0.0009586265,True,0.29886406371475943,0.29886409271205544
12,1.0239561947031066,-0.4141163201617014,0.297388569,0.299244408,0.298316488,0.0911246541081297,0.0009279195,True,0.29627833624884886,0.29627836496982946
12,1.0239561947031066,-0.4088669638636326,0.29581469,0.298246518,0.297030604,0.0903407672079059,0.001215914,True,0.2949885064381091,0.294988535019116
12,1.0239561947031066,-0.4036450194748465,0.294321234,0.296218586,0.29526991,0.0892729242904307,0.000948676,True,0.2937006479990867,0.2937006764388963
12,1.0239561947031066,-0.3984502036838467,0.292904057,0.295258658,0.294081358,0.088555668955567,0.0011773005,True,0.29241472351891373,0.2924147518162834
12,1.0239561947031066,-0.3932822331184749,0.291364764,0.293298752,0.292331758,0.0875051017902333,0.0009669939999999,True,0.2911306950976531,0.2911307232513287
12,1.0239561947031066,-0.3881408332153008,0.289995755,0.292276437,0.291136096,0.0867907588806981,0.0011403409999999,True,0.2898485265695937,0.28984855457830266
12,1.0239561947031066,-0.3830257321498845,0.288506212,0.290379218,0.289442715,0.0857840654328759,0.000936503,True,0.28856818200804235,0.2885682098705025
12,1.0239561947031066,-0.377936663707085,0.287086708,0.28902182,0.288054264,0.0849630304689319,0.0009675559999999,True,0.2872896264331346,0.2872896541480471
12,1.0239561947031066,-0.3728733613525555,0.285824666,0.287457115,0.28664089,0.0841313126410711,0.0008162244999999,True,0.28601282430939456,0.28601285187544945
12,1.0239561947031066,-0.3678355669286153,0.284174077,0.28613869,0.285156383,0.0832621406809765,0.0009823064999999,True,0.28473774172596633,0.28473776914183585
12,1.0239561947031066,-0.3628230261524092,0.283035681,0.284529784,0.283782733,0.082461895141939,0.0007470515,True,0.28346434528187414,0.2834643725462197
12,1.0239561947031066,-0.3578354842480569,0.281342226,0.283332637,0.282337432,0.081624079806479,0.0009952055,True,0.2821926009975956,0.2821926281090559
12,1.0239561947031066,-0.3528726945165087,0.280231388,0.281764519,0.280997954,0.08085142769616,0.0007665654999999,True,0.2809224765326668,0.2809225034898708
12,1.0239561947031066,-0.3479344124903436,0.278580733,0.280593588,0.27958716,0.080041611342372,0.0010064274999999,True,0.2796539397480503,0.27965396654961094
12,1.0239561947031066,-0.3430203987153098,0.277658501,0.27914352,0.278401011,0.0793638986535107,0.0007425094999999,True,0.27838695946045533,0.2783869861049639
12,1.0239561947031066,-0.3381304130361665,0.275879952,0.277831315,0.276855633,0.078485260886382,0.0009756815,True,0.2771215039996998,0.27712153048573723
12,1.0239561947031066,-0.3332642230037794,0.274730399,0.276251673,0.275491036,0.0777134737617182,0.0007606369999999,True,0.27585754339465457,0.27585756972078473
12,1.0239561947031066,-0.3284215981504605,0.273151769,0.275044529,0.274098149,0.0769296192890836,0.0009463799999999,True,0.2745950479049335,0.27459507406970346
12,1.0239561947031066,-0.3236023127227085,0.272098673,0.273496468,0.272797571,0.0762012991722113,0.0006988974999999,True,0.27333398873063186,0.2733340147325675
12,1.0239561947031066,-0.3188061400822797,0.270471963,0.272384383,0.271428173,0.0754381838937476,0.00095621,True,0.2720743365468767,0.27207436238449656
12,1.0239561947031066,-0.3140328609562762,0.269431314,0.270862643,0.270146978,0.0747276981920393,0.0007156645,True,0.27081606367116634,0.2708160893429623
12,1.0239561947031066,-0.3092822591903183,0.267832685,0.269688438,0.268760562,0.0739626492843284,0.0009278764999999,True,0.2695591429781792,0.26955916848263106
12,1.0239561947031066,-0.3045541176216274,0.266727774,0.268190238,0.267459006,0.0732480099857593,0.000731232,True,0.26830354683411467,0.26830357216968215
12,1.0239561947031066,-0.2998482262149697,0.265226683,0.267027937,0.26612731,0.0725204125557217,0.0009006269999999,True,0.2670492492904388,0.26704927445556276
12,1.0239561947031066,-0.2951643765367493,0.264129924,0.265549662,0.264839793,0.07182040623063,0.000709869,True,0.2657962246676847,0.26579624966078763
12,1.0239561947031066,-0.2905023644056457,0.262647257,0.264465853,0.263556555,0.0711261042618116,0.0009092979999999,True,0.2645444483040551,0.264544473123539
12,1.0239561947031066,-0.2858619844839174,0.261555734,0.262934448,0.262245091,0.0704200148604404,0.000689357,True,0.26329389513703744,0.2632939197812896
12,1.0239561947031066,-0.2812430382657628,0.260088216,0.261854583,0.260971399,0.069737633395657,0.0008831834999999,True,0.26204454187451803,0.2620445663419007
12,1.0239561947031066,-0.2766453286585933,0.258999245,0.260405389,0.259702317,0.0690610260369886,0.0007030719999999,True,0.2607963655593417,0.2607963898481989
12,1.0239561947031066,-0.2720686625885927,0.257543831,0.259260114,0.258401973,0.0683711726130291,0.0008581414999999,True,0.259549344287911,0.25954936839656906
12,1.0239561947031066,-0.2675128456947291,0.256454936,0.257821487,0.257138212,0.0677040451033883,0.0006832754999999,True,0.25830345577756575,0.25830347970432765
12,1.0239561947031066,-0.2629776901745749,0.254944422,0.256677085,0.255810754,0.0670068146856999,0.0008663315,True,0.2570586795240317,0.25705870326717517
12,1.0239561947031066,-0.2584630107634196,0.253981098,0.25524631,0.254613704,0.0663811737671062,0.0006326059999999,True,0.25581499573985333,0.2558150192976435
12,1.0239561947031066,-0.2539686208213594,0.252603296,0.254349272,0.253476284,0.0657894174874099,0.000872988,True,0.25457238430850193,0.25457240767917483
12,1.0239561947031066,-0.2494943400753802,0.251382727,0.252736436,0.252059581,0.065056066023718,0.0006768545,True,0.2533308269633109,0.25333085014508205
12,1.0239561947031066,-0.2450399893780624,0.249947365,0.251646773,0.250797069,0.0644059945778382,0.0008497039999999,True,0.2520903058962838,0.25209032888734595
12,1.0239561947031066,-0.2406053932373572,0.248905619,0.250222677,0.249564148,0.0637743100091088,0.000658529,True,0.25085080451263486,0.2508508273111555
12,1.0239561947031066,-0.2361903746808166,0.247471316,0.249125115,0.248298216,0.0631289514820911,0.0008268995,True,0.24961230604426887,0.24961232864838911
12,1.0239561947031066,-0.2317947628634025,0.24647738,0.247701029,0.247089205,0.0625156745849062,0.0006118244999999,True,0.248374795721717,0.24837481812955775
12,1.0239561947031066,-0.2274183879222352,0.244983629,0.246651214,0.245817421,0.0618737863864746,0.0008337924999999,True,0.24713825937757078,0.24713828158722403
12,1.0239561947031066,-0.2230610834647763,0.243975999,0.245224365,0.244600182,0.0612625301732426,0.000624183,True,0.24590268418349237,0.245902706193027
12,1.0239561947031066,-0.2187226815252972,0.242536862,0.244161083,0.243348972,0.0606373774119132,0.0008121105,True,0.2446680572545471,0.24466807906200538
12,1.0239561947031066,-0.2144030200428384,0.241513348,0.242784771,0.242149059,0.0600408662024812,0.0006357115,True,0.24343436780805694,0.2434343894114519
12,1.0239561947031066,-0.21010193904221,0.240068591,0.241651442,0.240860016,0.0594033311422371,0.0007914254999999,True,0.24220160613054087,0.24220162752786123
12,1.0239561947031066,-0.2058192769127586,0.239027908,0.240267299,0.239647603,0.0588068012097626,0.0006196954999999,True,0.2409697625577265,0.2409697837469291
12,1.0239561947031066,-0.2015548777917224,0.237629094,0.239225361,0.238427228,0.0582093938615052,0.0007981334999999,True,0.23973882965176094,0.23973885063077782
12,1.0239561947031066,-0.1973085865785279,0.236569319,0.237830455,0.237199887,0.0576116526143729,0.0006305679999999,True,0.23850880084229065,0.23850882160902037
12,1.0239561947031066,-0.1930802513530431,0.23515949,0.236716646,0.235938068,0.0570003359584588,0.000778578,True,0.2372796711990846,0.2372796917513964
12,1.0239561947031066,-0.1888697184854236,0.234182185,0.235361284,0.234771734,0.0564381790452642,0.0005895495,True,0.236051436087133,0.23605145642286457
12,1.0239561947031066,-0.1846768398968837,0.232707871,0.234278137,0.233493004,0.0558250502867176,0.0007851329999999,True,0.2348240933558308,0.23482411347278848
12,1.0239561947031066,-0.1805014693584545,0.231706161,0.23290724,0.232306701,0.0552592329950913,0.0006005394999999,True,0.233597642346093,0.23359766224205009
12,1.0239561947031066,-0.1763434588817578,0.230268039,0.231801298,0.231034669,0.054655728522525,0.0007666294999999,True,0.2323720829008067,0.232372102573505
12,1.0239561947031066,-0.1722026658904043,0.2292404,0.230462364,0.229851382,0.0540973032882297,0.0006109819999999,True,0.23114741754685927,0.23114743699400334
12,1.0239561947031066,-0.1680789483838977,0.227834156,0.229380301,0.228607228,0.0535132457262803,0.0007730724999999,True,0.22992365015258504,0.22992366937185177
12,1.0239561947031066,-0.1639721672894259,0.226779143,0.22797332,0.227376232,0.0529384849679046,0.0005970885,True,0.22870078670388783,0.22870080569291143
12,1.0239561947031066,-0.1598821817157042,0.225400701,0.226912027,0.226156364,0.0523719813047438,0.0007556629999999,True,0.22747883397685392,0.22747885273323543
12,1.0239561947031066,-0.1558088560084913,0.224363688,0.225531249,0.224947469,0.0518135799331692,0.0005837804999999,True,0.22625780173427365,0.22625782025557642
12,1.0239561947031066,-0.1517520549958874,0.222916178,0.224440567,0.223678372,0.0512305907717522,0.0007621945,True,0.22503770141631704,0.22503771970006764
12,1.0239561947031066,-0.147711646303628,0.221894308,0.223036611,0.222465459,0.050676493616123,0.0005711514999999,True,0.2238185469497674,0.22381856499345282
12,1.0239561947031066,-0.1436874956873397,0.220469088,0.221960875,0.221214981,0.0501083897875026,0.0007458934999999,True,0.22260035346286458,0.22260037126393353
12,1.0239561947031066,-0.1396794739757706,0.219413844,0.220621474,0.220017659,0.0495674362416157,0.000603815,True,0.22138313951251576,0.2213831570683756
12,1.0239561947031066,-0.1356874535400289,0.218007324,0.219512318,0.218759821,0.0490023035666428,0.000752497,True,0.22016692616205855,0.22016694347007368
12,1.0239561947031066,-0.1317113048467889,0.216961345,0.218100441,0.217530893,0.048453289102159,0.000569548,True,0.2189517360687817,0.21895175312627832
12,1.0239561947031066,-0.1277509033195704,0.215526238,0.217000888,0.216263563,0.0478903581991983,0.0007373249999999,True,0.2177375957207197,0.2177376125249802
12,1.0239561947031066,-0.1238061247198823,0.214486554,0.215645923,0.215066238,0.0473615442612135,0.0005796844999999,True,0.21652453418067866,0.21652455072894075
12,1.0239561947031066,-0.1198768474011,0.2130213,0.214509646,0.213765473,0.0467903719929223,0.000744173,True,0.21531258393184874,0.21531260022131
12,1.0239561947031066,-0.1159629477717017,0.211985049,0.213122144,0.212553597,0.0462613492750892,0.0005685475,True,0.21410177963852128,0.2141017956663289
12,1.0239561947031066,-0.1120643070501813,0.210529817,0.212031706,0.211280762,0.0457089543914957,0.0007509444999999,True,0.21289216039904604,0.2128921761623073
12,1.0239561947031066,-0.1081808067202918,0.209493826,0.210651099,0.210072462,0.045187636686724,0.0005786365,True,0.21168376852506193,0.21168378402083818
12,1.0239561947031066,-0.10431233075117,0.208045085,0.209519556,0.20878232,0.0446343090406575,0.0007372355,True,0.2104766504225979,0.21047666564790238
12,1.0239561947031066,-0.1004587611320791,0.206965699,0.208142857,0.207554278,0.0441107819170137,0.0005885789999999,True,0.2092708554038665,0.20927087035566577
12,1.0239561947031066,-0.0966199845241352,0.205520391,0.207009218,0.206264805,0.0435643901526548,0.0007444134999999,True,0.2080664379832554,0.20806645265847185
12,1.0239561947031066,-0.0927958888844871,0.20447626,0.205633155,0.205054707,0.0430547293512842,0.0005784475,True,0.20686345706253476,0.20686347145803846
12,1.0239561947031066,-0.0889863601674349,0.203030707,0.204533979,0.203782343,0.0425220780449925,0.000751636,True,0.20566197513663237,0.20566198924924944
12,1.0239561947031066,-0.0851912889007746,0.20193874,0.203115827,0.202527284,0.0419999192077249,0.0005885434999999,True,0.20446206062254302,0.20446207444905032
12,1.0239561947031066,-0.0814105657650095,0.200490019,0.201969133,0.201229576,0.0414634086484313,0.000739557,True,0.20326378674087195,0.2032638002779975
12,1.0239561947031066,-0.0776440837566361,0.199426242,0.200584842,0.200005542,0.0409605177256662,0.0005793,True,0.20206723248155553,0.202067245725984
12,1.0239561947031066,-0.073891733842603,0.197970839,0.199465618,0.198718229,0.0404349391412805,0.0007473895,True,0.20087248151485362,0.20087249446321814
12,1.0239561947031066,-0.0701534114387183,0.196892911,0.198034251,0.197463581,0.039925962550797,0.0005706699999999,True,0.19967962455251304,0.19967963720140336
12,1.0239561947031066,-0.0664290120566388,0.195427663,0.196900797,0.19616423,0.0394022492090773,0.0007365669999999,True,0.19848875828039272,0.19848877062635212
12,1.0239561947031066,-0.0627184334358893,0.194332831,0.195495635,0.194914233,0.0389016913919142,0.0005814019999999,True,0.1972999863663569,0.19729999840588652
12,1.0239561947031066,-0.059021571263826,0.192854568,0.194382141,0.193618355,0.0383861388344136,0.0007637865,True,0.19611341843085128,0.19611343016040658
12,1.0239561947031066,-0.0553383255589301,0.191777081,0.192961573,0.192369327,0.0378924799047476,0.000592246,True,0.19492917245051766,0.19492918386651167
12,1.0239561947031066,-0.0516685974365091,0.190319155,0.191827288,0.191073221,0.0373835919155909,0.0007540665,True,0.1937473741002877,0.19374738519909956
12,1.0239561947031066,-0.0480122859451615,0.189218254,0.19038824,0.189803247,0.0368883010157041,0.0005849929999999,True,0.19256815612520534,0.19256816690316966
12,1.0239561947031066,-0.0443692943805194,0.187739984,0.189266727,0.188503355,0.0363847626463986,0.0007633714999999,True,0.19139166078443146,0.191391671237853
12,1.0239561947031066,-0.0407395260458732,0.186685188,0.187878132,0.18728166,0.0359146698111031,0.000596472,True,0.19021803891363787,0.19021804903878928
12,1.0239561947031066,-0.0371228863314888,0.185182925,0.186729199,0.185956062,0.0354080539902758,0.000773137,True,0.18904745103827697,0.1890474608314022
12,1.0239561947031066,-0.0335192785444695,0.184097904,0.185278652,0.184688278,0.0349269000831747,0.0005903739999999,True,0.18788006647851668,0.18788007593583506
12,1.0239561947031066,-0.029928610132054,0.182639539,0.184170834,0.183405187,0.0344432882223123,0.0007656475,True,0.186716065829273,0.18671607494698841
12,1.0239561947031066,-0.0263507885044952,0.181521067,0.182761946,0.182141507,0.0339702879940858,0.0006204395,True,0.18555564008245315,0.18555564885675171
12,1.0239561947031066,-0.0227857230853621,0.180030935,0.181619755,0.180825345,0.0334811203867608,0.0007944099999999,True,0.1843989917710928,0.18439900019815897
12,1.0239561947031066,-0.0192333212016516,0.178981502,0.180177343,0.179579422,0.0330213265903025,0.0005979205,True,0.18324633411941513,0.18324634219542912
12,1.0239561947031066,-0.015693494219159,0.177490677,0.179067838,0.178279257,0.0325449050345393,0.0007885804999999,True,0.18209789351853528,0.18209790123968753
12,1.0239561947031066,-0.0121661544380158,0.176435257,0.177692956,0.177064106,0.0321027650063621,0.0006288495,True,0.180953909003336,0.18095391636583094
12,1.0239561947031066,-0.0086512120535371,0.174974182,0.176576646,0.175775414,0.0316371706227861,0.0008012319999999,True,0.17981463174788004,0.1798146387479531
12,1.0239561947031066,-0.0051485812272381,0.17387412,0.175125068,0.174499594,0.031179577029478,0.000625474,True,0.17868032750890872,0.17868033414282797
12,1.0239561947031066,-0.0016581760142896,0.172403336,0.174032994,0.173218165,0.0307233271129679,0.000814829,True,0.17755127576886998,0.1775512820329542
12,1.0239561947031066,0.0018200876351362,0.170672401,0.172091438,0.17138192,0.0300753981641789,0.0007095185,True,0.17642777083223654,0.17642777672286475
12,1.0239561947031066,0.0052862958844817,0.169288572,0.171051241,0.170169907,0.0296515158774441,0.0008813344999999,True,0.17531012095842505,0.17531012647205266
12,1.0239561947031066,0.0087405310235469,0.168292649,0.169673745,0.168983197,0.0292393976948724,0.0006905479999999,True,0.17419865069426604,0.17419865582743926
12,1.0239561947031066,0.0121828754836348,0.166889044,0.168683397,0.16778622,0.0288266355806502,0.0008971765,True,0.1730936999372743,0.17309370468664692
12,1.0239561947031066,0.0156134098631881,0.16590519,0.167285221,0.166595205,0.028418841654328,0.0006900155,True,0.1719956248834144,0.17199562924576772
12,1.0239561947031066,0.0190322168807812,0.164546389,0.166271877,0.165409133,0.0280156271096631,0.000862744,True,0.17090479701703448,0.1709048009892926
12,1.0239561947031066,0.0224393754693746,0.163570849,0.164952216,0.164261533,0.0276282337048707,0.0006906835,True,0.1698216051850457,0.1698216087643007
12,1.0239561947031066,0.0258349637611857,0.162217979,0.163946714,0.163082346,0.0272329869755339,0.0008643674999999,True,0.16874645473656233,0.16874645792009546
12,1.0239561947031066,0.0292190620120959,0.161281761,0.162597763,0.161939762,0.0268527254215977,0.000658001,True,0.16767976660536046,0.1676797693906687
12,1.0239561947031066,0.0325917467556088,0.159930582,0.161631168,0.160780875,0.0264697691317649,0.000850293,True,0.16662197905394902,0.16662198143876517
12,1.0239561947031066,0.0359530947214098,0.159030545,0.160352841,0.159691693,0.0261123541987123,0.000661148,True,0.16557354619986375,0.16557354818218828
12,1.0239561947031066,0.0393031809065687,0.157711826,0.159387389,0.158549608,0.0257401884970823,0.0008377814999999,True,0.16453493824974305,0.16453493982786982
12,1.0239561947031066,0.0426420824348823,0.156810262,0.158106609,0.157458436,0.0253871088134938,0.0006481735,True,0.1635066397820731,0.1635066409546165
12,1.0239561947031066,0.0459698727886095,0.155590872,0.15717419,0.156382531,0.0250413566257501,0.000791659,True,0.16248915084668508,0.1624891516126164
12,1.0239561947031066,0.0492866256739274,0.154720466,0.155957829,0.155339147,0.0247083195720728,0.0006186814999999,True,0.1614829848952148,0.1614829852538849
12,1.0239561947031066,0.0525924131172723,0.153492502,0.155056411,0.154274456,0.0243707797679844,0.0007819545,True,0.16048866829969377,0.16048866825086988
12,1.0239561947031066,0.0558873092731632,0.152651313,0.153866968,0.153259141,0.0240510561284875,0.0006078274999999,True,0.15950673794157605,0.15950673748547248
12,1.0239561947031066,0.0591713847316927,0.151447339,0.152994889,0.152221114,0.0237263629442843,0.000773775,True,0.1585377414397184,0.15853774057702263
12,1.0239561947031066,0.0624447093928546,0.150634049,0.151830201,0.151232125,0.0234190614894212,0.000598076,True,0.1575822345636114,0.1575822332955209
12,1.0239561947031066,0.0657073552847232,0.149488581,0.151022804,0.150255693,0.0231176268553477,0.0007671115,True,0.15664077848223545,0.15664077681048447
12,1.0239561947031066,0.0689593909264838,0.148702706,0.14991829,0.149310498,0.0228276952296664,0.000607792,True,0.15571393923459992,0.1557139371614859
12,1.0239561947031066,0.0722008851043849,0.147615819,0.149139752,0.148377786,0.0225433861793526,0.0007619664999999,True,0.1548022842167817,0.15480228174519278
12,1.0239561947031066,0.0754319050105817,0.146895186,0.148058577,0.147476882,0.0222704643215583,0.0005816954999999,True,0.153906380078083,0.1539063772115186
12,1.0239561947031066,0.0818627958461552,0.145139392,0.146327724,0.145733558,0.0217470580568758,0.0005941659999999,True,0.1521640664315784,0.15216406278811356
12,1.0239561947031066,0.0882525935282428,0.143476557,0.144654337,0.144065447,0.0212520603192747,0.0005888899999999,True,0.15049139701029665,0.15049139261170996
12,1.0239561947031066,0.0946018217052276,0.141913537,0.143082643,0.14249809,0.0207921530918708,0.000584553,True,0.1488925535215259,0.14889254839491758
12,1.0239561947031066,0.100910990486537,0.140418501,0.1415808,0.14099965,0.0203571720425414,0.0005811495,True,0.14737139223460566,0.14737138641231626
12,1.0239561947031066,0.1071806039916896,0.139043473,0.140200511,0.139621992,0.0199613099120215,0.0005785189999999,True,0.1459313317825045,0.1459313253018344
12,1.0239561947031066,0.1134111533349932,0.137760657,0.138913903,0.13833728,0.0195956575998447,0.0005766229999999,True,0.14457525143928446,0.14457524434200408
12,1.0239561947031066,0.1196031240678831,0.136586298,0.137736936,0.137161617,0.0192640044757339,0.000575319,True,0.14330540001709854,0.14330539234876627
12,1.0239561947031066,0.1318732158589883,0.134450044,0.135598742,0.135024393,0.0186683461458704,0.000574349,True,0.14102984540731306,0.1410298367444015
12,1.0239561947031066,0.1439945764758102,0.132644526,0.133848053,0.13324629,0.0181799058255579,0.0006017634999999,True,0.13910811025575642,0.1391081008032098
12,1.0239561947031066,0.1559707676049919,0.131140836,0.132410292,0.131775564,0.0177807937797511,0.000634728,True,0.13753197642038095,0.13753196637932286
12,1.0239561947031066,0.1678052253325203,0.129972808,0.131251671,0.13061224,0.0174682393125555,0.0006394314999999,True,0.13628319041470555,0.1362831799692535
12,1.0239561947031066,0.1795012651743645,0.128884077,0.130544044,0.129714061,0.0172288182675864,0.0008299834999999,True,0.13533617448753812,0.1353361637962765
12,1.0239561947031066,0.1910620876522853,0.128158563,0.129945108,0.129051836,0.0170533518580685,0.0008932725,True,0.13466106669780886,0.1346610558902679
12,1.0239561947031066,0.2024907835510063,0.127638293,0.129471052,0.128554673,0.0169222113052891,0.0009163794999999,True,0.1342264551989108,0.13422644437602685
12,1.0239561947031066,0.224963639548255,0.12739851,0.129392691,0.128395601,0.0168803585355276,0.0009970905,True,0.13395714423118182,0.13395713358191846
12,1.0239561947031066,0.2469425464059077,0.127522186,0.129960965,0.128741575,0.0169714525224721,0.0012193895,True,0.134308386565377,0.13430837623958927
13,1.1006160157753695,-0.5202366909312949,0.31380425,0.316521458,0.315162854,0.1093215743792153,0.0013586039999999,True,0.3180220174480285,0.31802205071263867
13,1.1006160157753695,-0.5144395728871438,0.312151479,0.315490812,0.313821146,0.1083927503644384,0.0016696665,True,0.3167291481058929,0.3167291812313982
13,1.1006160157753695,-0.5086758694777921,0.310818631,0.313559813,0.312189222,0.1072683595637277,0.001370591,True,0.31543915459482197,0.3154391875803154
13,1.1006160157753695,-0.4972471729360179,0.307980328,0.310634723,0.309307525,0.1052971944583692,0.0013271974999999,True,0.3128676050171417,0.3128676377198555
13,1.1006160157753695,-0.4859476169800713,0.305066709,0.307639301,0.306353005,0.1032951944531578,0.0012862959999999,True,0.31030699993031785,0.310307032346514
13,1.1006160157753695,-0.4803453627029103,0.303532271,0.306869442,0.305200857,0.102519699793203,0.0016685854999999,True,0.309030689529353,0.3090307218008532
13,1.1006160157753695,-0.4747743173031845,0.302284053,0.30477644,0.303530246,0.1014004251698029,0.0012461934999999,True,0.3077569812829086,0.30775701340875306
13,1.1006160157753695,-0.4692341365811692,0.300714984,0.304046837,0.302380911,0.1006339617899651,0.0016659264999999,True,0.3064858323926224,0.3064858643718289
13,1.1006160157753695,-0.4637244804276061,0.299521302,0.302032626,0.300776964,0.0995691892452669,0.001255662,True,0.30521720037282146,0.3052172322043975
13,1.1006160157753695,-0.4582450159054276,0.297918622,0.301149167,0.299533895,0.0987478789560534,0.0016152724999999,True,0.30395104379547416,0.30395107547842193
13,1.1006160157753695,-0.4527954107941029,0.296774801,0.299209352,0.297992077,0.0977339075063129,0.0012172755,True,0.3026873208182662,0.30268735235157324
13,1.1006160157753695,-0.4473753429847199,0.295139497,0.298455348,0.296797423,0.0969518453645614,0.0016579255,True,0.3014259913599114,0.3014260227425502
13,1.1006160157753695,-0.4419844940134561,0.294041186,0.296492276,0.295266731,0.0959543924388444,0.0012255449999999,True,0.300167015600907,0.3001670468318448
13,1.1006160157753695,-0.4366225505392812,0.292464341,0.295679803,0.294072072,0.0951794939318936,0.001607731,True,0.2989103543170431,0.2989103853952386
13,1.1006160157753695,-0.4312892057739098,0.291405971,0.293607605,0.292506788,0.0941689495745808,0.001100817,True,0.29765596921756343,0.2976560001419607
13,1.1006160157753695,-0.4259841532103073,0.289794446,0.292999613,0.29139703,0.0934557592747459,0.0016025835,True,0.29640382148349237,0.296403852253019
13,1.1006160157753695,-0.420707095779069,0.288686415,0.290907901,0.289797158,0.0924323665421734,0.001110743,True,0.29515387394948706,0.2951539045630654
13,1.1006160157753695,-0.4154577395659904,0.287127247,0.290321086,0.288724166,0.0917491605234198,0.0015969195,True,0.29390608966475773,0.29390612012129813
13,1.1006160157753695,-0.4102357952613095,0.286471066,0.288210293,0.28734068,0.0908719941581286,0.0008696135,True,0.2926604322719788,0.2926604625703805
13,1.1006160157753695,-0.4050409795633927,0.284871184,0.287155851,0.286013517,0.0900344974867188,0.0011423335,True,0.29141686637706105,0.2914168965162018
13,1.1006160157753695,-0.3998730090803455,0.283824053,0.285592566,0.284708309,0.0892146368476038,0.0008842564999999,True,0.29017535611021533,0.29017538608897225
13,1.1006160157753695,-0.3947316092586516,0.282349772,0.284566897,0.283458334,0.0884329858472926,0.0011085624999999,True,0.2889358672738125,0.2889358970910496
13,1.1006160157753695,-0.3896165082738842,0.281329374,0.283045663,0.282187519,0.087641828677764,0.0008581444999999,True,0.2876983658830175,0.287698395537574
13,1.1006160157753695,-0.3845274399205644,0.279815686,0.282044736,0.280930211,0.086862578861382,0.001114525,True,0.28646281886143476,0.28646284835215596
13,1.1006160157753695,-0.3794641376450097,0.278819338,0.280485755,0.279652546,0.086074276983066,0.0008332084999999,True,0.2852291925937095,0.28522922191941635
13,1.1006160157753695,-0.3744263432992508,0.277342627,0.279507047,0.278424837,0.0853201826273898,0.00108221,True,0.2839974550614815,0.2839974842209898
13,1.1006160157753695,-0.3694138011630628,0.276292793,0.277984853,0.277138823,0.0845338335980134,0.0008460299999999,True,0.2827675744138369,0.2827676034059391
13,1.1006160157753695,-0.3644262593424908,0.274850014,0.276952717,0.275901365,0.083780611613532,0.0010513515,True,0.28153951933516974,0.28153954815865434
13,1.1006160157753695,-0.3594634711264541,0.273820406,0.275464343,0.274642374,0.0830177420609982,0.0008219684999999,True,0.2803132594147933,0.28031328806843386
13,1.1006160157753695,-0.3545251891753659,0.272407736,0.274520951,0.273464343,0.082307088933475,0.0010566075,True,0.27908876374289143,0.2790887922254479
13,1.1006160157753695,-0.3496111740654752,0.27139508,0.273061772,0.272228426,0.0815647994063755,0.0008333459999999,True,0.2778660030498352,0.27786603136004795
13,1.1006160157753695,-0.3447211884668215,0.269940187,0.27206273,0.271001458,0.0808312105632964,0.0010612714999999,True,0.2766449482892999,0.2766449764259029
13,1.1006160157753695,-0.3398549999188865,0.268942499,0.27063024,0.26978637,0.0801079904959895,0.0008438705,True,0.2754255713418233,0.2754255993035328
13,1.1006160157753695,-0.3350123751377194,0.267580538,0.269643874,0.268612206,0.0794122160222404,0.001031668,True,0.2742078435948432,0.27420787138036107
13,1.1006160157753695,-0.3301930883993278,0.266593971,0.268169436,0.267381703,0.0786863134095874,0.0007877324999999,True,0.2729917380498371,0.2729917656578533
13,1.1006160157753695,-0.3253969158362861,0.265187166,0.267258522,0.266222844,0.0780057228075093,0.001035678,True,0.27177722790347025,0.27177725533266045
13,1.1006160157753695,-0.3206236367869327,0.264210119,0.265806346,0.265008232,0.0772955617260616,0.0007981135,True,0.2705642869000061,0.27056431414903126
13,1.1006160157753695,-0.3158730351059076,0.262823232,0.264838516,0.263830874,0.0766102819269627,0.001007642,True,0.26935288968842597,0.2693529167559264
13,1.1006160157753695,-0.3111448936123815,0.261853277,0.263406529,0.262629903,0.0759144019038911,0.000776626,True,0.2681430104343372,0.2681430373189461
13,1.1006160157753695,-0.3064390022801829,0.260483532,0.262505937,0.261494734,0.075259568348896,0.0010112025,True,0.2669346249413714,0.26693465164169794
13,1.1006160157753695,-0.3017551526757257,0.25951843,0.26103036,0.260274395,0.0745587673711313,0.0007559649999999,True,0.2657277092678217,0.26572773578246206
13,1.1006160157753695,-0.2970931392806,0.258163236,0.260132201,0.259147718,0.0739146638229859,0.0009844824999999,True,0.26452224009479464,0.2645222664223314
13,1.1006160157753695,-0.2924527607771718,0.257200919,0.258731873,0.257966396,0.0732423214050124,0.000765477,True,0.26331819508769727,0.2633182212266929
13,1.1006160157753695,-0.2878338146307097,0.255857861,0.257775493,0.256816677,0.0725909153445565,0.000958816,True,0.26211555151149263,0.26211557746049624
13,1.1006160157753695,-0.2832361050945748,0.254896416,0.256387733,0.255642075,0.0719284159605362,0.0007456584999999,True,0.2609142883259962,0.2609143140835337
13,1.1006160157753695,-0.2786594377822833,0.253563237,0.255488018,0.254525628,0.0713015323715644,0.0009623904999999,True,0.25971438479494435,0.2597144103595305
13,1.1006160157753695,-0.2741036222794836,0.25260089,0.254109918,0.253355404,0.0706473982220215,0.0007545139999999,True,0.2585158211856184,0.25851584655574733
13,1.1006160157753695,-0.2695684668284053,0.251275476,0.253151551,0.252213514,0.0700120080926412,0.0009380374999999,True,0.2573185773899541,0.2573186025641019
13,1.1006160157753695,-0.2650537861907653,0.25036519,0.251781719,0.251073455,0.0693805001146068,0.0007082644999999,True,0.2561226350191032,0.2561226599957272
13,1.1006160157753695,-0.2605593963223517,0.249044904,0.250873951,0.249959428,0.0687661757011745,0.0009145234999999,True,0.25492797603523576,0.2549280008127759
13,1.1006160157753695,-0.2560851156493615,0.248075218,0.249509788,0.248792503,0.0681256104694469,0.000717285,True,0.2537345831233261,0.2537346077001993
13,1.1006160157753695,-0.251630766310505,0.246758877,0.248595489,0.247677183,0.0675161745404,0.000918306,True,0.25254244006424015,0.2525424644388444
13,1.1006160157753695,-0.2471961689637899,0.245835641,0.247235183,0.246535412,0.066895121566805,0.000699771,True,0.2513515303848212,0.25135155455553754
13,1.1006160157753695,-0.2427811504782808,0.244520881,0.246364134,0.245442508,0.066303337244239,0.0009216265,True,0.2501618394567386,0.25016186342192454
13,1.1006160157753695,-0.2383855387312747,0.243588903,0.245005394,0.244297148,0.0656859706699755,0.0007082454999999,True,0.24897335314317418,0.24897337690116475
13,1.1006160157753695,-0.2340091638599006,0.242274106,0.244073615,0.243173861,0.0650833065262962,0.0008997545,True,0.24778605816849683,0.24778608171760944
13,1.1006160157753695,-0.2296518594798931,0.241332217,0.242764719,0.242048468,0.064482297747391,0.000716251,True,0.24659994248405137,0.2465999658225766
13,1.1006160157753695,-0.2253134576089655,0.24006478,0.241822186,0.240943483,0.0638949002334001,0.0008787029999999,True,0.24541499391792887,0.245415017044139
13,1.1006160157753695,-0.2209937961944674,0.23911128,0.240510608,0.239810944,0.0632956443775576,0.0006996639999999,True,0.2442312022582627,0.24423122517040546
13,1.1006160157753695,-0.2166927140274125,0.237839139,0.239556278,0.238697709,0.06270935439217,0.0008585695,True,0.24304855790727464,0.2430485806035743
13,1.1006160157753695,-0.2124100532066898,0.236920256,0.238240626,0.237580441,0.0621236832217848,0.000660185,True,0.24186705259855423,0.24186707507721233
13,1.1006160157753695,-0.208145654151852,0.235594864,0.23732003,0.236457447,0.0615377794165009,0.000862583,True,0.24068667806749622,0.2406867003266881
13,1.1006160157753695,-0.2038993630042948,0.23466134,0.235998466,0.235329903,0.0609522946247904,0.0006685629999999,True,0.23950742814581266,0.23950745018368916
13,1.1006160157753695,-0.1996710266309132,0.233375403,0.235108076,0.234241739,0.0603899118067508,0.0008663364999999,True,0.23832929744132142,0.23832931925600792
13,1.1006160157753695,-0.1954604938329267,0.232425824,0.233778869,0.233102347,0.0598038468615538,0.0006765224999999,True,0.23715228173098715,0.2371523033205832
13,1.1006160157753695,-0.1912676165242205,0.231175611,0.232870843,0.232023227,0.0592514187266727,0.0008476159999999,True,0.23597637835391705,0.23597639971649514
13,1.1006160157753695,-0.1870922448514036,0.230252849,0.23153281,0.23089283,0.0586754895643087,0.0006399804999999,True,0.23480158490413028,0.23480160603773467
13,1.1006160157753695,-0.1829342344425805,0.228946906,0.230649996,0.229798451,0.0581205910373529,0.0008515449999999,True,0.23362790132591,0.23362792222855952
13,1.1006160157753695,-0.1787934415185398,0.228005063,0.229301537,0.2286533,0.0575427715020182,0.0006482369999999,True,0.2324553286061452,0.2324553492758261
13,1.1006160157753695,-0.1746697252696449,0.226730283,0.228398236,0.227564259,0.0569959418516323,0.0008339764999999,True,0.23128386950817936,0.2312838899428541
13,1.1006160157753695,-0.1705629430583226,0.225768169,0.227080524,0.226424346,0.0564263647948801,0.0006561775,True,0.23011352727275064,0.23011354747034796
13,1.1006160157753695,-0.1664729575502402,0.2245213,0.226155625,0.225338462,0.0558864443954438,0.0008171624999999,True,0.22894430771195645,0.2289443276703793
13,1.1006160157753695,-0.162399631908133,0.223537778,0.224865477,0.224201628,0.0553239718745246,0.0006638495,True,0.22777621791780708,0.22777623763492458
13,1.1006160157753695,-0.1583428309601076,0.222274605,0.22395894,0.223116772,0.0547898692816569,0.0008421675,True,0.2266092666721461,0.2266092861457988
13,1.1006160157753695,-0.154302422339571,0.221309713,0.222611661,0.221960687,0.0542235502007504,0.0006509739999999,True,0.22544346486117045,0.2254434840891637
13,1.1006160157753695,-0.1502782717867951,0.220028891,0.221681041,0.220854966,0.0536846549572813,0.0008260749999999,True,0.2242788242102786,0.22427884319038918
13,1.1006160157753695,-0.1462702501382302,0.219079978,0.220397218,0.219738598,0.0531433009495145,0.0006586199999999,True,0.2231153593983967,0.22311537812836568
13,1.1006160157753695,-0.142278228619667,0.217780193,0.219480623,0.218630408,0.0526086259277882,0.000850215,True,0.22195308680384365,0.22195310528137785
13,1.1006160157753695,-0.1383020799929781,0.216844733,0.218137794,0.217491263,0.0520618334845628,0.0006465304999999,True,0.22079202494211295,0.2207920431648864
13,1.1006160157753695,-0.1343416796755683,0.21556356,0.217233198,0.216398379,0.0515399312231387,0.000834819,True,0.21963219490542127,0.21963221287107323
13,1.1006160157753695,-0.1303969011368823,0.214600269,0.215908753,0.215254511,0.0509964977421535,0.0006542419999999,True,0.21847361912805052,0.21847363683418447
13,1.1006160157753695,-0.1264676227512655,0.213335049,0.21497538,0.214155215,0.0504769537193278,0.0008201654999999,True,0.21731632351103436,0.2173163409552211
13,1.1006160157753695,-0.1225537231863217,0.212342984,0.213628894,0.212985939,0.0499272555627915,0.000642955,True,0.2161603361940165,0.21616035337378894
13,1.1006160157753695,-0.1186550836547358,0.211053622,0.21270363,0.211878626,0.0494094618915371,0.000825004,True,0.21500568834440134,0.21500570525725532
13,1.1006160157753695,-0.1147715833839391,0.210106565,0.211370985,0.210738775,0.0488792721900216,0.00063221,True,0.2138524129464409,0.21385242958983633
13,1.1006160157753695,-0.110903106363507,0.20879152,0.210451333,0.209621427,0.0483623253603327,0.0008299064999999,True,0.21270054693823154,0.2127005633095912
13,1.1006160157753695,-0.1070495368068706,0.207812517,0.209129745,0.208471131,0.0478330058829376,0.000658614,True,0.2115501300151098,0.21155014611181805
13,1.1006160157753695,-0.1032107602609026,0.206543487,0.208177044,0.207360265,0.0473245950694435,0.0008167785,True,0.2104012051132273,0.2104012209326346
13,1.1006160157753695,-0.0993866646900131,0.205567327,0.206864108,0.206215718,0.0468036106082952,0.0006483904999999,True,0.20925381890004335,0.20925383443945833
13,1.1006160157753695,-0.0955771360339685,0.204268701,0.205913173,0.205090937,0.0462944327191827,0.000822236,True,0.20810802061487205,0.20810803587157026
13,1.1006160157753695,-0.0917820648278535,0.203293322,0.204570805,0.203932063,0.0457727339918229,0.0006387414999999,True,0.20696386423861998,0.20696387920983608
13,1.1006160157753695,-0.088001341752177,0.201999107,0.203654839,0.202826973,0.0452780012120379,0.0008278659999999,True,0.2058214073515996,0.20582142203453005
13,1.1006160157753695,-0.0842348587227023,0.201022219,0.202316474,0.201669347,0.0447626317566595,0.0006471274999999,True,0.20468071166046614,0.20468072605227158
13,1.1006160157753695,-0.0804825099557168,0.199695127,0.201362581,0.200528854,0.0442577745314775,0.000833727,True,0.20354184353001442,0.20354185762781746
13,1.1006160157753695,-0.0767441876105538,0.198749257,0.200025942,0.199387599,0.0437554460610548,0.0006383424999999,True,0.2024048728754461,0.2024048866763349
13,1.1006160157753695,-0.0730197882867593,0.197422021,0.199101681,0.198261851,0.0432627519193574,0.0008398299999999,True,0.2012698753572458,0.2012698888582716
13,1.1006160157753695,-0.0693092086591363,0.196435698,0.197730011,0.197082855,0.0427497439786562,0.0006471565,True,0.20013693128757182,0.20013694448575303
13,1.1006160157753695,-0.0656123476162408,0.195139913,0.196798548,0.19596923,0.0422679904497983,0.0008293174999999,True,0.19900612652043229,0.19900613941274906
13,1.1006160157753695,-0.0619291019683233,0.194145496,0.195457719,0.194801608,0.0417658094885139,0.0006561115,True,0.19787755138574858,0.19787756396915346
13,1.1006160157753695,-0.0582593728494366,0.19284422,0.194516766,0.193680493,0.0412864547715182,0.0008362729999999,True,0.19675130290481227,0.19675131517622593
13,1.1006160157753695,-0.0546030614180801,0.191872831,0.193203349,0.19253809,0.0408008439800584,0.000665259,True,0.19562748374306238,0.19562749569937546
13,1.1006160157753695,-0.0509600699129931,0.190563457,0.19225067,0.191407064,0.0403228993270828,0.0008436065,True,0.1945062028107203,0.19450621444879876
13,1.1006160157753695,-0.0473303026859385,0.189579144,0.190895552,0.190237348,0.0398315671955165,0.0006582039999999,True,0.1933875758700207,0.19338758718670165
13,1.1006160157753695,-0.0437136619886449,0.188259257,0.189962013,0.189110635,0.0393611459659638,0.0008513779999999,True,0.19227172453563182,0.19227173552773527
13,1.1006160157753695,-0.0401100542598752,0.18729249,0.188596026,0.187944258,0.0388771080790966,0.0006517679999999,True,0.19115877852133462,0.1911587891856551
13,1.1006160157753695,-0.0365193859052917,0.185959486,0.187678764,0.186819125,0.0384130238163713,0.0008596389999999,True,0.19004887465762899,0.19004888499095188
13,1.1006160157753695,-0.032941565368642,0.185007371,0.186331591,0.185669481,0.0379417078003207,0.0006621099999999,True,0.18894215785645213,0.18894216785554618
13,1.1006160157753695,-0.0293764989797938,0.183658628,0.185395534,0.184527081,0.0374762434718451,0.000868453,True,0.18783878015792013,0.1878387898195502
13,1.1006160157753695,-0.0258240971526652,0.182718346,0.184064022,0.183391184,0.0370162770494196,0.0006728379999999,True,0.186738902983261,0.18673891230418788
13,1.1006160157753695,-0.0222842702263547,0.181383125,0.183138899,0.182261012,0.0365614476199548,0.0008778869999999,True,0.18564269618686624,0.185642705163855
13,1.1006160157753695,-0.0187569294887574,0.180451803,0.181819838,0.18113582,0.0361114154075092,0.0006840175,True,0.18455033871214305,0.1845503473419656
13,1.1006160157753695,-0.0152419881785839,0.179126857,0.180871174,0.179999016,0.0356595690299702,0.0008721584999999,True,0.18346201924030106,0.18346202751974855
13,1.1006160157753695,-0.0117393574072692,0.178170083,0.179529895,0.178849989,0.0352057551146781,0.0006799059999999,True,0.18237793526378884,0.182377943189671
13,1.1006160157753695,-0.0082489522489218,0.176852309,0.178650151,0.17775123,0.034774513069451,0.0008989209999999,True,0.18129829530356964,0.18129830287273227
13,1.1006160157753695,-0.004770687655536,0.175930676,0.177315247,0.176622961,0.0343344544127085,0.0006922855,True,0.18022331796908916,0.1802233251784154
13,1.1006160157753695,-0.0013044794634911,0.174616825,0.176406802,0.175511813,0.0339038121469979,0.0008949884999999,True,0.17915323258544041,0.1791532394318637
13,1.1006160157753695,0.002149754620816,0.173159225,0.174757931,0.173958578,0.0333063871606536,0.000799353,True,0.17808827979993,0.17808828628044204
13,1.1006160157753695,0.0055920990278188,0.171942781,0.173883489,0.172913135,0.0329072657073374,0.000970354,True,0.17702871063375214,0.1770287167454183
13,1.1006160157753695,0.0090226343391583,0.171053665,0.172585698,0.171819682,0.0324923894544832,0.0007660165,True,0.17597478859326926,0.1759747943332382
13,1.1006160157753695,0.0124414413010295,0.169802981,0.171739877,0.170771429,0.0320971338537005,0.000968448,True,0.17492678867189984,0.1749267940374154
13,1.1006160157753695,0.0158485988500038,0.168940119,0.170438904,0.169689511,0.0316917210425737,0.0007493925,True,0.17388499816381944,0.1738850031522391
13,1.1006160157753695,0.0192441880646798,0.167683537,0.169650375,0.168666956,0.0313109210016233,0.0009834189999999,True,0.17284971562555854,0.17284972023436257
13,1.1006160157753695,0.0226282862610156,0.16684439,0.16837443,0.16760941,0.0309195114310004,0.0007650199999999,True,0.17182125280493887,0.17182125703175244
13,1.1006160157753695,0.0260009709503216,0.16561015,0.167547153,0.166578651,0.0305403851469526,0.0009685014999999,True,0.17079993349988223,0.1707999373424896
13,1.1006160157753695,0.0293623188622794,0.164792353,0.166293312,0.165542832,0.0301617537099568,0.0007504794999999,True,0.1697860938658877,0.16978609732225045
13,1.1006160157753695,0.0327124049875978,0.163577603,0.165487485,0.164532544,0.0297947299758271,0.000954941,True,0.16878008264127303,0.1687800857095535
13,1.1006160157753695,0.036051306462806,0.162747624,0.16425296,0.163500292,0.0294220475790246,0.0007526679999999,True,0.16778225984188563,0.16778226252045908
13,1.1006160157753695,0.0393790967637812,0.16158104,0.163466529,0.162523785,0.0290716501885946,0.0009427444999999,True,0.16679299827793193,0.16679300056541635
13,1.1006160157753695,0.0426958495966959,0.160799633,0.162185701,0.161492667,0.0287039352626707,0.0006930339999999,True,0.16581268206154776,0.16581268395681947
13,1.1006160157753695,0.0460016379367506,0.159647547,0.161416633,0.16053209,0.0283634821782674,0.000884543,True,0.16484170646937357,0.16484170797159342
13,1.1006160157753695,0.0492965330859069,0.158849954,0.160244483,0.159547218,0.0280165271241597,0.0006972645,True,0.16388047767714592,0.16388047878578252
13,1.1006160157753695,0.0525806084930816,0.157519007,0.159300543,0.158409775,0.0276184805855657,0.000890768,True,0.16292941098726277,0.16292941170211125
13,1.1006160157753695,0.0558539340426891,0.156925944,0.158299445,0.157612695,0.0273412407047284,0.0006867504999999,True,0.1619889317072292,0.1619889320284406
13,1.1006160157753695,0.0591165798808106,0.155827934,0.157592713,0.156710323,0.0270290660608604,0.0008823894999999,True,0.16105947310838659,0.1610594730364892
13,1.1006160157753695,0.0623686145296365,0.155088435,0.156442854,0.155765644,0.026704175787049,0.0006772094999999,True,0.1601414759027226,0.16014147543864432
13,1.1006160157753695,0.0656101086575257,0.153998939,0.155749835,0.154874387,0.0263994591245387,0.000875448,True,0.15923538597099227,0.15923538511608698
13,1.1006160157753695,0.0688411294413763,0.153271004,0.15464092,0.153955962,0.0260872831347476,0.0006849579999999,True,0.15834165459511446,0.1583416533511785
13,1.1006160157753695,0.0720617443425207,0.152221132,0.153928093,0.153074613,0.025789455240937,0.0008534804999999,True,0.1574607358799946,0.1574607342492941
13,1.1006160157753695,0.0752720201725821,0.151504057,0.152859245,0.152181651,0.0254894468575592,0.000677594,True,0.15659308535937774,0.15659308334466288
13,1.1006160157753695,0.0784720221772615,0.150493423,0.152224826,0.151359125,0.0252146558584373,0.0008657015,True,0.15573915843385697,0.15573915603838162
13,1.1006160157753695,0.0816618177455778,0.149820415,0.151162806,0.15049161,0.0249264485041106,0.0006711954999999,True,0.15489940744065156,0.15489940466819066
13,1.1006160157753695,0.0848414708619027,0.148849427,0.150541414,0.14969542,0.0246633947701415,0.0008459935,True,0.1540742810623286,0.1540742779171855
13,1.1006160157753695,0.0880110458208675,0.148187748,0.149519299,0.148853524,0.0243867580583912,0.0006657754999999,True,0.15326422114567545,0.15326421763269746
13,1.1006160157753695,0.0943202144957828,0.146642196,0.147964746,0.147303471,0.0238815103283538,0.000661275,True,0.15169102158631212,0.1516910173543922
13,1.1006160157753695,0.100589827901812,0.145152816,0.146432733,0.145792775,0.0233941803102117,0.0006399585,True,0.1501831228162385,0.15018311789133523
13,1.1006160157753695,0.1068203771413198,0.14372355,0.145033649,0.144378599,0.0229425387937506,0.0006550494999999,True,0.14874358257763642,0.14874357698999086
13,1.1006160157753695,0.1130123477775625,0.142359832,0.143666359,0.143013095,0.0225106190894069,0.0006532635,True,0.14737512407652006,0.14737511786041882
13,1.1006160157753695,0.1191662137354975,0.141068822,0.142373423,0.141721122,0.0221057366637544,0.0006523004999999,True,0.14608006575500157,0.1460800589483873
13,1.1006160157753695,0.1252824402495653,0.139859691,0.141163871,0.140511781,0.0217300790045626,0.0006520899999999,True,0.14486025796328023,0.14486025060723365
13,1.1006160157753695,0.1374038006649857,0.137651172,0.138958744,0.138304958,0.0210528708589022,0.000653786,True,0.14265117194122368,0.14265116361881805
13,1.1006160157753695,0.149379991597561,0.135659937,0.137021347,0.136340642,0.0204590987030412,0.0006807049999999,True,0.1407518388448838,0.1407518297407359
13,1.1006160157753695,0.1612144499842185,0.133999185,0.135327055,0.13466312,0.0199587424030479,0.000663935,True,0.13915737134655223,0.1391573616441082
13,1.1006160157753695,0.1729104896286504,0.132510299,0.133905946,0.133208123,0.0195297752693104,0.0006978234999999,True,0.1378549440657575,0.13785493393648002
13,1.1006160157753695,0.184471311913697,0.131332532,0.132746735,0.132039633,0.0191886510563318,0.0007071015,True,0.1368255315945467,0.13682552119020847
13,1.1006160157753695,0.1959000076239273,0.130336977,0.131768448,0.131052712,0.0189028746107561,0.0007157355,True,0.13604601637057118,0.13604600581920762
13,1.1006160157753695,0.2071995627670165,0.129401651,0.13127684,0.130339245,0.0186976157382569,0.0009375944999999,True,0.13549123514601746,0.13549122455112
13,1.1006160157753695,0.2183728632567608,0.128908971,0.130833116,0.129871044,0.0185635268993409,0.0009620724999999,True,0.13513567937629162,0.13513566881831188
13,1.1006160157753695,0.2403517697658423,0.128340447,0.130439099,0.129389773,0.0184261978522253,0.001049326,True,0.13492548455057934,0.13492547423025225
13,1.1006160157753695,0.2618579755556557,0.128358396,0.130736306,0.129547351,0.0184711060609284,0.0011889549999999,True,0.13524110083481033,0.13524109087420938
13,1.1006160157753695,0.2829113845450493,0.12896771,0.131777106,0.130372408,0.0187071316429206,0.0014046979999999,True,0.13594297349774298,0.13594296394326189
14,1.3470225874426425,-0.5695421779351754,0.304820115,0.308784531,0.306802323,0.1267920913946137,0.0019822079999999,True,0.3186874057459339,0.31868744594243253
14,1.3470225874426425,-0.5575659862151424,0.302341823,0.306188376,0.304265099,0.1247036474657242,0.0019232764999999,True,0.3162851074991613,0.3162851473257943
14,1.3470225874426425,-0.5457315296365355,0.29997509,0.303620663,0.301797876,0.1226894546780771,0.0018227865,True,0.31389616231089046,0.3138962017654412
14,1.3470225874426425,-0.5340354892110916,0.297538751,0.301244958,0.299391854,0.1207410192156915,0.0018531035,True,0.31152019991998847,0.3115202390001837
14,1.3470225874426425,-0.5224746661629873,0.295203015,0.298800897,0.297001956,0.1188210804779332,0.0017989409999999,True,0.3091568633563783,0.30915690205988733
14,1.3470225874426425,-0.5110459713740753,0.292797652,0.296293176,0.294545414,0.1168636398424389,0.0017477619999999,True,0.3068058073056678,0.3068058456300982
14,1.3470225874426425,-0.4997464154832974,0.290483231,0.293879066,0.292181148,0.1149950801991533,0.0016979175,True,0.3044666967701047,0.3044667347129959
14,1.3470225874426425,-0.4885731142624798,0.288250831,0.291698431,0.289974631,0.1132647803535592,0.0017237999999999,True,0.3021392089123482,0.30213924647118684
14,1.3470225874426425,-0.4775232790789649,0.285945243,0.289369452,0.287657348,0.1114617410967217,0.0017121045,True,0.29982303166044183,0.29982306883265114
14,1.3470225874426425,-0.4665942079334845,0.283785512,0.287113704,0.285449608,0.1097573922770321,0.001664096,True,0.29751786221469106,0.2975178989976291
14,1.3470225874426425,-0.4557832928065762,0.281896736,0.28458216,0.283239448,0.1080643279330153,0.0013427119999999,True,0.2952234089898589,0.29522344538082146
14,1.3470225874426425,-0.4450880030857145,0.279715511,0.282327976,0.281021743,0.106378711195285,0.0013062325,True,0.2929393886576744,0.2929394246538949
14,1.3470225874426425,-0.4345058931637819,0.27759191,0.280133751,0.278862831,0.1047505090581596,0.0012709204999999,True,0.2906655283834761,0.2906655639821183
14,1.3470225874426425,-0.4240345942455259,0.275456018,0.277993375,0.276724697,0.1031503531999722,0.0012686784999999,True,0.288401564662599,0.28840159986076563
14,1.3470225874426425,-0.4136718066270903,0.27336937,0.27583975,0.27460456,0.1015758271764468,0.0012351899999999,True,0.2861472420816981,0.28614727687641905
14,1.3470225874426425,-0.4034153073858364,0.271266081,0.273672388,0.272469234,0.1000022611229833,0.0012031534999999,True,0.2839023153537221,0.28390234974195844
14,1.3470225874426425,-0.3932629353472398,0.269204738,0.271607475,0.270406106,0.0984935671139837,0.0012013684999999,True,0.28166654646922856,0.2816665804478729
14,1.3470225874426425,-0.3832125989306513,0.267123134,0.26952205,0.268322592,0.0969816032480352,0.001199458,True,0.27943970693465203,0.2794397405005239
14,1.3470225874426425,-0.3732622689780117,0.265133029,0.26747146,0.266302244,0.0955266461408356,0.0011692154999999,True,0.27722157677996523,0.2772216099298049
14,1.3470225874426425,-0.3634099719796457,0.263062308,0.26545152,0.264256914,0.0940648995757874,0.0011946059999999,True,0.2750119435661906,0.27501197629666607
14,1.3470225874426425,-0.3536537964897102,0.261074782,0.263458341,0.262266561,0.0926532635772644,0.0011917794999999,True,0.2728106042560476,0.2728106365637416
14,1.3470225874426425,-0.3439918864544422,0.259058892,0.26143683,0.260247861,0.0912324243356407,0.001188969,True,0.27061736414057586,0.2706173960219951
14,1.3470225874426425,-0.3344224349009327,0.257116245,0.259437537,0.258276891,0.0898557716554328,0.0011606459999999,True,0.2684320358562208,0.26843206730778835
14,1.3470225874426425,-0.3249436918031215,0.25514096,0.25745719,0.256299075,0.0884848574957626,0.0011581149999999,True,0.2662544417137981,0.26625447273184516
14,1.3470225874426425,-0.3155539509229828,0.253230129,0.255492739,0.254361434,0.0871520099781505,0.0011313049999999,True,0.264084411282698,0.26408444186346886
14,1.3470225874426425,-0.30625155774019,0.251283091,0.253541331,0.252412211,0.0858214010702256,0.0011291199999999,True,0.2619217837862955,0.26192181392594266
14,1.3470225874426425,-0.2970349034701991,0.24939272,0.251600296,0.250496508,0.0845236475288578,0.0011037879999999,True,0.25976640726944034,0.2597664369640174
14,1.3470225874426425,-0.2879024193930519,0.247463144,0.249622286,0.248542715,0.0832102744538454,0.001079571,True,0.25761813778106996,0.2576181670265375
14,1.3470225874426425,-0.2788525846901307,0.245583296,0.247739482,0.246661389,0.0819553338507222,0.001078093,True,0.25547684175943036,0.25547687055164403
14,1.3470225874426425,-0.2698839141999656,0.243661698,0.245815136,0.244738417,0.0806824674595115,0.0010767189999999,True,0.2533423937724787,0.25334242210718527
14,1.3470225874426425,-0.2609949662842954,0.241783607,0.243892001,0.242837804,0.0794341901084163,0.0010541969999999,True,0.2512146790661653,0.25121470693900727
14,1.3470225874426425,-0.2521843373992938,0.239902971,0.242009295,0.240956133,0.0782079401905456,0.001053162,True,0.24909359301506007,0.2490936204215624
14,1.3470225874426425,-0.2434506569381855,0.238058535,0.240122287,0.239090411,0.0770015017731496,0.001031876,True,0.24697904060712755,0.24697906754270155
14,1.3470225874426425,-0.2347925937112062,0.236166634,0.238229278,0.237197956,0.0757873571696449,0.001031322,True,0.2448709387353073,0.24487096519524165
14,1.3470225874426425,-0.2262088507980588,0.234305988,0.236367461,0.235336725,0.074602655926915,0.0010307365,True,0.2427692157216992,0.24276924170116018
14,1.3470225874426425,-0.2176981606519918,0.232434536,0.234456907,0.233445722,0.073408562142495,0.0010111854999999,True,0.2406738109341685,0.24067383642819415
14,1.3470225874426425,-0.2092592927687697,0.230588344,0.232610445,0.231599394,0.0722519737702294,0.0010110504999999,True,0.23858467757863328,0.2385847025821262
14,1.3470225874426425,-0.2008910426256933,0.228727113,0.230749144,0.229738128,0.0710953234008602,0.0010110154999999,True,0.23650178097246471,0.23650180548019534
14,1.3470225874426425,-0.1925922393462493,0.226885718,0.228871739,0.227878729,0.0699491522178673,0.0009930105,True,0.23442510149988047,0.23442512550647154
14,1.3470225874426425,-0.1843617409550545,0.224989922,0.226976981,0.225983452,0.0687904507256249,0.0009935294999999,True,0.23235463455231684,0.23235465805225575
14,1.3470225874426425,-0.1761984298564205,0.22314515,0.225133303,0.224139226,0.0676722496319531,0.0009940765,True,0.23029039054099232,0.23029041352861146
14,1.3470225874426425,-0.1681012191717391,0.221277964,0.223267516,0.22227274,0.0665498812022189,0.000994776,True,0.22823239771534562,0.22823242018483159
14,1.3470225874426425,-0.1600690482032375,0.219387256,0.221378533,0.220382894,0.0654230281375648,0.0009956384999999,True,0.22618070235015383,0.22618072429553682
14,1.3470225874426425,-0.1521008781069779,0.217538414,0.219498434,0.218518424,0.0643207348493659,0.0009800099999999,True,0.22413536907886542,0.2241353904940171
14,1.3470225874426425,-0.1441956993149329,0.215661735,0.217624585,0.21664316,0.0632215066945142,0.000981425,True,0.22209648436674656,0.22209650524538133
14,1.3470225874426425,-0.1363525214117164,0.213756175,0.215754453,0.214755314,0.0621244727978495,0.000999139,True,0.22006415560792036,0.22006417594358874
14,1.3470225874426425,-0.1285703805343265,0.211884234,0.213853853,0.212869043,0.0610379436030117,0.0009848095,True,0.21803851483640535,0.21803853462249928
14,1.3470225874426425,-0.1208483351402324,0.20997941,0.211953037,0.210966224,0.0599515944035082,0.0009868135,True,0.21601971955447397,0.2160197387842219
14,1.3470225874426425,-0.1131854619639558,0.20807156,0.210049645,0.209060602,0.0588734208750293,0.0009890425,True,0.21400795370551737,0.2140079723719871
14,1.3470225874426425,-0.1055808632659108,0.206188861,0.208141368,0.207165115,0.0578106868178506,0.0009762534999999,True,0.2120034317505728,0.2120034498466742
14,1.3470225874426425,-0.0980336572043688,0.204267574,0.206256057,0.205261815,0.056753311566441,0.0009942414999999,True,0.21000639848571995,0.21000641600420922
14,1.3470225874426425,-0.0905429850554127,0.202366132,0.204360649,0.20336339,0.0557083664657926,0.0009972585,True,0.2080171334678667,0.2080171504013512
14,1.3470225874426425,-0.0831080072409746,0.200451809,0.202423568,0.201437689,0.0546583275482729,0.0009858794999999,True,0.20603595267986777,0.20603596902081467
14,1.3470225874426425,-0.0757278995278647,0.198522409,0.200501817,0.199512113,0.0536183462108616,0.0009897039999999,True,0.20406321039505484,0.20406322613580083
14,1.3470225874426425,-0.06840185902637,0.196604538,0.198621083,0.19761281,0.0526023402029187,0.0010082725,True,0.2020993038195045,0.20209931895227198
14,1.3470225874426425,-0.0611291003568382,0.194666583,0.196691939,0.195679261,0.0515779975624848,0.001012678,True,0.20014467527171048,0.20014468978861974
14,1.3470225874426425,-0.0539088519780208,0.192734597,0.194769585,0.193752091,0.0505670565466998,0.0010174939999999,True,0.19819981454264568,0.19819982843574271
14,1.3470225874426425,-0.0467403631477182,0.190833604,0.192851086,0.191842345,0.0495751260429924,0.001008741,True,0.1962652642712096,0.19626527753248518
14,1.3470225874426425,-0.03962289497755,0.188904375,0.19096135,0.189932863,0.0485931561571455,0.0010284874999999,True,0.1943416211866017,0.1943416338080262
14,1.3470225874426425,-0.0325557273588056,0.186999847,0.18904173,0.188020789,0.0476196961356988,0.0010209414999999,True,0.19242954175797636,0.1924295537315342
14,1.3470225874426425,-0.0255381553359076,0.185061734,0.187144818,0.186103276,0.0466533586213807,0.0010415419999999,True,0.19052974509396892,0.19052975641170106
14,1.3470225874426425,-0.01856948562799,0.18314216,0.18526729,0.184204725,0.0457063362426182,0.001062565,True,0.1886430159181787,0.18864302657223564
14,1.3470225874426425,-0.0116490434087137,0.18126485,0.183351717,0.182308284,0.0447700608522933,0.0010434334999999,True,0.18677021029515428,0.1867702202778535
14,1.3470225874426425,-0.0047761637328958,0.179345211,0.18150363,0.180424421,0.0438495881591014,0.0010792094999999,True,0.18491225709111425,0.1849122663950078
14,1.3470225874426425,0.0020498017202802,0.176242595,0.178661577,0.177452086,0.0424167213477533,0.0012094909999999,True,0.18307016337832777,0.18307017199628103
14,1.3470225874426425,0.0088294880920531,0.174490773,0.176875981,0.175683377,0.0415753792946931,0.0011926039999999,True,0.18124501677195512,0.18124502469723502
14,1.3470225874426425,0.0155635206525847,0.172766449,0.175093339,0.173929894,0.0407495993186297,0.0011634449999999,True,0.1794379873786322,0.17943799460500562
14,1.3470225874426425,0.022252509177513,0.171013261,0.17333752,0.17217539,0.0399316291398577,0.0011621294999999,True,0.17765033156291846,0.1776503380847626
14,1.3470225874426425,0.0288970512938413,0.169335293,0.171578951,0.170457122,0.0391385904957703,0.001121829,True,0.17588339252730037,0.1758833983397301
14,1.3470225874426425,0.0354977356959036,0.167622944,0.169868315,0.168745629,0.038356585781399,0.0011226854999999,True,0.17413859996633746,0.17413860506533485
14,1.3470225874426425,0.0420551356491103,0.165926965,0.168176302,0.167051634,0.0375903469553138,0.0011246684999999,True,0.17241747107384747,0.17241747545641228
14,1.3470225874426425,0.0485698170376429,0.164298505,0.166473594,0.165386049,0.0368444962136054,0.0010875444999999,True,0.17072160621886168,0.1707216098831674
14,1.3470225874426425,0.0550423319058593,0.162654834,0.16483837,0.163746602,0.0361176488368006,0.001091768,True,0.16905268669701048,0.16905268964256898
14,1.3470225874426425,0.0614732216537221,0.161047549,0.163214911,0.16213123,0.0354085573891667,0.0010836809999999,True,0.16741246791822867,0.1674124701460626
14,1.3470225874426425,0.0678630201118733,0.159474952,0.161628385,0.160551669,0.0347219835828287,0.0010767165,True,0.16580277040523766,0.16580277191805362
14,1.3470225874426425,0.0742122472168885,0.157963107,0.16004996,0.159006534,0.0340568769503425,0.0010434264999999,True,0.164225470692379,0.16422547149474148
14,1.3470225874426425,0.0805214167663605,0.156428452,0.158505516,0.157466984,0.0334005714392891,0.001038532,True,0.16268248601976176,0.16268248611826144
14,1.3470225874426425,0.0867910301317105,0.154952598,0.157022091,0.155987344,0.0327758229533881,0.0010347465,True,0.1611757598060161,0.16117575920941782
14,1.3470225874426425,0.0930215793185577,0.153507567,0.155571778,0.154539673,0.0321702811300222,0.0010321054999999,True,0.15970724202860123,0.15970724074798365
14,1.3470225874426425,0.0992135499151997,0.152121876,0.154183047,0.153152461,0.0315953257937935,0.0010305855,True,0.15827886707646424,0.1582788651253238
14,1.3470225874426425,0.10536741583402,0.150709735,0.152770401,0.151740068,0.0310152600517166,0.0010303329999999,True,0.15689253116033114,0.15689252855465793
14,1.3470225874426425,0.1114836422971916,0.149387308,0.151449682,0.150418495,0.0304773607977085,0.001031187,True,0.155550065828794,0.1555500625871046
14,1.3470225874426425,0.1236050026247699,0.146875594,0.148918106,0.14789685,0.0294640692551107,0.0010212559999999,True,0.1530035849785697,0.15300358053037788
14,1.3470225874426425,0.1355811943448029,0.144517851,0.146547911,0.145532881,0.0285296952000167,0.00101503,True,0.15065174457682945,0.15065173902513856
14,1.3470225874426425,0.1474156517863449,0.142341939,0.144399406,0.143370673,0.0276882511718778,0.0010287335,True,0.1485041181757768,0.14850411163973815
14,1.3470225874426425,0.1591116913488537,0.140354385,0.142414005,0.141384195,0.0269262953440122,0.00102981,True,0.14656684151738444,0.1465668341279011
14,1.3470225874426425,0.1706725135538604,0.138571155,0.140638281,0.139604718,0.0262527661241971,0.001033563,True,0.14484218253483377,0.14484217442908953
14,1.3470225874426425,0.1821012100193871,0.136979797,0.139058807,0.138019302,0.0256598747205893,0.001039505,True,0.14332843943559376,0.14332843075118365
14,1.3470225874426425,0.1934007650766479,0.135570112,0.137664183,0.136617148,0.025141159764516,0.0010470355,True,0.14202017630230424,0.14202016717174148
14,1.3470225874426425,0.204574065482471,0.134332686,0.136488025,0.135410356,0.0246989583602736,0.0010776695,True,0.14090874012052917,0.14090873066674958
14,1.3470225874426425,0.2265529726264607,0.132434602,0.134626147,0.133530375,0.0240178990734293,0.0010957724999999,True,0.13922993982065843,0.1392299300366886
14,1.3470225874426425,0.2480591774742307,0.131069265,0.133823176,0.132446221,0.0236294721917743,0.0013769554999999,True,0.13818621064429235,0.13818620085449815
14,1.3470225874426425,0.2586412866240636,0.13063338,0.133493698,0.132063539,0.0234931223574067,0.001430159,True,0.1378671994646036,0.13786718975872486
14,1.3470225874426425,0.2638906428053031,0.130487642,0.133400907,0.131944274,0.0234507088029202,0.0014566325,True,0.1377523987358792,0.13775238908833123
14,1.3470225874426425,0.2691125863144193,0.130358663,0.133325681,0.131842172,0.0234144292769332,0.0014835089999999,True,0.13766522871342163,0.13766521913336388
14,1.3470225874426425,0.2897318739225731,0.130212122,0.133468588,0.131840355,0.0234137839033901,0.0016282329999999,True,0.13756258055958662,0.13756257131873112
14,1.3470225874426425,0.309934580895799,0.130574221,0.134313404,0.132443813,0.0236286129864099,0.0018695915,True,0.1377885119420788,0.13778850310898982
14,1.3470225874426425,0.3297372085802996,0.13112297,0.135299608,0.133211289,0.0239032492252154,0.0020883189999999,True,0.13826937281024915,0.13826936441346938
14,1.3470225874426425,0.3491552941055031,0.132117613,0.136729247,0.13442343,0.0243402381912794,0.002305817,True,0.13894633724571465,0.13894632928895673
15,1.8480492830084605,-0.6622844773106028,0.297023312,0.305372872,0.301198092,0.1676555680428163,0.00417478,True,0.31901821054443336,0.3190182615803251
15,1.8480492830084605,-0.6369666685991062,0.292885468,0.299646467,0.296265968,0.1622097977164333,0.0033804995,True,0.3147961123305363,0.3147961624046455
15,1.8480492830084605,-0.6122740571616232,0.288957007,0.296710995,0.292834001,0.1584734640621287,0.0038769939999999,True,0.310634711809775,0.3106347609235518
15,1.8480492830084605,-0.5881765048798497,0.285076694,0.292619837,0.288848265,0.1541888875626318,0.0037715714999999,True,0.30653103727944386,0.30653108543383084
15,1.8480492830084605,-0.5646460067996272,0.281293535,0.288635862,0.284964698,0.1500706186090593,0.0036711635,True,0.30248232580679024,0.3024823730022535
15,1.8480492830084605,-0.5416564896542073,0.27758933,0.284740947,0.281165139,0.1460953838095058,0.0035758084999999,True,0.2984860056015574,0.2984860518380688
15,1.8480492830084605,-0.5191836331528048,0.27400245,0.280971802,0.277487126,0.1422981409644751,0.0034846759999999,True,0.29453968065720465,0.29453972593426214
15,1.8480492830084605,-0.4972047258129178,0.270511696,0.277307556,0.273909626,0.1386526385129769,0.0033979299999999,True,0.290641119582164,0.29064116389880046
15,1.8480492830084605,-0.4756985216064107,0.267098784,0.273730054,0.270414419,0.1351366781583837,0.003315635,True,0.28678824357320165,0.28678828692796865
15,1.8480492830084605,-0.4546451118051516,0.263794713,0.270269186,0.267031949,0.1317771163591392,0.0032372364999999,True,0.28297911606073667,0.2829791584517156
15,1.8480492830084605,-0.4340258255670777,0.260400613,0.267036555,0.263718584,0.1285271918884057,0.003317971,True,0.27921193632520913,0.2792119777500056
15,1.8480492830084605,-0.4138231176630439,0.25717921,0.263705059,0.260442135,0.1253533781745182,0.0032629245,True,0.2754850300922732,0.27548507054800797
15,1.8480492830084605,-0.3940204898033505,0.254062129,0.260442059,0.257252094,0.1223013879573956,0.0031899649999999,True,0.2717968457659458,0.27179688524925183
15,1.8480492830084605,-0.3746024048588217,0.25103056,0.257233984,0.254132272,0.1193529580246051,0.003101712,True,0.2681459487219286,0.26814598722894833
15,1.8480492830084605,-0.3555542093392922,0.24799246,0.253062785,0.250527622,0.1159911303865817,0.0025351625,True,0.2645310166016054,0.2645310541279715
15,1.8480492830084605,-0.3368620771991776,0.245014861,0.25097189,0.247993376,0.1136563514099283,0.0029785144999999,True,0.2609508384941423,0.2609508750349761
15,1.8480492830084605,-0.3185129379962272,0.242049506,0.248068047,0.245058777,0.1109823897655313,0.0030092705,True,0.2574043109936782,0.25740434654357935
15,1.8480492830084605,-0.3004944319778933,0.23908845,0.244897368,0.241992909,0.1082228157165781,0.0029044589999999,True,0.2538904391738918,0.2538904737269292
15,1.8480492830084605,-0.2827948557077631,0.236189763,0.241931923,0.239060843,0.1056161766682531,0.0028710799999999,True,0.2504083358114427,0.25040836936113975
15,1.8480492830084605,-0.2654031124926123,0.233277347,0.238958184,0.236117765,0.1030317024635266,0.0028404184999999,True,0.24695722174316634,0.24695725428249288
15,1.8480492830084605,-0.2483086786470912,0.230406693,0.236031014,0.233218854,0.1005173111290454,0.0028121605,True,0.243536429571276,0.24353646109264818
15,1.8480492830084605,-0.2315015611211875,0.227507759,0.233080961,0.23029436,0.0980122034225653,0.0027866009999999,True,0.24014540594039102,0.24014543643565572
15,1.8480492830084605,-0.2149722586947098,0.224604693,0.23013188,0.227368286,0.0955373794114491,0.0027635935,True,0.23678371495875317,0.236783744419187
15,1.8480492830084605,-0.1987117385828237,0.221690621,0.227204674,0.224447648,0.093098710605802,0.0027570264999999,True,0.23345104539092754,0.2334510738072396
15,1.8480492830084605,-0.1827113967716854,0.21875907,0.224263681,0.221511376,0.0906787695444732,0.0027523054999999,True,0.2301472152304855,0.2301472425928191
15,1.8480492830084605,-0.1669630393533707,0.215830357,0.221302904,0.218566631,0.088283850117943,0.0027362734999999,True,0.22687218127982,0.22687220757776874
15,1.8480492830084605,-0.151458853544612,0.212870724,0.218342315,0.215606519,0.0859087350515899,0.0027357954999999,True,0.223626047516801,0.22362607273942536
15,1.8480492830084605,-0.1361913809730923,0.209874433,0.215349327,0.21261188,0.0835388714634898,0.002737447,True,0.22040907494993575,0.22040909908579323
15,1.8480492830084605,-0.1211535031809768,0.20686047,0.212318424,0.209589447,0.0811806215618786,0.002728977,True,0.21722169514219428,0.21722171817938157
15,1.8480492830084605,-0.1063384180930349,0.20384574,0.209364963,0.206605352,0.0788854093691178,0.0027596114999999,True,0.21406452294499162,0.21406454487120918
15,1.8480492830084605,-0.0917396182527931,0.200797863,0.206334131,0.203565997,0.0765815270130099,0.002768134,True,0.2109383706953092,0.21093839149793653
15,1.8480492830084605,-0.0773508814739994,0.197756408,0.203315165,0.200535786,0.0743185654068909,0.0027793784999999,True,0.20784426620445817,0.2078442858706609
15,1.8480492830084605,-0.0631662460711786,0.194688852,0.200299002,0.197493927,0.0720810392482054,0.002805075,True,0.2047834685018693,0.20478348701872717
15,1.8480492830084605,-0.0491800036969872,0.191609531,0.197435535,0.194522533,0.0699283661016103,0.0029130019999999,True,0.20175748815724104,0.20175750551191812
15,1.8480492830084605,-0.0353866822121641,0.188553842,0.194262397,0.191408119,0.0677071072842635,0.0028542775,True,0.19876810588643015,0.19876812206638786
15,1.8480492830084605,-0.0217810297643778,0.18548874,0.191268443,0.188378592,0.065580789652552,0.0028898514999999,True,0.1958173913252519,0.19581740631849653
15,1.8480492830084605,-0.008358010059076,0.182448067,0.188307057,0.185377562,0.0635079188339067,0.002929495,True,0.1929077234566397,0.19290773725203814
15,1.8480492830084605,0.004887217075726,0.177731325,0.183612089,0.180671707,0.0603245157416801,0.002940382,True,0.19004180608986992,0.19004181867751813
15,1.8480492830084605,0.0179592990178662,0.175140743,0.180752542,0.177946643,0.0585184948780286,0.0028058995,True,0.1872226837316482,0.18722269510330564
15,1.8480492830084605,0.0308627032493425,0.172578602,0.178043295,0.175310948,0.056797814507499,0.0027323464999999,True,0.18445375058846103,0.18445376073805725
15,1.8480492830084605,0.0436017293949782,0.169389071,0.174783946,0.172086508,0.0547276994589436,0.0026974374999999,True,0.1817387529518688,0.18173876187607793
15,1.8480492830084605,0.056180511960839,0.167484736,0.172757291,0.170121013,0.0534846882579291,0.0026362775,True,0.17908178441009678,0.1790817921089775
15,1.8480492830084605,0.0808731243206328,0.162298598,0.168518704,0.165408651,0.0505626687179694,0.003110053,True,0.17395992064582666,0.17395992591126597
15,1.8480492830084605,0.1049706756800955,0.157533079,0.163725795,0.160629437,0.0476830276162892,0.003096358,True,0.16912678060090708,0.1691267834915762
15,1.8480492830084605,0.1285011728809057,0.153194268,0.159263952,0.15622911,0.0451063272081972,0.0030348419999999,True,0.1646236696389864,0.1646236702658697
15,1.8480492830084605,0.1514906917651638,0.149426516,0.155163375,0.152294946,0.042863194124366,0.0028684294999999,True,0.16049138622326634,0.16049138475702415
15,1.8480492830084605,0.1739635474071405,0.145761814,0.151444627,0.14860322,0.0408103189181778,0.0028414065,True,0.15676594022047635,0.15676593689168516
15,1.8480492830084605,0.1959424539249678,0.142445189,0.148144713,0.145294951,0.0390134713037001,0.002849762,True,0.15347387554358322,0.1534738706332991
15,1.8480492830084605,0.2174486589535345,0.139564929,0.145292437,0.142428683,0.0374893979132266,0.0028637539999999,True,0.1506283467139213,0.15062834053483148
15,1.8480492830084605,0.2280307685889609,0.138252653,0.144051477,0.141152065,0.0368203591885573,0.002899412,True,0.14937293768678367,0.14937293099377763
15,1.8480492830084605,0.2332801246251547,0.137651894,0.143458718,0.140555306,0.0365096810196697,0.002903412,True,0.14878647071180195,0.14878646379157429
15,1.8480492830084605,0.2385020679669865,0.137083342,0.142898805,0.139991074,0.0362171473015942,0.0029077314999999,True,0.14822711399604882,0.1482271068680212
15,1.8480492830084605,0.259121355764597,0.135010742,0.141005591,0.138008166,0.0351984158318904,0.0029974245,True,0.1462530600620065,0.14625305228801722
15,1.8480492830084605,0.2793240628969014,0.133171848,0.138533949,0.135852899,0.0341076163557745,0.0026810504999999,True,0.1446769484800076,0.14467694032779788
15,1.8480492830084605,0.2991266900151294,0.132036176,0.138402903,0.13521954,0.0337903318544501,0.0031833634999999,True,0.14346145500155033,0.1434614466936258
15,1.8480492830084605,0.3185447757011236,0.131320753,0.137770994,0.134545873,0.0334544820577735,0.0032251204999999,True,0.14256534421234712,0.142565335923892
15,1.8480492830084605,0.337592971220653,0.130702885,0.137837621,0.134270253,0.0333175580523435,0.003567368,True,0.14194696682145747,0.14194695868383786
15,1.8480492830084605,0.3562851040610406,0.130434109,0.137669286,0.134051698,0.0332091827060414,0.0036175885,True,0.1415667234713887,0.141566715578616
15,1.8480492830084605,0.3746342425637181,0.130337384,0.136932123,0.133634754,0.0330029214449931,0.0032973694999999,True,0.14138851267938438,0.14138850509548062
15,1.8480492830084605,0.3926527479067887,0.130333005,0.138856644,0.134594825,0.0334788300617048,0.0042618195,True,0.14138037368003478,0.14138036644594243
15,1.8480492830084605,0.4103523255155987,0.130749056,0.13975812,0.135253588,0.0338073506679275,0.004504532,True,0.14151458153060836,0.14151457467009382
15,1.8480492830084605,0.4616456194387577,0.133910375,0.139419166,0.13666477,0.0345164957672455,0.0027543955,True,0.14255172880136785,0.14255172309706005
